-- phpMyAdmin SQL Dump
-- version 4.9.1
-- https://www.phpmyadmin.net/
--
-- Host: localhost
-- Generation Time: Nov 16, 2019 at 03:38 PM
-- Server version: 10.4.8-MariaDB
-- PHP Version: 7.3.10

SET SQL_MODE = "NO_AUTO_VALUE_ON_ZERO";
SET AUTOCOMMIT = 0;
START TRANSACTION;
SET time_zone = "+00:00";


/*!40101 SET @OLD_CHARACTER_SET_CLIENT=@@CHARACTER_SET_CLIENT */;
/*!40101 SET @OLD_CHARACTER_SET_RESULTS=@@CHARACTER_SET_RESULTS */;
/*!40101 SET @OLD_COLLATION_CONNECTION=@@COLLATION_CONNECTION */;
/*!40101 SET NAMES utf8mb4 */;

--
-- Database: `CS6400_TEAM056`
--

-- --------------------------------------------------------

--
-- Table structure for table `Business_Customer`
--

CREATE TABLE `Business_Customer` (
  `tax_identification_number` varchar(10) NOT NULL,
  `business_name` varchar(75) NOT NULL,
  `primary_contact_first_name` varchar(25) NOT NULL,
  `primary_contact_last_name` varchar(40) NOT NULL,
  `primary_contact_title` varchar(25) DEFAULT NULL,
  `customer_id` int(30) UNSIGNED NOT NULL
) ENGINE=InnoDB DEFAULT CHARSET=utf8mb4;

--
-- Dumping data for table `Business_Customer`
--

INSERT INTO `Business_Customer` (`tax_identification_number`, `business_name`, `primary_contact_first_name`, `primary_contact_last_name`, `primary_contact_title`, `customer_id`) VALUES
('00-6186900', 'Labdrill', 'Olive', 'Kiel', 'Manager L3', 66),
('05-9801151', 'Lexiqvolax', 'Keneth', 'Pinilla', 'Researcher M5', 75),
('07-6167527', 'Bioplex', 'Lavera', 'Angalich', 'Director R4', 83),
('08-9519988', 'Hatfan', 'Maurine', 'Briddick', 'Associate Manager M8', 4),
('09-2477131', 'year-job', 'Jerry', 'Darakjy', 'Scientist L2', 195),
('10-1885341', 'Betatech', 'Lai', 'Shin', 'Senior Scientist R1', 134),
('12-2459515', 'Nam-zim', 'Lonny', 'Marrier', 'SalesRep M9', 127),
('12-8194115', 'Hottechi', 'Katina', 'Layous', 'Scientist M9', 198),
('14-5502053', 'J-Texon', 'Terrilyn', 'Ketelsen', 'Senior Scientist M1', 165),
('15-6515230', 'Yearin', 'Taryn', 'Slayton', 'SalesRep L5', 121),
('17-8311836', 'Warephase', 'Raymon', 'Wenner', 'Researcher M4', 143),
('18-6868850', 'Sunnamplex', 'Lavonda', 'Juvera', 'Director R8', 13),
('21-0607602', 'Ron-tech', 'Blair', 'Sawchuk', 'Senior Manager M4', 177),
('25-2484659', 'Groovestreet', 'Paz', 'Blunk', 'Senior Director R8', 63),
('25-8509075', 'Zencorporation', 'Eun', 'Bolognia', 'Senior Director M3', 54),
('26-0493429', 'Silis', 'Kanisha', 'Rowling', 'Director M3', 199),
('27-2108866', 'Toughzap', 'Ettie', 'Shin', 'Senior Director R8', 148),
('30-0060314', 'Funholding', 'Dean', 'Fredicks', 'SalesRep M5', 80),
('33-3122572', 'Blackzim', 'Dominque', 'Venere', 'Senior Scientist M9', 32),
('34-4111553', 'Labdrill', 'Alease', 'Regusters', 'Researcher L3', 174),
('34-9450658', 'Finhigh', 'Mollie', 'Nestle', 'Senior Manager R8', 104),
('35-0728111', 'Fasehatice', 'Chantell', 'Kulzer', 'Director R7', 181),
('37-0917926', 'Statholdings', 'Frederica', 'Lietz', 'Senior Director L4', 69),
('38-0990951', 'Lexiqvolax', 'Carmela', 'Scipione', 'Fellow R7', 189),
('39-7861291', 'Plexzap', 'Carey', 'Mconnell', 'Associate Director L4', 11),
('41-5753983', 'Xx-zobam', 'Vilma', 'Bartolet', 'Senior Director R9', 100),
('43-0143820', 'Plussunin', 'Tresa', 'Liukko', 'Associate Fellow R3', 194),
('43-4733948', 'Goodsilron', 'Lai', 'Storment', 'Associate Manager M7', 173),
('53-2746024', 'Warephase', 'Hoa', 'Varriano', 'Associate Director M1', 136),
('53-5128822', 'Iselectrics', 'Emerson', 'Mirafuentes', 'Associate Fellow M2', 30),
('60-8943972', 'Iselectrics', 'Golda', 'Raymo', 'Senior Director L2', 89),
('66-0947691', 'Zotware', 'Eladia', 'Castros', 'Senior Director M5', 24),
('68-0050695', 'Donware', 'Markus', 'Bruschke', 'SalesRep R2', 122),
('73-9308544', 'Cancity', 'Irma', 'Monarrez', 'Manager R8', 53),
('75-4600214', 'Ron-tech', 'Ilene', 'Fishburne', 'Scientist R1', 67),
('75-7314641', 'Openlane', 'France', 'Gleich', 'Manager R3', 131),
('80-2924796', 'J-Texon', 'Twana', 'Rulapaugh', 'Researcher R5', 151),
('86-3689576', 'Green-Plus', 'Kristel', 'Gato', 'Associate Director M3', 90),
('88-2511678', 'Inity', 'Olive', 'Lueckenbach', 'Director R4', 116),
('94-0706896', 'Mathtouch', 'Valentine', 'Kulzer', 'Senior Manager M1', 92),
('97-4309225', 'Bioplex', 'Janine', 'Baltimore', 'Senior Manager L2', 186);

-- --------------------------------------------------------

--
-- Table structure for table `Checked_In_By`
--

CREATE TABLE `Checked_In_By` (
  `inventory_staff_id` int(5) UNSIGNED NOT NULL,
  `vin` varchar(20) NOT NULL
) ENGINE=InnoDB DEFAULT CHARSET=utf8mb4;

--
-- Dumping data for table `Checked_In_By`
--

INSERT INTO `Checked_In_By` (`inventory_staff_id`, `vin`) VALUES
(1, '0OE58G1RATR240921'),
(1, '17HGBSZJRPL452058'),
(1, '1NVXI5JXG3Q330243'),
(1, '2MHCSVAPEB8589057'),
(1, '30TKOS7OOZE898754'),
(1, '3UZC10YHEMA746460'),
(1, '47WYW4D65K1598826'),
(1, '4G1Z11HOQ3P797692'),
(1, '4PQ5C344WM2161232'),
(1, '4TSP05XM3T7777863'),
(1, '4YXU2TN1NJU843634'),
(1, '8CQ1LP4Q6N2279150'),
(1, 'AHCTXZIUNLT990408'),
(1, 'AXEV4VONGOV055454'),
(1, 'GYGIT50D08O204994'),
(1, 'N7UGS5V1OX0015212'),
(1, 'NSMNR56SEOU091726'),
(1, 'O046TR5LOK8867896'),
(1, 'P7JYBE6FM26738497'),
(1, 'Q1HYKIDXI01152504'),
(1, 'Q1JHCKXK6DM600820'),
(1, 'QAQB3WCYJNT227228'),
(1, 'QI0DMNKRDZJ539897'),
(1, 'QX26HKQMAEQ650690'),
(1, 'UY0J2ZE2WC4929234'),
(1, 'X3SCPDYFXR1281696'),
(2, '13AVT0QCFFF714899'),
(2, '1RYAWHVZXTT082005'),
(2, '1SW1IVG7FRC996431'),
(2, '31WBMVJRBOT808956'),
(2, '3DGXA813LBG126575'),
(2, '3DKKMGIZ7YP000949'),
(2, '3LQVMGKNRTE915571'),
(2, '5N8JUSLD214397601'),
(2, '761PGMYLX0T843950'),
(2, '7UNLIZIDGDO334562'),
(2, 'FQQN4F0Y2Y4911016'),
(2, 'G40AQJDVI68882229'),
(2, 'HFGE5WGL31N736304'),
(2, 'R5CKHASBUY3271404'),
(2, 'RIZTDYYGYS8802889'),
(2, 'UP0JDPVZOV5301907'),
(2, 'UVZX51MOHHZ350304'),
(2, 'VGDTPF85FW3798103'),
(2, 'VLB5X8345HA615648'),
(2, 'VX5ONWMXOWC092241'),
(2, 'XNXLS5I71MA658964'),
(2, 'XX30JUKVDJS500158'),
(2, 'YB15CELIOAD030337'),
(3, '1TY0OZ6776O551065'),
(3, '35F4JXSH0HA820194'),
(3, '3ZQSQH7KCWX963150'),
(3, '618DR7M1L2G015076'),
(3, '75JPSZY0BUP284256'),
(3, '8QC0CE5XB6N801356'),
(3, '8T3FRD4XLHS244610'),
(3, 'B6DYAUVZOLO290932'),
(3, 'C3FOQPRK48B009537'),
(3, 'C4KG3DGR3ED999849'),
(3, 'EBDPUOZW0UW750384'),
(3, 'FC5IOH7WXUG049482'),
(3, 'GIKGHMM5MB3457530'),
(3, 'HRDP63I3VLX490165'),
(3, 'KGXXM02N16Y917081'),
(3, 'MAMDBMJQE5N094237'),
(3, 'NVCHGAN36U0977013'),
(3, 'OENGRAALQH3524656'),
(3, 'OOXPL1JMKRX336822'),
(3, 'QYJ40J7KB2A426113'),
(3, 'T2QRUXJS5OY889240'),
(3, 'TZH8DUDP40V550854'),
(3, 'W0VVANUKDUY874182'),
(3, 'YQPUSK3G3TY698091'),
(3, 'YRAKHFEO0D1858938'),
(3, 'ZYJSI0PV1BK763098'),
(4, '1TYZPWJUY8S534217'),
(4, '22IBT631ZQB560111'),
(4, '2A8QZNBMXTP305324'),
(4, '5JK48AIE01F557082'),
(4, '635UCNTTHIF575495'),
(4, '7O8R4N0I445396787'),
(4, 'B8SSPH58WRS521686'),
(4, 'CN7453KYD25674641'),
(4, 'CZIU7B73Q86955353'),
(4, 'DEOLOLBLB64628851'),
(4, 'FF386522UXW088260'),
(4, 'FH3BO3MF7F8943017'),
(4, 'GX7M6O4V208624783'),
(4, 'HQC4QIGI5R0047396'),
(4, 'HRKE60F31H6918971'),
(4, 'K3E2NL0ALH6201724'),
(4, 'KY0VD426W8P596125'),
(4, 'O6FN2LHJYJP625193'),
(4, 'W237VB7JQCR328314'),
(4, 'YHFU6N5VAEV603765'),
(5, '0T5ZIYO5EKW808246'),
(5, '1H36B25NJNN984344'),
(5, '3LMQEJ637DV562400'),
(5, '8DD32HTIZXL090058'),
(5, 'A1NMYTKAQVI515298'),
(5, 'A4YNNJNA3YO795177'),
(5, 'AC4ZIL5XS7B075565'),
(5, 'CB7NB6TBLMD840841'),
(5, 'EUQV3A4A7F3196095'),
(5, 'FZ1HFZ585WR955503'),
(5, 'H0NTC0VHQRA123485'),
(5, 'J5JOI16OKT3791181'),
(5, 'KGZT23UL65F408436'),
(5, 'KIYLR1R5Q58616843'),
(5, 'KZS5B30QSTV993892'),
(5, 'NTLNBNESY0F523188'),
(5, 'O4YTYHUUGAY861024'),
(5, 'OEZQ7C5Q4IU531061'),
(5, 'OWWSKLAS7QX817356'),
(5, 'QS3WIP530WT059941'),
(5, 'SB0II3RK4J8108311'),
(5, 'TEMYOH4852J438131'),
(5, 'UE0HIIE583S680065'),
(5, 'UQHSQ06Y242436882'),
(5, 'VP0U4FNOL1Q272112'),
(5, 'XVHDHEYM76N276701'),
(6, '5KP0CNPH5CW303661'),
(6, '6AHSK5ZQ35S410112'),
(6, '6D300ABH65P725391'),
(6, '7E5LCY5NETS057532'),
(6, '8HVXXFQ4M58279132'),
(6, 'A2YAQD6KDWM503404'),
(6, 'C15HS5VBR7W535537'),
(6, 'CKP0OYNPTQV900997'),
(6, 'KFWC2DGXLXB344224'),
(6, 'M8D0UVAUJWA611757'),
(6, 'NC0WM0W6U38530017'),
(6, 'OA2AULLS70C156569'),
(6, 'PHRGFZ1JX1M009627'),
(6, 'TD41PRPBYNQ799837'),
(6, 'V0CS6FK0F2L619952'),
(6, 'W0568WGO5WJ438874'),
(6, 'XZ0ZPNB3K0B900136'),
(7, '0S57SUJ4IC1640897'),
(7, '2P0M0KIT617709587'),
(7, '5HIL3GKIIB7639416'),
(7, '5R18GDSB3CM032341'),
(7, '73MVKB63GMJ964569'),
(7, 'BKMITEBY1EN848184'),
(7, 'D4G0CTZMD2X930012'),
(7, 'EEC7DB0AVX8841803'),
(7, 'EYJA4KTGDYQ015061'),
(7, 'FLFOADSEVDJ743887'),
(7, 'KUQE1AIER17796884'),
(7, 'MNUX8DKOOQR070763'),
(7, 'OYSBYKKMW7W431727'),
(7, 'OZLYJHS882G443726'),
(7, 'PC2PIB7R435527094'),
(7, 'RQUC5JRABDA463084'),
(7, 'UFU8XLWSHBR469828'),
(7, 'VYTVYSIRWI8110696'),
(7, 'Y1DN8H2LGE6552424'),
(7, 'Z7SSR7QXU3H868079'),
(8, '0O3JJPHBUAP199412'),
(8, '14AFTWPBMU2455340'),
(8, '24PJSOHL7AV555541'),
(8, '60BMLFB8XK5792806'),
(8, '8KJNJ10WXLA842695'),
(8, '8XV8E2COQQ0978402'),
(8, 'AB8O6IWO8YG995749'),
(8, 'CO7U820ZYJ5637259'),
(8, 'E4BX1OSN5TZ951910'),
(8, 'EBZZN84J0L1163524'),
(8, 'G11UA2D181O142111'),
(8, 'HKABMRUAW8E433308'),
(8, 'LLDC1OCSTQ1651823'),
(8, 'NIVJT1I8VH1312956'),
(8, 'OLSEKFK5ZQ6130350'),
(8, 'PXZGV28A8KN434243'),
(8, 'R2WXKMHKPXO142205'),
(8, 'T8VKW8BVR4S799169'),
(8, 'UDI7LAGS7QL483060'),
(8, 'VFRZ3NRGP3T720592'),
(8, 'W65LU27EIAI574094'),
(9, '0JF8RY7F203586325'),
(9, '16VZ2D5K2UA224265'),
(9, '1PHWGTVKSC5888281'),
(9, '53WEVPX7H4X102116'),
(9, '5A12HXO5U8T698581'),
(9, '5A77A0KQT4Q738091'),
(9, '6KWLNKZW7TB480162'),
(9, '6RQECM8EO3O323457'),
(9, '88KRF6X46P3045996'),
(9, 'A7LI8UIU28Q222693'),
(9, 'AEDKYKWVSR5009618'),
(9, 'AJW0OF78HVS865152'),
(9, 'B0VBO26AVSF452216'),
(9, 'BIUHHJZSI4O016585'),
(9, 'DBX6KOCPLNA744149'),
(9, 'DFXSGTSKZHC186737'),
(9, 'DU400SRFFTR031554'),
(9, 'EFWM866BVP1512173'),
(9, 'GLJRT76OYH0767251'),
(9, 'HF61EINCEKB377113'),
(9, 'I6UOSGEAZM7972498'),
(9, 'K0JT3JN6GHR755604'),
(9, 'M6J2KWLLUKW587077'),
(9, 'NC50WA1NW00659248'),
(9, 'NLS6KSCMBLK635055'),
(9, 'PA2KWUOB26B493992'),
(9, 'PFWLPE5OM20960896'),
(9, 'PT0IZH2QSM5433241'),
(9, 'RY17GJBS8P0724570'),
(9, 'S2HCFMZWQJY869785'),
(9, 'UUWQM04TSAR411514'),
(9, 'V0Y7R3VOND6385099'),
(9, 'XJZQEGWAV7Q033418'),
(9, 'Y7PCLTMP75Q590198'),
(9, 'YCFLSZ2LT1K972631'),
(9, 'YUSPPHQSZAJ981823'),
(9, 'ZHWDPEKYMVO700411'),
(10, '5GJZF82LII6385235'),
(10, '8SL0YJUFMTV627191'),
(10, 'ABCX0O07N6F519334'),
(10, 'AGIIPKOGTOH069031'),
(10, 'F4N3GC225MT163583'),
(10, 'JJJCTN8VPQ2786297'),
(10, 'N6FVBAYEJGB798051'),
(10, 'VBBOZZ22420324583'),
(10, 'XZ0NAXD65PB590052'),
(10, 'ZIOUZCIZ0X5709697'),
(10, 'ZXLGMAQXH21862670'),
(11, '1P4CYBF55BZ319515'),
(11, '2JJYDSM8ONT301410'),
(11, '5HJ7JGARQY7410384'),
(11, '8O3HA3XCMF8542802'),
(11, 'F2Q618FX05Z072513'),
(11, 'G05OT6PRY0O583244'),
(11, 'GIOLVCOW6FP335188'),
(11, 'HE08QS6227G217277'),
(11, 'HIAW0SH7XKK539730'),
(11, 'JQWZHRE1QQC616191'),
(11, 'KU7WAYY7WVW387657'),
(11, 'MML51CMHAQ5564453'),
(11, 'MQRWSH8TDSA328716'),
(11, 'N75ES1SYYPY249965'),
(11, 'O5TDAJX7MJE979632'),
(11, 'RKZ4SH0SHZI670624'),
(11, 'RM7H44T3Y51383174'),
(11, 'SYZI0ZHYVNY547468'),
(11, 'V4JVFR4YRS7140562'),
(12, '014YJPHOCI4928433'),
(12, '34LPXEKDI4K738049'),
(12, '37HKK6A8BK4624844'),
(12, '3TOSZKDPVLP927027'),
(12, '46B8UPAQCVW796829'),
(12, '68OADH2QPOS933812'),
(12, '6U7HLHZK3GP057957'),
(12, '7QIC6ZYHPQP552709'),
(12, '8ER23OFXZ1E916228'),
(12, '8OU7JH0IJU6315337'),
(12, 'C5V8FLVFK1H700605'),
(12, 'CLEGAGVNX62265577'),
(12, 'DF6PFCH0AEX087065'),
(12, 'ELXTVDBEOKI657593'),
(12, 'F1IB3FDW7VP443571'),
(12, 'GH7NQUAAD1Z939191'),
(12, 'GYAJMGYERH5049742'),
(12, 'J2E2YCGES38415781'),
(12, 'MNBU50BFAWY569945'),
(12, 'MSCYTFN5DLQ797580'),
(12, 'N7ZMWGACVJJ344732'),
(12, 'ND31ETCB3XK917122'),
(12, 'O05A7ND5MR4856060'),
(12, 'S4JI8BAZK6A762603'),
(12, 'S8IG7CS13D3171231'),
(12, 'U0IW6RMXF3E643006'),
(12, 'U18BDQFC4ZV145556'),
(12, 'V8TT1Z53XJ3351609'),
(12, 'YKDLFUYBDYA762942'),
(12, 'YT768PDJ0NU591276'),
(12, 'ZWW7VOTXOEE355574'),
(13, '1IXFVT6SR0P763165'),
(13, '2IFG4587RJD359460'),
(13, '4MXLVV84A6C633165'),
(13, '6DBY3C036JZ509895'),
(13, '8SJQHUYKEFC732678'),
(13, '8X5CIATJ07I167727'),
(13, 'AZJAEE6WIG0491218'),
(13, 'ESYSVDN5WUF888037'),
(13, 'G0OMKKQI3ON337813'),
(13, 'GG7T8HJFVBJ354520'),
(13, 'H8V4P7W7UDF905029'),
(13, 'HHZ4SJBSKCM132962'),
(13, 'N5W5FFXWBXO904639'),
(13, 'O3PWGTDH5TE469369'),
(13, 'O8HL8X6RF5B065063'),
(13, 'OLXWF14ZOUL948008'),
(13, 'ONCCSRDH8DG971376'),
(13, 'OTU0G7AR2Y1800976'),
(13, 'S125FSF82QY167812'),
(13, 'UHTZCO50NI6402584'),
(13, 'W7BJ0WMT3F1988589'),
(13, 'X6PGCLX142L353015'),
(13, 'YOIOCT8QVK8729970');

-- --------------------------------------------------------

--
-- Table structure for table `Color`
--

CREATE TABLE `Color` (
  `vehicle_color` varchar(20) NOT NULL
) ENGINE=InnoDB DEFAULT CHARSET=utf8mb4;

--
-- Dumping data for table `Color`
--

INSERT INTO `Color` (`vehicle_color`) VALUES
('Aluminum'),
('Beige'),
('Black'),
('Blue'),
('Bronze'),
('Brown'),
('Claret'),
('Copper'),
('Cream'),
('Gold'),
('Gray'),
('Green'),
('Maroon'),
('Metallic'),
('Navy'),
('Orange'),
('Pink'),
('Purple'),
('Red'),
('Rose'),
('Rust'),
('Silver'),
('Tan'),
('Turquoise'),
('White'),
('Yellow');

-- --------------------------------------------------------

--
-- Table structure for table `Customer`
--

CREATE TABLE `Customer` (
  `customer_id` int(30) UNSIGNED NOT NULL,
  `street` varchar(125) NOT NULL,
  `city` varchar(50) NOT NULL,
  `state` varchar(30) NOT NULL,
  `postal_code` varchar(10) NOT NULL,
  `phone_number` varchar(45) NOT NULL,
  `email_address` varchar(50) NOT NULL
) ENGINE=InnoDB DEFAULT CHARSET=utf8mb4;

--
-- Dumping data for table `Customer`
--

INSERT INTO `Customer` (`customer_id`, `street`, `city`, `state`, `postal_code`, `phone_number`, `email_address`) VALUES
(1, '438 4-street', 'Riverside', 'TX', '71675', '213399946', 'tmconnell@zumgoity.com'),
(2, '9246 12-street', 'Corpus Christi', 'KY', '96337', '9596403978', 'dsetter@zumgoity.com'),
(3, '1895 11-street', 'Fort Worth', 'TX', '54411', '1020207641', 'oostrosky@faxquote.com'),
(4, '3646 6-street', 'Richmond', 'CA', '14113', '583472854', 'gleinenbach@betasoloin.com'),
(5, '2241 9-street', 'St. Paul', 'OH', '9779', '663692676', 'kfarrow@gogozoom.com'),
(6, '5664 8-street', 'Chula Vista', 'IN', '78950', '6382790302', 'vharoldson@rantouch.com'),
(7, '2904 21-street', 'Memphis', 'TN', '41308', '8502719603', 'nperez@blackzim.com'),
(9, '2680 7-street', 'Baltimore', 'OK', '83300', '706470748', 'yfelger@groovestreet.com'),
(10, '1604 1-street', 'Omaha', 'NC', '3539', '2738568375', 'tlinahan@labdrill.com'),
(11, '4826 21-street', 'Baltimore', 'OK', '48572', '6799503633', 'xscheyer@warephase.com'),
(12, '1514 19-street', 'Kansas City', 'AZ', '88085', '798518431', 'csama@bioholding.com'),
(13, '8045 10-street', 'Memphis', 'TN', '26029', '4943302000', 'nboord@betatech.com'),
(14, '5135 21-street', 'Los Angeles', 'CA', '16330', '1107569648', ''),
(15, '9824 9-street', 'Wichita', 'TX', '12236', '5575984000', ''),
(16, '5437 3-street', 'Irving', 'AZ', '89091', '1187497771', 'cstoltzman@rundofase.com'),
(17, '6810 18-street', 'Indianapolis', 'IN', '13749', '8468971957', 'eschieler@blackzim.com'),
(18, '5214 17-street', 'St. Louis', 'CA', '66315', '4856335522', 'rdelasancha@stanredtax.com'),
(19, '5345 16-street', 'Reno', 'VA', '79485', '9919665090', 'mcentini@singletechno.com'),
(20, '7154 12-street', 'Irving', 'AZ', '52295', '769118612', 'svillanueva@lexiqvolax.com'),
(22, '5887 16-street', 'Mesa', 'VA', '78558', '4693228016', 'ahidvegi@scotfind.com'),
(24, '6556 12-street', 'Oakland', 'MN', '27258', '8269013055', 'emauson@konmatfix.com'),
(25, '6008 14-street', 'Honolulu', 'CO', '96626', '1587263688', 'bsaylors@codehow.com'),
(28, '8884 9-street', 'Sacramento', 'CA', '56712', '1680591543', 'dperin@doncon.com'),
(29, '226 14-street', 'Tucson', 'CA', '80383', '728931740', 'amorocco@stanredtax.com'),
(30, '8251 15-street', 'Arlington', 'LA', '83488', '4265505072', 'ckolmetz@warephase.com'),
(31, '6402 7-street', 'Irvine', 'NC', '16724', '3915729799', 'jglick@goodsilron.com'),
(32, '8743 3-street', 'Albuquerque', 'AZ', '57095', '3347958726', ''),
(33, '3583 21-street', 'Houston', 'TX', '61159', '7397974944', 'akusko@zencorporation.com'),
(34, '9675 2-street', 'Jersey City', 'CA', '70105', '5341057929', 'tregusters@ganjaflex.com'),
(35, '6792 5-street', 'Jacksonville', 'FL', '71766', '5858632305', 'ebaltimore@singletechno.com'),
(36, '350 5-street', 'Colorado Springs', 'NE', '8954', '3539684893', 'lhalter@openlane.com'),
(37, '1818 21-street', 'Toledo', 'NC', '99681', '5418414705', 'cbilden@groovestreet.com'),
(38, '3125 20-street', 'Los Angeles', 'CA', '22227', '9823444337', ''),
(39, '1130 3-street', 'Baltimore', 'OK', '28902', '9680830274', 'hwaymire@newex.com'),
(40, '3171 20-street', 'Nashville-Davidson', 'MD', '86587', '6762288681', 'jwitten@toughzap.com'),
(41, '4203 19-street', 'Los Angeles', 'CA', '95231', '1579571338', 'mharoldson@sumace.com'),
(42, '9893 13-street', 'Madison', 'TX', '95139', '6254507435', 'lpawlowicz@gogozoom.com'),
(43, '7282 17-street', 'Plano', 'NV', '12480', '8862184577', 'vparvis@opentech.com'),
(44, '5943 8-street', 'Wichita', 'TX', '29847', '8250500917', 'jmunis@gogozoom.com'),
(45, '1325 8-street', 'Pittsburgh', 'AK', '7950', '9401878033', 'srantanen@scotfind.com'),
(46, '7754 16-street', 'Charlotte', 'NC', '89983', '9353320487', 'ijayson@cancity.com'),
(47, '3809 16-street', 'Phoenix', 'AZ', '74338', '7379855992', 'bsawchuk@rantouch.com'),
(48, '2645 19-street', 'Irving', 'AZ', '88362', '9274858043', 'mrulapaugh@plusstrip.com'),
(49, '5462 20-street', 'Denver', 'CO', '59180', '1675218251', 'llinahan@finjob.com'),
(50, '9349 13-street', 'Reno', 'VA', '3955', '9991476373', 'lgillaspie@zencorporation.com'),
(51, '3155 3-street', 'Las Vegas', 'WI', '9573', '5654051915', 'kbourbon@scotfind.com'),
(52, '5376 2-street', 'Arlington', 'LA', '78037', '1387530559', 'faquas@scottech.com'),
(53, '142 16-street', 'Los Angeles', 'CA', '70143', '692888034', 'dkaniecki@funholding.com'),
(54, '5737 4-street', 'Boston', 'TN', '73659', '9621955506', 'asweigard@kinnamplus.com'),
(55, '63 19-street', 'Orlando', 'FL', '68407', '1577607406', ''),
(56, '7300 15-street', 'Las Vegas', 'WI', '43670', '1433348157', 'ttreston@zencorporation.com'),
(57, '2910 16-street', 'Fort Worth', 'TX', '68619', '6411017442', 'mbutt@plexzap.com'),
(58, '3968 4-street', 'Newark', 'TX', '26131', '389051409', 'eluczki@hatfan.com'),
(59, '5861 16-street', 'Kansas City', 'AZ', '24586', '4246621714', 'scloney@konmatfix.com'),
(60, '703 20-street', 'Fort Worth', 'TX', '58757', '9481709095', ''),
(61, '4454 14-street', 'Buffalo', 'NJ', '98345', '3331922115', 'dsarao@golddex.com'),
(62, '3726 8-street', 'Baltimore', 'OK', '33994', '1678547402', 'nschemmer@zencorporation.com'),
(63, '4833 11-street', 'Austin', 'TX', '2720', '8606030011', 'rblackwood@y-corporation.com'),
(64, '6460 1-street', 'Cleveland', 'KS', '19106', '1526819272', 'scolla@golddex.com'),
(65, '237 5-street', 'St. Louis', 'CA', '43201', '7577634102', 'tbachman@konex.com'),
(66, '7367 5-street', 'Minneapolis', 'OK', '78814', '6422597429', 'epalaspas@stanredtax.com'),
(67, '439 15-street', 'Bakersfield', 'FL', '32198', '1320896761', 'rgato@bioholding.com'),
(68, '9534 1-street', 'Glendale', 'TX', '71607', '7150655947', ''),
(69, '1018 7-street', 'Newark', 'TX', '25874', '5133181891', 'apoullion@year-job.com'),
(70, '1228 6-street', 'Hialeah', 'NV', '21726', '4902392607', 'kkippley@stanredtax.com'),
(71, '3096 19-street', 'Baton Rouge', 'TX', '62255', '1374181394', 'smaybury@bioplex.com'),
(72, '3397 3-street', 'Denver', 'CO', '91136', '7180122511', 'sisaacs@goodsilron.com'),
(73, '4691 12-street', 'Minneapolis', 'OK', '93225', '8985019834', 'qcantres@lexiqvolax.com'),
(74, '7044 16-street', 'Dallas', 'TX', '53850', '3908583441', 'hherritt@dalttechnology.com'),
(75, '8053 17-street', 'Louisville/Jefferson County', 'OR', '2696', '3355458676', 'jostrosky@nam-zim.com'),
(76, '6175 17-street', 'Jacksonville', 'FL', '13791', '9396666663', 'ezurcher@bioplex.com'),
(77, '200 18-street', 'Lincoln', 'NY', '65794', '3761032673', 'jbiddy@iselectrics.com'),
(78, '6150 17-street', 'Norfolk', 'NC', '3321', '3317859541', 'cbenimadho@newex.com'),
(79, '5092 20-street', 'Tulsa', 'OH', '36477', '1859590014', 'cgibes@dontechi.com'),
(80, '7072 11-street', 'Baltimore', 'OK', '84488', '5739448186', ''),
(81, '3367 4-street', 'Madison', 'TX', '13950', '4584955666', 'rskulski@sonron.com'),
(83, '779 9-street', 'Philadelphia', 'PA', '84874', '6462559964', ''),
(84, '8193 8-street', 'San Antonio', 'TX', '82276', '6978835268', 'mlother@newex.com'),
(85, '3899 6-street', 'Boise City', 'VA', '23115', '368278690', 'amaybury@finhigh.com'),
(86, '4666 10-street', 'Boston', 'TN', '61462', '9509224748', 'lshinko@plussunin.com'),
(87, '7582 7-street', 'Fort Wayne', 'FL', '97639', '6850141056', 'lferencz@streethex.com'),
(88, '7535 13-street', 'New Orleans', 'CA', '21560', '1574497569', 'jfortino@finjob.com'),
(89, '8257 14-street', 'Norfolk', 'NC', '96993', '1326205709', ''),
(90, '2499 14-street', 'Lubbock', 'CA', '56789', '5557050884', 'cfoller@ron-tech.com'),
(91, '8314 17-street', 'San Diego', 'CA', '36912', '2668369293', 'lsturiale@kan-code.com'),
(92, '2797 5-street', 'El Paso', 'TX', '45787', '9953808583', 'lhaufler@zathunicon.com'),
(94, '6534 7-street', 'Columbus', 'OH', '28691', '1974184430', 'bmunns@codehow.com'),
(96, '2749 6-street', 'Charlotte', 'NC', '98482', '6222810837', 'donofrio@warephase.com'),
(97, '9440 21-street', 'Kansas City', 'AZ', '77943', '6104682939', 'ereitler@zotware.com'),
(98, '7350 8-street', 'Portland', 'NV', '32773', '6288898018', 'amaile@conecom.com'),
(99, '5310 19-street', 'Cincinnati', 'MN', '83089', '1252295282', 'yturinetti@j-texon.com'),
(100, '564 7-street', 'Phoenix', 'AZ', '30761', '7702201434', 'alorens@zencorporation.com'),
(101, '1013 15-street', 'Chula Vista', 'IN', '16752', '505368401', 'dferencz@konex.com'),
(102, '2985 14-street', 'Los Angeles', 'CA', '87682', '9248918714', 'pmartabano@doncon.com'),
(103, '5202 20-street', 'Fort Worth', 'TX', '91740', '2702089410', 'lrantanen@plusstrip.com'),
(104, '9526 8-street', 'Anchorage', 'CA', '9544', '2216937687', 'bfrey@goodsilron.com'),
(105, '4372 9-street', 'Louisville/Jefferson County', 'OR', '37836', '7820684242', 'cwhobrey@lexiqvolax.com'),
(107, '5274 2-street', 'New York', 'NY', '5501', '5466289697', 'nsemidey@blackzim.com'),
(108, '7876 13-street', 'Anchorage', 'CA', '60946', '5571476773', 'hauffrey@domzoom.com'),
(109, '9418 11-street', 'St. Paul', 'OH', '24370', '4456308450', ''),
(110, '8575 14-street', 'Austin', 'TX', '30398', '4267282394', 'anunlee@zencorporation.com'),
(111, '4250 21-street', 'Virginia Beach', 'GA', '70041', '3841718234', 'aogg@dalttechnology.com'),
(113, '2852 9-street', 'Reno', 'VA', '59227', '9796761201', 'dgalam@lexiqvolax.com'),
(114, '3433 21-street', 'Jersey City', 'CA', '97554', '2533720672', 'lahle@goodsilron.com'),
(115, '3758 3-street', 'Houston', 'TX', '93403', '5139591614', 'cgoldammer@silis.com'),
(116, '7730 4-street', 'Tampa', 'HI', '19012', '5588339447', 'lbevelacqua@konmatfix.com'),
(117, '3394 11-street', 'Virginia Beach', 'GA', '21078', '3963308236', 'sgiguere@finjob.com'),
(118, '1719 20-street', 'Oklahoma City', 'KY', '10898', '9425991853', 'ahughey@dambase.com'),
(119, '4019 5-street', 'Aurora', 'CA', '53539', '4940003129', 'mmalvin@funholding.com'),
(120, '914 20-street', 'San Antonio', 'TX', '68448', '4406850849', 'dengelberg@rantouch.com'),
(121, '840 4-street', 'Oakland', 'MN', '18815', '3845738997', 'dyglesias@silis.com'),
(122, '9564 6-street', 'San Diego', 'CA', '14868', '4190403055', 'kehmann@newex.com'),
(123, '1517 19-street', 'Aurora', 'CA', '90814', '6537557901', 'ttjepkema@treequote.com'),
(124, '8050 11-street', 'Henderson', 'NE', '94296', '8315356658', 'ntoelkes@iselectrics.com'),
(125, '1513 7-street', 'Jersey City', 'CA', '40956', '970699009', ''),
(126, '6043 6-street', 'Dallas', 'TX', '21023', '1448914508', 'awildfong@gogozoom.com'),
(127, '2802 21-street', 'North Las Vegas', 'CA', '82749', '1267381896', 'jlindall@kinnamplus.com'),
(129, '3460 15-street', 'Chicago', 'IL', '61708', '4915233597', 'scomnick@streethex.com'),
(130, '4940 2-street', 'Anaheim', 'CA', '79483', '5596686485', 'jkoppinger@bioplex.com'),
(131, '8458 18-street', 'Nashville-Davidson', 'MD', '64729', '2122687338', 'tbartolet@xx-holding.com'),
(132, '66 10-street', 'Buffalo', 'NJ', '53863', '577651801', 'mengelberg@iselectrics.com'),
(133, '2359 5-street', 'Oklahoma City', 'KY', '68456', '5788081288', 'wbreland@konmatfix.com'),
(134, '6078 4-street', 'Anchorage', 'CA', '89677', '718891515', 'tperin@blackzim.com'),
(135, '7156 12-street', 'Plano', 'NV', '90870', '720363016', 'abitsuie@xx-zobam.com'),
(136, '7687 5-street', 'Atlanta', 'CO', '18500', '3963753798', 'lehmann@dontechi.com'),
(137, '9582 11-street', 'Seattle', 'WA', '96264', '7732242202', 'ejuhas@warephase.com'),
(138, '1138 17-street', 'St. Petersburg', 'AZ', '99882', '4303290648', 'ykonopacki@plusstrip.com'),
(139, '2150 20-street', 'San Francisco', 'CA', '69842', '7269642762', 'ebarfield@betasoloin.com'),
(140, '7175 16-street', 'Cincinnati', 'MN', '17189', '2977557657', 'tfrerking@plexzap.com'),
(142, '3334 8-street', 'Austin', 'TX', '72284', '5201367484', 'tfunnell@zoomit.com'),
(143, '6729 13-street', 'Henderson', 'NE', '7428', '618710071', 'arentfro@domzoom.com'),
(144, '4707 11-street', 'Houston', 'TX', '64299', '1174233938', 'lberlanga@rundofase.com'),
(145, '8691 9-street', 'Indianapolis', 'IN', '6705', '9963348430', 'afillingim@kan-code.com'),
(146, '3638 10-street', 'Houston', 'TX', '87596', '1353591607', 'cacey@nam-zim.com'),
(147, '3860 16-street', 'Stockton', 'OH', '70202', '6663567812', 'dhoneywell@blackzim.com'),
(148, '4630 14-street', 'Charlotte', 'NC', '91338', '2765842516', 'ltegarden@scotfind.com'),
(150, '9964 12-street', 'New York', 'NY', '2933', '8937050319', 'rmaynerich@zumgoity.com'),
(151, '8540 3-street', 'Anaheim', 'CA', '89578', '1295867444', 'fschemmer@toughzap.com'),
(153, '8986 21-street', 'Lexington-Fayette', 'PA', '51079', '1835704448', 'tbartolet@isdom.com'),
(155, '4048 6-street', 'Anchorage', 'CA', '59966', '9682655552', 'nwiklund@plexzap.com'),
(156, '5969 13-street', 'Buffalo', 'NJ', '66988', '4754848228', 'jgotter@dontechi.com'),
(157, '1196 18-street', 'Wichita', 'TX', '27818', '7771651721', 'chellickson@donware.com'),
(158, '6938 7-street', 'Albuquerque', 'AZ', '92207', '3232843344', 'khalter@betatech.com'),
(159, '5496 3-street', 'Denver', 'CO', '6934', '7239819567', 'ddilello@rantouch.com'),
(160, '9685 2-street', 'Boston', 'TN', '22976', '7988113075', 'jfigeroa@faxquote.com'),
(161, '609 14-street', 'Omaha', 'NC', '98545', '9460075046', 'klace@finjob.com'),
(162, '1838 2-street', 'Mesa', 'VA', '21902', '9161351894', 'jpinilla@openlane.com'),
(163, '8634 11-street', 'San Francisco', 'CA', '98229', '5896714927', 'ltomasulo@blackzim.com'),
(164, '9597 6-street', 'Garland', 'FL', '23856', '8898240201', 'jdemesa@scottech.com'),
(165, '6663 6-street', 'Chesapeake', 'AZ', '52537', '3660329475', 'ivanheusen@condax.com'),
(166, '9723 1-street', 'Chandler', 'TX', '94525', '2413273945', 'cpadilla@codehow.com'),
(167, '3224 16-street', 'Sacramento', 'CA', '24724', '8799619111', 'chollack@zoomit.com'),
(168, '5573 7-street', 'Bakersfield', 'FL', '54549', '9342834158', 'mdilello@openlane.com'),
(169, '8102 19-street', 'Los Angeles', 'CA', '14989', '247749496', 'lrhoden@golddex.com'),
(170, '9146 8-street', 'Oklahoma City', 'KY', '78936', '8740455825', 'ydegroot@stanredtax.com'),
(171, '419 6-street', 'Columbus', 'OH', '7051', '5318388770', 'ekines@donware.com'),
(172, '712 19-street', 'Houston', 'TX', '4775', '1455563822', 'svinning@domzoom.com'),
(173, '8485 9-street', 'Fort Worth', 'TX', '38021', '6670173598', 'earedondo@scottech.com'),
(174, '3597 2-street', 'Fort Worth', 'TX', '16909', '3880267245', 'hauffrey@sunnamplex.com'),
(175, '648 12-street', 'North Las Vegas', 'CA', '54125', '6744378134', 'hmontezuma@donware.com'),
(176, '8904 1-street', 'Honolulu', 'CO', '22824', '4935277297', 'bgellinger@green-plus.com'),
(177, '5697 4-street', 'Lexington-Fayette', 'PA', '64481', '1352389656', ''),
(178, '9976 5-street', 'St. Louis', 'CA', '79384', '1088081648', 'fhoopengardner@bioholding.com'),
(179, '9483 7-street', 'Anchorage', 'CA', '68807', '2294596620', 'titurbide@rangreen.com'),
(180, '9737 7-street', 'Seattle', 'WA', '12926', '1529913151', 'bonofrio@scotfind.com'),
(181, '5872 2-street', 'Santa Ana', 'MO', '63822', '4968436811', 'ibrucato@stanredtax.com'),
(182, '793 8-street', 'New York', 'NY', '99051', '3742674013', 'jfern@bioplex.com'),
(183, '5398 12-street', 'Lubbock', 'CA', '18344', '2563801437', ''),
(184, '5810 1-street', 'Greensboro', 'NJ', '23981', '6582231709', 'lhoffis@singletechno.com'),
(185, '4911 3-street', 'Chula Vista', 'IN', '14642', '2439635928', 'apinilla@ron-tech.com'),
(186, '6657 14-street', 'Dallas', 'TX', '44760', '6460745453', 'estockham@y-corporation.com'),
(188, '4724 9-street', 'San Antonio', 'TX', '55709', '1420558885', 'lcantres@warephase.com'),
(189, '8359 17-street', 'Colorado Springs', 'NE', '37713', '1325956157', 'dbrucato@plexzap.com'),
(190, '8284 1-street', 'Tucson', 'CA', '49195', '4752675684', 'xgochal@donquadtech.com'),
(191, '2222 16-street', 'Laredo', 'VA', '30353', '3162047860', 'ablackwood@rundofase.com'),
(192, '3244 1-street', 'Plano', 'NV', '60791', '6430223893', 'cleto@ontomedia.com'),
(193, '1647 15-street', 'Columbus', 'OH', '43421', '9376377708', 'kblunk@warephase.com'),
(194, '7817 19-street', 'Memphis', 'TN', '6064', '4869498938', 'gcomnick@conecom.com'),
(195, '1297 8-street', 'Raleigh', 'FL', '54202', '527694166', 'dmiro@rundofase.com'),
(196, '8665 18-street', 'Detroit', 'MI', '89762', '838636926', ''),
(197, '4876 9-street', 'Lexington-Fayette', 'PA', '27546', '675048928', 'kgudroe@plussunin.com'),
(198, '9593 5-street', 'Philadelphia', 'PA', '14670', '9935571206', 'lkeener@betasoloin.com'),
(199, '7260 3-street', 'Sacramento', 'CA', '45101', '1382305220', 'hcaiafa@codehow.com'),
(200, '9510 18-street', 'Long Beach', 'MO', '9794', '5753398951', 'ndilliard@hottechi.com');

-- --------------------------------------------------------

--
-- Table structure for table `Has_Color`
--

CREATE TABLE `Has_Color` (
  `vehicle_color` varchar(20) NOT NULL,
  `vin` varchar(20) NOT NULL
) ENGINE=InnoDB DEFAULT CHARSET=utf8mb4;

--
-- Dumping data for table `Has_Color`
--

INSERT INTO `Has_Color` (`vehicle_color`, `vin`) VALUES
('Aluminum', '0S57SUJ4IC1640897'),
('Aluminum', '1H36B25NJNN984344'),
('Aluminum', '3DKKMGIZ7YP000949'),
('Aluminum', '3TOSZKDPVLP927027'),
('Aluminum', 'E4BX1OSN5TZ951910'),
('Aluminum', 'ESYSVDN5WUF888037'),
('Aluminum', 'FZ1HFZ585WR955503'),
('Aluminum', 'J5JOI16OKT3791181'),
('Aluminum', 'OA2AULLS70C156569'),
('Aluminum', 'TZH8DUDP40V550854'),
('Aluminum', 'V0Y7R3VOND6385099'),
('Aluminum', 'YB15CELIOAD030337'),
('Beige', '6DBY3C036JZ509895'),
('Beige', '88KRF6X46P3045996'),
('Beige', 'AJW0OF78HVS865152'),
('Beige', 'CKP0OYNPTQV900997'),
('Beige', 'E4BX1OSN5TZ951910'),
('Beige', 'EFWM866BVP1512173'),
('Beige', 'HRDP63I3VLX490165'),
('Beige', 'TD41PRPBYNQ799837'),
('Beige', 'VBBOZZ22420324583'),
('Beige', 'ZHWDPEKYMVO700411'),
('Black', '1SW1IVG7FRC996431'),
('Black', '30TKOS7OOZE898754'),
('Black', '46B8UPAQCVW796829'),
('Black', '8OU7JH0IJU6315337'),
('Black', '8QC0CE5XB6N801356'),
('Black', 'ABCX0O07N6F519334'),
('Black', 'HHZ4SJBSKCM132962'),
('Black', 'N75ES1SYYPY249965'),
('Black', 'PXZGV28A8KN434243'),
('Black', 'U0IW6RMXF3E643006'),
('Black', 'VX5ONWMXOWC092241'),
('Black', 'Y1DN8H2LGE6552424'),
('Black', 'ZHWDPEKYMVO700411'),
('Blue', '6KWLNKZW7TB480162'),
('Blue', '8SJQHUYKEFC732678'),
('Blue', 'DU400SRFFTR031554'),
('Blue', 'MNUX8DKOOQR070763'),
('Blue', 'NC50WA1NW00659248'),
('Blue', 'O5TDAJX7MJE979632'),
('Blue', 'OZLYJHS882G443726'),
('Blue', 'RM7H44T3Y51383174'),
('Blue', 'TEMYOH4852J438131'),
('Blue', 'UE0HIIE583S680065'),
('Blue', 'UY0J2ZE2WC4929234'),
('Blue', 'V0CS6FK0F2L619952'),
('Bronze', '17HGBSZJRPL452058'),
('Bronze', '1IXFVT6SR0P763165'),
('Bronze', '1TYZPWJUY8S534217'),
('Bronze', '2JJYDSM8ONT301410'),
('Bronze', '5N8JUSLD214397601'),
('Bronze', '6AHSK5ZQ35S410112'),
('Bronze', 'MAMDBMJQE5N094237'),
('Bronze', 'N7ZMWGACVJJ344732'),
('Bronze', 'O6FN2LHJYJP625193'),
('Bronze', 'O8HL8X6RF5B065063'),
('Bronze', 'RQUC5JRABDA463084'),
('Bronze', 'YCFLSZ2LT1K972631'),
('Bronze', 'YT768PDJ0NU591276'),
('Bronze', 'YUSPPHQSZAJ981823'),
('Brown', '0OE58G1RATR240921'),
('Brown', '2P0M0KIT617709587'),
('Brown', '34LPXEKDI4K738049'),
('Brown', '5R18GDSB3CM032341'),
('Brown', '635UCNTTHIF575495'),
('Brown', '8CQ1LP4Q6N2279150'),
('Brown', 'D4G0CTZMD2X930012'),
('Brown', 'DU400SRFFTR031554'),
('Brown', 'EYJA4KTGDYQ015061'),
('Brown', 'G40AQJDVI68882229'),
('Brown', 'GG7T8HJFVBJ354520'),
('Brown', 'GYAJMGYERH5049742'),
('Brown', 'HE08QS6227G217277'),
('Brown', 'PHRGFZ1JX1M009627'),
('Brown', 'SB0II3RK4J8108311'),
('Claret', '22IBT631ZQB560111'),
('Claret', '2MHCSVAPEB8589057'),
('Claret', '35F4JXSH0HA820194'),
('Claret', '5HIL3GKIIB7639416'),
('Claret', '73MVKB63GMJ964569'),
('Claret', '8HVXXFQ4M58279132'),
('Claret', 'B0VBO26AVSF452216'),
('Claret', 'BIUHHJZSI4O016585'),
('Claret', 'MNBU50BFAWY569945'),
('Claret', 'O046TR5LOK8867896'),
('Claret', 'QS3WIP530WT059941'),
('Claret', 'VYTVYSIRWI8110696'),
('Claret', 'ZXLGMAQXH21862670'),
('Copper', '14AFTWPBMU2455340'),
('Copper', '30TKOS7OOZE898754'),
('Copper', '5KP0CNPH5CW303661'),
('Copper', '761PGMYLX0T843950'),
('Copper', '7QIC6ZYHPQP552709'),
('Copper', 'AC4ZIL5XS7B075565'),
('Copper', 'B6DYAUVZOLO290932'),
('Copper', 'BKMITEBY1EN848184'),
('Copper', 'FC5IOH7WXUG049482'),
('Copper', 'HKABMRUAW8E433308'),
('Copper', 'KFWC2DGXLXB344224'),
('Copper', 'NIVJT1I8VH1312956'),
('Copper', 'XVHDHEYM76N276701'),
('Copper', 'XZ0NAXD65PB590052'),
('Cream', '0O3JJPHBUAP199412'),
('Cream', '618DR7M1L2G015076'),
('Cream', 'AXEV4VONGOV055454'),
('Cream', 'CLEGAGVNX62265577'),
('Cream', 'DBX6KOCPLNA744149'),
('Cream', 'DEOLOLBLB64628851'),
('Cream', 'EBDPUOZW0UW750384'),
('Cream', 'FQQN4F0Y2Y4911016'),
('Cream', 'GX7M6O4V208624783'),
('Cream', 'HF61EINCEKB377113'),
('Cream', 'VGDTPF85FW3798103'),
('Gold', '2P0M0KIT617709587'),
('Gold', '3DGXA813LBG126575'),
('Gold', '47WYW4D65K1598826'),
('Gold', '5GJZF82LII6385235'),
('Gold', '60BMLFB8XK5792806'),
('Gold', '68OADH2QPOS933812'),
('Gold', '8DD32HTIZXL090058'),
('Gold', '8SL0YJUFMTV627191'),
('Gold', 'F2Q618FX05Z072513'),
('Gold', 'FC5IOH7WXUG049482'),
('Gold', 'G11UA2D181O142111'),
('Gold', 'H8V4P7W7UDF905029'),
('Gold', 'MML51CMHAQ5564453'),
('Gold', 'N5W5FFXWBXO904639'),
('Gold', 'OLXWF14ZOUL948008'),
('Gold', 'P7JYBE6FM26738497'),
('Gold', 'T8VKW8BVR4S799169'),
('Gold', 'UQHSQ06Y242436882'),
('Gray', '3LMQEJ637DV562400'),
('Gray', 'LLDC1OCSTQ1651823'),
('Gray', 'MNBU50BFAWY569945'),
('Gray', 'NC0WM0W6U38530017'),
('Gray', 'NSMNR56SEOU091726'),
('Gray', 'O4YTYHUUGAY861024'),
('Gray', 'XJZQEGWAV7Q033418'),
('Gray', 'YCFLSZ2LT1K972631'),
('Green', '0T5ZIYO5EKW808246'),
('Green', '5A12HXO5U8T698581'),
('Green', '8CQ1LP4Q6N2279150'),
('Green', 'AHCTXZIUNLT990408'),
('Green', 'EEC7DB0AVX8841803'),
('Green', 'ELXTVDBEOKI657593'),
('Green', 'GIOLVCOW6FP335188'),
('Green', 'P7JYBE6FM26738497'),
('Green', 'PFWLPE5OM20960896'),
('Green', 'T2QRUXJS5OY889240'),
('Green', 'V4JVFR4YRS7140562'),
('Green', 'W0568WGO5WJ438874'),
('Green', 'YKDLFUYBDYA762942'),
('Maroon', '1SW1IVG7FRC996431'),
('Maroon', '2IFG4587RJD359460'),
('Maroon', '5A77A0KQT4Q738091'),
('Maroon', '5HJ7JGARQY7410384'),
('Maroon', 'AXEV4VONGOV055454'),
('Maroon', 'B8SSPH58WRS521686'),
('Maroon', 'DF6PFCH0AEX087065'),
('Maroon', 'DFXSGTSKZHC186737'),
('Maroon', 'KU7WAYY7WVW387657'),
('Maroon', 'KUQE1AIER17796884'),
('Maroon', 'OTU0G7AR2Y1800976'),
('Maroon', 'TZH8DUDP40V550854'),
('Maroon', 'U18BDQFC4ZV145556'),
('Maroon', 'VLB5X8345HA615648'),
('Maroon', 'W65LU27EIAI574094'),
('Maroon', 'YQPUSK3G3TY698091'),
('Metallic', '13AVT0QCFFF714899'),
('Metallic', '5JK48AIE01F557082'),
('Metallic', 'A2YAQD6KDWM503404'),
('Metallic', 'C5V8FLVFK1H700605'),
('Metallic', 'DEOLOLBLB64628851'),
('Metallic', 'FC5IOH7WXUG049482'),
('Metallic', 'FF386522UXW088260'),
('Metallic', 'GIKGHMM5MB3457530'),
('Metallic', 'HFGE5WGL31N736304'),
('Metallic', 'K0JT3JN6GHR755604'),
('Metallic', 'KIYLR1R5Q58616843'),
('Metallic', 'O3PWGTDH5TE469369'),
('Metallic', 'OWWSKLAS7QX817356'),
('Metallic', 'PXZGV28A8KN434243'),
('Navy', '16VZ2D5K2UA224265'),
('Navy', '6RQECM8EO3O323457'),
('Navy', 'CLEGAGVNX62265577'),
('Navy', 'GG7T8HJFVBJ354520'),
('Navy', 'GLJRT76OYH0767251'),
('Navy', 'KZS5B30QSTV993892'),
('Navy', 'PA2KWUOB26B493992'),
('Navy', 'RKZ4SH0SHZI670624'),
('Navy', 'V8TT1Z53XJ3351609'),
('Navy', 'X3SCPDYFXR1281696'),
('Orange', '1P4CYBF55BZ319515'),
('Orange', '37HKK6A8BK4624844'),
('Orange', '4YXU2TN1NJU843634'),
('Orange', '8X5CIATJ07I167727'),
('Orange', 'CN7453KYD25674641'),
('Orange', 'HE08QS6227G217277'),
('Orange', 'NLS6KSCMBLK635055'),
('Orange', 'OENGRAALQH3524656'),
('Orange', 'ONCCSRDH8DG971376'),
('Orange', 'OYSBYKKMW7W431727'),
('Orange', 'Q1JHCKXK6DM600820'),
('Orange', 'QI0DMNKRDZJ539897'),
('Orange', 'S2HCFMZWQJY869785'),
('Orange', 'VFRZ3NRGP3T720592'),
('Orange', 'VP0U4FNOL1Q272112'),
('Pink', '1TY0OZ6776O551065'),
('Pink', '53WEVPX7H4X102116'),
('Pink', '88KRF6X46P3045996'),
('Pink', 'ND31ETCB3XK917122'),
('Pink', 'NTLNBNESY0F523188'),
('Pink', 'QI0DMNKRDZJ539897'),
('Pink', 'RY17GJBS8P0724570'),
('Pink', 'W7BJ0WMT3F1988589'),
('Purple', '31WBMVJRBOT808956'),
('Purple', '3ZQSQH7KCWX963150'),
('Purple', '4G1Z11HOQ3P797692'),
('Purple', '635UCNTTHIF575495'),
('Purple', '6D300ABH65P725391'),
('Purple', '7E5LCY5NETS057532'),
('Purple', '7O8R4N0I445396787'),
('Purple', '7UNLIZIDGDO334562'),
('Purple', 'DU400SRFFTR031554'),
('Purple', 'E4BX1OSN5TZ951910'),
('Purple', 'F1IB3FDW7VP443571'),
('Purple', 'F4N3GC225MT163583'),
('Purple', 'FF386522UXW088260'),
('Purple', 'HQC4QIGI5R0047396'),
('Purple', 'K3E2NL0ALH6201724'),
('Purple', 'M8D0UVAUJWA611757'),
('Purple', 'OEZQ7C5Q4IU531061'),
('Purple', 'OLSEKFK5ZQ6130350'),
('Purple', 'S8IG7CS13D3171231'),
('Purple', 'UDI7LAGS7QL483060'),
('Red', '75JPSZY0BUP284256'),
('Red', '8ER23OFXZ1E916228'),
('Red', 'A7LI8UIU28Q222693'),
('Red', 'AEDKYKWVSR5009618'),
('Red', 'C3FOQPRK48B009537'),
('Red', 'EUQV3A4A7F3196095'),
('Red', 'GYGIT50D08O204994'),
('Red', 'HIAW0SH7XKK539730'),
('Red', 'HKABMRUAW8E433308'),
('Red', 'I6UOSGEAZM7972498'),
('Red', 'JQWZHRE1QQC616191'),
('Red', 'PT0IZH2QSM5433241'),
('Red', 'SYZI0ZHYVNY547468'),
('Red', 'UY0J2ZE2WC4929234'),
('Red', 'XNXLS5I71MA658964'),
('Rose', '6U7HLHZK3GP057957'),
('Rose', '75JPSZY0BUP284256'),
('Rose', 'MQRWSH8TDSA328716'),
('Rose', 'QYJ40J7KB2A426113'),
('Rose', 'RKZ4SH0SHZI670624'),
('Rose', 'Y7PCLTMP75Q590198'),
('Rose', 'YOIOCT8QVK8729970'),
('Rust', '0JF8RY7F203586325'),
('Rust', '1NVXI5JXG3Q330243'),
('Rust', '3UZC10YHEMA746460'),
('Rust', '4TSP05XM3T7777863'),
('Rust', 'AB8O6IWO8YG995749'),
('Rust', 'CO7U820ZYJ5637259'),
('Rust', 'GG7T8HJFVBJ354520'),
('Rust', 'GH7NQUAAD1Z939191'),
('Rust', 'JJJCTN8VPQ2786297'),
('Rust', 'OOXPL1JMKRX336822'),
('Rust', 'TEMYOH4852J438131'),
('Rust', 'TZH8DUDP40V550854'),
('Rust', 'UP0JDPVZOV5301907'),
('Rust', 'ZYJSI0PV1BK763098'),
('Silver', '24PJSOHL7AV555541'),
('Silver', '2A8QZNBMXTP305324'),
('Silver', '4MXLVV84A6C633165'),
('Silver', '8CQ1LP4Q6N2279150'),
('Silver', '8KJNJ10WXLA842695'),
('Silver', '8O3HA3XCMF8542802'),
('Silver', 'DEOLOLBLB64628851'),
('Silver', 'FH3BO3MF7F8943017'),
('Silver', 'H0NTC0VHQRA123485'),
('Silver', 'MSCYTFN5DLQ797580'),
('Silver', 'N7UGS5V1OX0015212'),
('Silver', 'OTU0G7AR2Y1800976'),
('Silver', 'Q1HYKIDXI01152504'),
('Silver', 'QX26HKQMAEQ650690'),
('Silver', 'UFU8XLWSHBR469828'),
('Silver', 'UHTZCO50NI6402584'),
('Silver', 'W0VVANUKDUY874182'),
('Silver', 'W237VB7JQCR328314'),
('Silver', 'YRAKHFEO0D1858938'),
('Silver', 'Z7SSR7QXU3H868079'),
('Silver', 'ZIOUZCIZ0X5709697'),
('Tan', '2A8QZNBMXTP305324'),
('Tan', '2MHCSVAPEB8589057'),
('Tan', '3LQVMGKNRTE915571'),
('Tan', 'A1NMYTKAQVI515298'),
('Tan', 'A4YNNJNA3YO795177'),
('Tan', 'CZIU7B73Q86955353'),
('Tan', 'EBZZN84J0L1163524'),
('Tan', 'HRKE60F31H6918971'),
('Tan', 'J2E2YCGES38415781'),
('Tan', 'KGXXM02N16Y917081'),
('Tan', 'N6FVBAYEJGB798051'),
('Tan', 'OTU0G7AR2Y1800976'),
('Tan', 'S4JI8BAZK6A762603'),
('Tan', 'XX30JUKVDJS500158'),
('Turquoise', 'C3FOQPRK48B009537'),
('Turquoise', 'C4KG3DGR3ED999849'),
('Turquoise', 'CB7NB6TBLMD840841'),
('Turquoise', 'FLFOADSEVDJ743887'),
('Turquoise', 'NVCHGAN36U0977013'),
('Turquoise', 'QAQB3WCYJNT227228'),
('Turquoise', 'QX26HKQMAEQ650690'),
('Turquoise', 'R2WXKMHKPXO142205'),
('Turquoise', 'RIZTDYYGYS8802889'),
('Turquoise', 'UVZX51MOHHZ350304'),
('Turquoise', 'XZ0ZPNB3K0B900136'),
('Turquoise', 'ZWW7VOTXOEE355574'),
('White', '014YJPHOCI4928433'),
('White', '8XV8E2COQQ0978402'),
('White', 'AGIIPKOGTOH069031'),
('White', 'AZJAEE6WIG0491218'),
('White', 'C15HS5VBR7W535537'),
('White', 'O05A7ND5MR4856060'),
('White', 'QI0DMNKRDZJ539897'),
('White', 'R5CKHASBUY3271404'),
('White', 'S125FSF82QY167812'),
('White', 'X6PGCLX142L353015'),
('White', 'YCFLSZ2LT1K972631'),
('White', 'YHFU6N5VAEV603765'),
('Yellow', '1PHWGTVKSC5888281'),
('Yellow', '1RYAWHVZXTT082005'),
('Yellow', '3TOSZKDPVLP927027'),
('Yellow', '4PQ5C344WM2161232'),
('Yellow', '8T3FRD4XLHS244610'),
('Yellow', 'G05OT6PRY0O583244'),
('Yellow', 'G0OMKKQI3ON337813'),
('Yellow', 'HRKE60F31H6918971'),
('Yellow', 'KFWC2DGXLXB344224'),
('Yellow', 'KGZT23UL65F408436'),
('Yellow', 'KY0VD426W8P596125'),
('Yellow', 'M6J2KWLLUKW587077'),
('Yellow', 'O6FN2LHJYJP625193'),
('Yellow', 'PC2PIB7R435527094'),
('Yellow', 'PXZGV28A8KN434243'),
('Yellow', 'UUWQM04TSAR411514');

-- --------------------------------------------------------

--
-- Table structure for table `Has_Type`
--

CREATE TABLE `Has_Type` (
  `vehicle_type_name` varchar(40) NOT NULL,
  `vin` varchar(20) NOT NULL
) ENGINE=InnoDB DEFAULT CHARSET=utf8mb4;

--
-- Dumping data for table `Has_Type`
--

INSERT INTO `Has_Type` (`vehicle_type_name`, `vin`) VALUES
('Convertible', '13AVT0QCFFF714899'),
('Convertible', '1RYAWHVZXTT082005'),
('Convertible', '1TY0OZ6776O551065'),
('Convertible', '1TYZPWJUY8S534217'),
('Convertible', '24PJSOHL7AV555541'),
('Convertible', '2P0M0KIT617709587'),
('Convertible', '34LPXEKDI4K738049'),
('Convertible', '3ZQSQH7KCWX963150'),
('Convertible', '4PQ5C344WM2161232'),
('Convertible', '5A77A0KQT4Q738091'),
('Convertible', '5HJ7JGARQY7410384'),
('Convertible', '5N8JUSLD214397601'),
('Convertible', '6AHSK5ZQ35S410112'),
('Convertible', '6DBY3C036JZ509895'),
('Convertible', '8O3HA3XCMF8542802'),
('Convertible', '8T3FRD4XLHS244610'),
('Convertible', 'A1NMYTKAQVI515298'),
('Convertible', 'A4YNNJNA3YO795177'),
('Convertible', 'CB7NB6TBLMD840841'),
('Convertible', 'F4N3GC225MT163583'),
('Convertible', 'G0OMKKQI3ON337813'),
('Convertible', 'G40AQJDVI68882229'),
('Convertible', 'HKABMRUAW8E433308'),
('Convertible', 'HRKE60F31H6918971'),
('Convertible', 'KGZT23UL65F408436'),
('Convertible', 'MAMDBMJQE5N094237'),
('Convertible', 'MML51CMHAQ5564453'),
('Convertible', 'MSCYTFN5DLQ797580'),
('Convertible', 'N5W5FFXWBXO904639'),
('Convertible', 'N6FVBAYEJGB798051'),
('Convertible', 'NC50WA1NW00659248'),
('Convertible', 'ND31ETCB3XK917122'),
('Convertible', 'NTLNBNESY0F523188'),
('Convertible', 'O3PWGTDH5TE469369'),
('Convertible', 'OENGRAALQH3524656'),
('Convertible', 'OLXWF14ZOUL948008'),
('Convertible', 'OOXPL1JMKRX336822'),
('Convertible', 'Q1JHCKXK6DM600820'),
('Convertible', 'QI0DMNKRDZJ539897'),
('Convertible', 'RIZTDYYGYS8802889'),
('Convertible', 'S8IG7CS13D3171231'),
('Convertible', 'SB0II3RK4J8108311'),
('Convertible', 'TZH8DUDP40V550854'),
('Convertible', 'V4JVFR4YRS7140562'),
('Convertible', 'VBBOZZ22420324583'),
('Convertible', 'YOIOCT8QVK8729970'),
('Convertible', 'YRAKHFEO0D1858938'),
('Coupe', '014YJPHOCI4928433'),
('Coupe', '0JF8RY7F203586325'),
('Coupe', '14AFTWPBMU2455340'),
('Coupe', '1SW1IVG7FRC996431'),
('Coupe', '22IBT631ZQB560111'),
('Coupe', '2A8QZNBMXTP305324'),
('Coupe', '2JJYDSM8ONT301410'),
('Coupe', '31WBMVJRBOT808956'),
('Coupe', '3LMQEJ637DV562400'),
('Coupe', '4G1Z11HOQ3P797692'),
('Coupe', '7E5LCY5NETS057532'),
('Coupe', '7UNLIZIDGDO334562'),
('Coupe', '8X5CIATJ07I167727'),
('Coupe', 'A7LI8UIU28Q222693'),
('Coupe', 'AEDKYKWVSR5009618'),
('Coupe', 'AHCTXZIUNLT990408'),
('Coupe', 'B8SSPH58WRS521686'),
('Coupe', 'C5V8FLVFK1H700605'),
('Coupe', 'CKP0OYNPTQV900997'),
('Coupe', 'CO7U820ZYJ5637259'),
('Coupe', 'DU400SRFFTR031554'),
('Coupe', 'ESYSVDN5WUF888037'),
('Coupe', 'FQQN4F0Y2Y4911016'),
('Coupe', 'G11UA2D181O142111'),
('Coupe', 'GX7M6O4V208624783'),
('Coupe', 'HF61EINCEKB377113'),
('Coupe', 'KGXXM02N16Y917081'),
('Coupe', 'KZS5B30QSTV993892'),
('Coupe', 'LLDC1OCSTQ1651823'),
('Coupe', 'MNBU50BFAWY569945'),
('Coupe', 'O05A7ND5MR4856060'),
('Coupe', 'O6FN2LHJYJP625193'),
('Coupe', 'PFWLPE5OM20960896'),
('Coupe', 'PT0IZH2QSM5433241'),
('Coupe', 'QX26HKQMAEQ650690'),
('Coupe', 'QYJ40J7KB2A426113'),
('Coupe', 'R2WXKMHKPXO142205'),
('Coupe', 'TD41PRPBYNQ799837'),
('Coupe', 'UHTZCO50NI6402584'),
('Coupe', 'UY0J2ZE2WC4929234'),
('Coupe', 'V0CS6FK0F2L619952'),
('Coupe', 'V0Y7R3VOND6385099'),
('Coupe', 'VGDTPF85FW3798103'),
('Coupe', 'VLB5X8345HA615648'),
('Coupe', 'VX5ONWMXOWC092241'),
('Coupe', 'W7BJ0WMT3F1988589'),
('Coupe', 'XJZQEGWAV7Q033418'),
('Coupe', 'YKDLFUYBDYA762942'),
('Coupe', 'YUSPPHQSZAJ981823'),
('Coupe', 'ZHWDPEKYMVO700411'),
('Minivan', '0S57SUJ4IC1640897'),
('Minivan', '1P4CYBF55BZ319515'),
('Minivan', '3LQVMGKNRTE915571'),
('Minivan', '4TSP05XM3T7777863'),
('Minivan', '6KWLNKZW7TB480162'),
('Minivan', '7O8R4N0I445396787'),
('Minivan', '8HVXXFQ4M58279132'),
('Minivan', '8SJQHUYKEFC732678'),
('Minivan', 'BKMITEBY1EN848184'),
('Minivan', 'CN7453KYD25674641'),
('Minivan', 'DBX6KOCPLNA744149'),
('Minivan', 'FC5IOH7WXUG049482'),
('Minivan', 'FF386522UXW088260'),
('Minivan', 'FZ1HFZ585WR955503'),
('Minivan', 'GIOLVCOW6FP335188'),
('Minivan', 'HIAW0SH7XKK539730'),
('Minivan', 'J2E2YCGES38415781'),
('Minivan', 'JJJCTN8VPQ2786297'),
('Minivan', 'JQWZHRE1QQC616191'),
('Minivan', 'K0JT3JN6GHR755604'),
('Minivan', 'MQRWSH8TDSA328716'),
('Minivan', 'N7UGS5V1OX0015212'),
('Minivan', 'NIVJT1I8VH1312956'),
('Minivan', 'NLS6KSCMBLK635055'),
('Minivan', 'O046TR5LOK8867896'),
('Minivan', 'O5TDAJX7MJE979632'),
('Minivan', 'OZLYJHS882G443726'),
('Minivan', 'P7JYBE6FM26738497'),
('Minivan', 'QAQB3WCYJNT227228'),
('Minivan', 'RY17GJBS8P0724570'),
('Minivan', 'VYTVYSIRWI8110696'),
('Minivan', 'W0568WGO5WJ438874'),
('Minivan', 'W65LU27EIAI574094'),
('Minivan', 'XZ0ZPNB3K0B900136'),
('Minivan', 'Y1DN8H2LGE6552424'),
('Minivan', 'Y7PCLTMP75Q590198'),
('Minivan', 'YB15CELIOAD030337'),
('Minivan', 'YCFLSZ2LT1K972631'),
('Minivan', 'YHFU6N5VAEV603765'),
('Minivan', 'ZWW7VOTXOEE355574'),
('Minivan', 'ZXLGMAQXH21862670'),
('Minivan', 'ZYJSI0PV1BK763098'),
('Sedan', '16VZ2D5K2UA224265'),
('Sedan', '1H36B25NJNN984344'),
('Sedan', '1PHWGTVKSC5888281'),
('Sedan', '2IFG4587RJD359460'),
('Sedan', '2MHCSVAPEB8589057'),
('Sedan', '35F4JXSH0HA820194'),
('Sedan', '37HKK6A8BK4624844'),
('Sedan', '3TOSZKDPVLP927027'),
('Sedan', '3UZC10YHEMA746460'),
('Sedan', '46B8UPAQCVW796829'),
('Sedan', '4MXLVV84A6C633165'),
('Sedan', '4YXU2TN1NJU843634'),
('Sedan', '5A12HXO5U8T698581'),
('Sedan', '5GJZF82LII6385235'),
('Sedan', '6D300ABH65P725391'),
('Sedan', 'AB8O6IWO8YG995749'),
('Sedan', 'ABCX0O07N6F519334'),
('Sedan', 'B0VBO26AVSF452216'),
('Sedan', 'C15HS5VBR7W535537'),
('Sedan', 'C3FOQPRK48B009537'),
('Sedan', 'C4KG3DGR3ED999849'),
('Sedan', 'CLEGAGVNX62265577'),
('Sedan', 'CZIU7B73Q86955353'),
('Sedan', 'EBDPUOZW0UW750384'),
('Sedan', 'EYJA4KTGDYQ015061'),
('Sedan', 'FH3BO3MF7F8943017'),
('Sedan', 'GG7T8HJFVBJ354520'),
('Sedan', 'HFGE5WGL31N736304'),
('Sedan', 'KIYLR1R5Q58616843'),
('Sedan', 'KU7WAYY7WVW387657'),
('Sedan', 'KUQE1AIER17796884'),
('Sedan', 'M6J2KWLLUKW587077'),
('Sedan', 'MNUX8DKOOQR070763'),
('Sedan', 'NVCHGAN36U0977013'),
('Sedan', 'OA2AULLS70C156569'),
('Sedan', 'PXZGV28A8KN434243'),
('Sedan', 'QS3WIP530WT059941'),
('Sedan', 'RM7H44T3Y51383174'),
('Sedan', 'S125FSF82QY167812'),
('Sedan', 'S2HCFMZWQJY869785'),
('Sedan', 'S4JI8BAZK6A762603'),
('Sedan', 'T2QRUXJS5OY889240'),
('Sedan', 'TEMYOH4852J438131'),
('Sedan', 'U18BDQFC4ZV145556'),
('Sedan', 'UVZX51MOHHZ350304'),
('Sedan', 'W237VB7JQCR328314'),
('Sedan', 'X3SCPDYFXR1281696'),
('Sedan', 'XZ0NAXD65PB590052'),
('Sedan', 'YQPUSK3G3TY698091'),
('SUV', '0O3JJPHBUAP199412'),
('SUV', '0OE58G1RATR240921'),
('SUV', '0T5ZIYO5EKW808246'),
('SUV', '1IXFVT6SR0P763165'),
('SUV', '3DGXA813LBG126575'),
('SUV', '635UCNTTHIF575495'),
('SUV', '68OADH2QPOS933812'),
('SUV', '6U7HLHZK3GP057957'),
('SUV', '73MVKB63GMJ964569'),
('SUV', '8OU7JH0IJU6315337'),
('SUV', '8XV8E2COQQ0978402'),
('SUV', 'A2YAQD6KDWM503404'),
('SUV', 'AC4ZIL5XS7B075565'),
('SUV', 'B6DYAUVZOLO290932'),
('SUV', 'EEC7DB0AVX8841803'),
('SUV', 'EFWM866BVP1512173'),
('SUV', 'F2Q618FX05Z072513'),
('SUV', 'G05OT6PRY0O583244'),
('SUV', 'GYGIT50D08O204994'),
('SUV', 'H0NTC0VHQRA123485'),
('SUV', 'H8V4P7W7UDF905029'),
('SUV', 'HE08QS6227G217277'),
('SUV', 'HHZ4SJBSKCM132962'),
('SUV', 'HQC4QIGI5R0047396'),
('SUV', 'J5JOI16OKT3791181'),
('SUV', 'N75ES1SYYPY249965'),
('SUV', 'N7ZMWGACVJJ344732'),
('SUV', 'O4YTYHUUGAY861024'),
('SUV', 'OEZQ7C5Q4IU531061'),
('SUV', 'OLSEKFK5ZQ6130350'),
('SUV', 'ONCCSRDH8DG971376'),
('SUV', 'OWWSKLAS7QX817356'),
('SUV', 'OYSBYKKMW7W431727'),
('SUV', 'PA2KWUOB26B493992'),
('SUV', 'UDI7LAGS7QL483060'),
('SUV', 'UE0HIIE583S680065'),
('SUV', 'UQHSQ06Y242436882'),
('SUV', 'VP0U4FNOL1Q272112'),
('SUV', 'XNXLS5I71MA658964'),
('SUV', 'XX30JUKVDJS500158'),
('Truck', '30TKOS7OOZE898754'),
('Truck', '5JK48AIE01F557082'),
('Truck', '5KP0CNPH5CW303661'),
('Truck', '5R18GDSB3CM032341'),
('Truck', '75JPSZY0BUP284256'),
('Truck', '761PGMYLX0T843950'),
('Truck', '7QIC6ZYHPQP552709'),
('Truck', '8ER23OFXZ1E916228'),
('Truck', '8KJNJ10WXLA842695'),
('Truck', 'AGIIPKOGTOH069031'),
('Truck', 'AXEV4VONGOV055454'),
('Truck', 'D4G0CTZMD2X930012'),
('Truck', 'ELXTVDBEOKI657593'),
('Truck', 'FLFOADSEVDJ743887'),
('Truck', 'GH7NQUAAD1Z939191'),
('Truck', 'GYAJMGYERH5049742'),
('Truck', 'K3E2NL0ALH6201724'),
('Truck', 'KY0VD426W8P596125'),
('Truck', 'M8D0UVAUJWA611757'),
('Truck', 'NSMNR56SEOU091726'),
('Truck', 'OTU0G7AR2Y1800976'),
('Truck', 'PC2PIB7R435527094'),
('Truck', 'Q1HYKIDXI01152504'),
('Truck', 'U0IW6RMXF3E643006'),
('Truck', 'UFU8XLWSHBR469828'),
('Truck', 'UUWQM04TSAR411514'),
('Truck', 'V8TT1Z53XJ3351609'),
('Truck', 'VFRZ3NRGP3T720592'),
('Truck', 'W0VVANUKDUY874182'),
('Truck', 'XVHDHEYM76N276701'),
('Truck', 'Z7SSR7QXU3H868079'),
('Van', '17HGBSZJRPL452058'),
('Van', '1NVXI5JXG3Q330243'),
('Van', '3DKKMGIZ7YP000949'),
('Van', '47WYW4D65K1598826'),
('Van', '53WEVPX7H4X102116'),
('Van', '5HIL3GKIIB7639416'),
('Van', '60BMLFB8XK5792806'),
('Van', '618DR7M1L2G015076'),
('Van', '6RQECM8EO3O323457'),
('Van', '88KRF6X46P3045996'),
('Van', '8CQ1LP4Q6N2279150'),
('Van', '8DD32HTIZXL090058'),
('Van', '8QC0CE5XB6N801356'),
('Van', '8SL0YJUFMTV627191'),
('Van', 'AJW0OF78HVS865152'),
('Van', 'AZJAEE6WIG0491218'),
('Van', 'BIUHHJZSI4O016585'),
('Van', 'DEOLOLBLB64628851'),
('Van', 'DF6PFCH0AEX087065'),
('Van', 'DFXSGTSKZHC186737'),
('Van', 'E4BX1OSN5TZ951910'),
('Van', 'EBZZN84J0L1163524'),
('Van', 'EUQV3A4A7F3196095'),
('Van', 'F1IB3FDW7VP443571'),
('Van', 'GIKGHMM5MB3457530'),
('Van', 'GLJRT76OYH0767251'),
('Van', 'HRDP63I3VLX490165'),
('Van', 'I6UOSGEAZM7972498'),
('Van', 'KFWC2DGXLXB344224'),
('Van', 'NC0WM0W6U38530017'),
('Van', 'O8HL8X6RF5B065063'),
('Van', 'PHRGFZ1JX1M009627'),
('Van', 'R5CKHASBUY3271404'),
('Van', 'RKZ4SH0SHZI670624'),
('Van', 'RQUC5JRABDA463084'),
('Van', 'SYZI0ZHYVNY547468'),
('Van', 'T8VKW8BVR4S799169'),
('Van', 'UP0JDPVZOV5301907'),
('Van', 'X6PGCLX142L353015'),
('Van', 'YT768PDJ0NU591276'),
('Van', 'ZIOUZCIZ0X5709697');

-- --------------------------------------------------------

--
-- Table structure for table `Individual_Person_Customer`
--

CREATE TABLE `Individual_Person_Customer` (
  `drivers_license_number` varchar(20) NOT NULL,
  `first_name` varchar(25) NOT NULL,
  `last_name` varchar(40) NOT NULL,
  `customer_id` int(30) UNSIGNED NOT NULL
) ENGINE=InnoDB DEFAULT CHARSET=utf8mb4;

--
-- Dumping data for table `Individual_Person_Customer`
--

INSERT INTO `Individual_Person_Customer` (`drivers_license_number`, `first_name`, `last_name`, `customer_id`) VALUES
('A0519346932', 'Sarah', 'Pawlowicz', 5),
('A0891946418', 'Stephen', 'Pelkowski', 124),
('A0953343682', 'Helene', 'Saylors', 87),
('A1953394969', 'Lorrine', 'Pagliuca', 18),
('A2130488970', 'Nicolette', 'Biddy', 118),
('A2156704547', 'Xochitl', 'Pagliuca', 15),
('A2547186724', 'Gearldine', 'Amigon', 91),
('A2628970055', 'Cristy', 'Acey', 35),
('A2840015188', 'Skye', 'Estell', 182),
('A3747937972', 'Leatha', 'Batman', 52),
('A3961543582', 'Carmelina', 'Rauser', 41),
('A4237394300', 'Shenika', 'Kines', 119),
('A4363352704', 'Adell', 'Leinenbach', 175),
('A4708877275', 'Samira', 'Nachor', 44),
('A5116094170', 'Shawna', 'Cousey', 43),
('A5441879198', 'Fabiola', 'Keener', 163),
('A5612369872', 'Aja', 'Harabedian', 178),
('A5932340550', 'Blair', 'Cronauer', 162),
('A6303892555', 'Noah', 'Semidey', 193),
('A6434991693', 'Truman', 'Strassner', 113),
('A6448389020', 'Kimberlie', 'Stockham', 57),
('A6657577671', 'Lemuel', 'Kardas', 51),
('A6819485677', 'Mariann', 'Burnard', 129),
('A7120700731', 'Junita', 'Toelkes', 147),
('A7690497079', 'Sylvia', 'Kusko', 86),
('A8107181602', 'Norah', 'Gleich', 25),
('A8179961589', 'Tegan', 'Andreason', 105),
('A8352857373', 'Felicidad', 'Discipio', 169),
('A8940446385', 'Annelle', 'Reiber', 50),
('A9679099306', 'Luisa', 'Nicolozakes', 48),
('A9685977010', 'Louvenia', 'Gillaspie', 115),
('A9800617405', 'Golda', 'Kannady', 160),
('B0118879496', 'Sylvia', 'Kitty', 99),
('B0504258873', 'Merissa', 'Wolny', 88),
('B0554787573', 'Willow', 'Fern', 153),
('B0585188333', 'Lorrie', 'Boord', 42),
('B0664933596', 'Weldon', 'Gehrett', 103),
('B0676368739', 'Refugia', 'Riden', 55),
('B1467621707', 'Arlette', 'Arias', 36),
('B1872571043', 'Elvera', 'Flosi', 117),
('B1897119906', 'Filiberto', 'Limmel', 1),
('B2116633076', 'Wilda', 'Fritz', 135),
('B2287458166', 'Rolland', 'Emigh', 94),
('B2606688489', 'Chanel', 'Maclead', 123),
('B2804248768', 'Donte', 'Cousey', 159),
('B2906209149', 'Chanel', 'Kippley', 179),
('B3151226118', 'Delisa', 'Buvens', 101),
('B3507444732', 'Melodie', 'Madarang', 125),
('B3621247910', 'Edna', 'Wolny', 200),
('B3716300300', 'Art', 'Degroot', 34),
('B4543107001', 'Cyndy', 'Royster', 192),
('B4645539147', 'Lili', 'Arias', 138),
('B4683383831', 'Gracia', 'Agramonte', 184),
('B4745861576', 'Brett', 'Toelkes', 102),
('B4761949869', 'Oretha', 'Cork', 167),
('B4913696298', 'Raylene', 'Zepp', 85),
('B5327595424', 'Ressie', 'Palaia', 170),
('B5428704297', 'Gracia', 'Ennaco', 126),
('B5930662838', 'Latrice', 'Claucherty', 81),
('B6148685373', 'Mireya', 'Sawchuk', 61),
('B6520528449', 'Donette', 'Felger', 33),
('B6684374397', 'Mariann', 'Lary', 76),
('B6711015012', 'Mitsue', 'Slusarski', 16),
('B6894388117', 'Wynell', 'Swayze', 157),
('B7298707408', 'Nana', 'Newville', 73),
('B7647746540', 'Marti', 'Kohl', 188),
('B7658453163', 'Cyndy', 'Gochal', 17),
('B7770854372', 'Garry', 'Schnitzler', 71),
('B7825808469', 'Glendora', 'Ennaco', 14),
('B7916407234', 'Ressie', 'Hoffis', 39),
('B8617696591', 'Helaine', 'Maclead', 22),
('B8838483933', 'Tamar', 'Rodefer', 180),
('B9103421452', 'Mirta', 'Weirather', 37),
('B9167611164', 'Mitsue', 'Diestel', 9),
('C0188223064', 'Mitsue', 'Tomasulo', 172),
('C0556840359', 'Raul', 'Castros', 12),
('C0640712551', 'Talia', 'Keetch', 145),
('C0925817172', 'Arthur', 'Mirafuentes', 84),
('C1172628796', 'Jacqueline', 'Shields', 29),
('C1317447002', 'Franklyn', 'Kaniecki', 133),
('C1394323936', 'Aliza', 'Meisel', 68),
('C1404134532', 'Junita', 'Perigo', 74),
('C1550981362', 'Glenna', 'Newville', 197),
('C2448589066', 'Eden', 'Mirafuentes', 77),
('C2744068306', 'Virgie', 'Garufi', 114),
('C3304949185', 'Gail', 'Scheyer', 137),
('C3670850732', 'Alishia', 'Latzke', 62),
('C3686964342', 'Josphine', 'Degroot', 164),
('C3701564618', 'Rhea', 'Jillson', 31),
('C4179179446', 'Alyce', 'Hauenstein', 190),
('C4376643077', 'Earleen', 'Onofrio', 78),
('C4429219457', 'Rhea', 'Pontoriero', 65),
('C4730867711', 'Portia', 'Hauenstein', 97),
('C5517920862', 'Tyra', 'Jacobos', 171),
('C6508528685', 'Elke', 'Felger', 10),
('C6885206034', 'Jina', 'Bowley', 130),
('C6972781026', 'Ma', 'Yum', 108),
('C7154501254', 'Glenna', 'Onofrio', 166),
('C7245495659', 'Oretha', 'Bowley', 140),
('C7482916743', 'Lenna', 'Honeywell', 150),
('C7649296970', 'Reita', 'Moyd', 155),
('C7731551051', 'Larae', 'Thyberg', 46),
('C7821395607', 'Glendora', 'Rodeigues', 79),
('C8244565014', 'Irma', 'Dhamer', 120),
('C8694307110', 'Katina', 'Monarrez', 185),
('C8771937989', 'Thaddeus', 'Lawler', 176),
('C8797407549', 'Ressie', 'Pedrozo', 20),
('C8989750395', 'Derick', 'Dilliard', 96),
('C9227901984', 'Sharika', 'Storment', 38),
('C9556821151', 'Salome', 'Theodorov', 64),
('C9736973233', 'Joesph', 'Haufler', 146),
('C9808620269', 'Martina', 'Lietz', 70),
('C9903567737', 'Linn', 'Hollack', 142),
('D0627627707', 'Solange', 'Ostrosky', 109),
('D1162502438', 'Lili', 'Farrar', 28),
('D1451097081', 'France', 'Figeroa', 168),
('D1490490202', 'Audry', 'Wide', 196),
('D1610396701', 'Chaya', 'Palaia', 161),
('D2548986249', 'Xochitl', 'Knipp', 183),
('D2619628333', 'Junita', 'Walthall', 158),
('D3829841679', 'Shawna', 'Vizarro', 60),
('D4296267174', 'Ahmed', 'Padilla', 111),
('D4435428566', 'Jacqueline', 'Strassner', 2),
('D4766565553', 'Iluminada', 'Pagliuca', 6),
('D4813659453', 'Blondell', 'Bayless', 45),
('D5555586904', 'Annmarie', 'Royster', 7),
('D5653451679', 'Van', 'Comnick', 107),
('D5973707816', 'Candida', 'Baltimore', 56),
('D6463541439', 'Lizbeth', 'Foller', 72),
('D7279401089', 'Junita', 'Miro', 110),
('D7751875993', 'Carissa', 'Similton', 156),
('D7757448068', 'Merilyn', 'Maile', 3),
('D7770361115', 'Luisa', 'Malet', 58),
('D7810922062', 'Bernardo', 'Benimadho', 191),
('D7934013852', 'Lavonna', 'Good', 139),
('D8126834725', 'Daron', 'Fredicks', 132),
('D8377275576', 'Derick', 'Sengbusch', 144),
('D8463845828', 'Stephaine', 'Drymon', 40),
('D8596790243', 'Tiffiny', 'Devreese', 47),
('D9431249359', 'Benton', 'Konopacki', 49),
('D9635369685', 'Carmelina', 'Staback', 19),
('D9745941406', 'My', 'Arceo', 59),
('D9806834505', 'Tyra', 'Layous', 98);

-- --------------------------------------------------------

--
-- Table structure for table `Inventory_Clerk`
--

CREATE TABLE `Inventory_Clerk` (
  `username` varchar(20) NOT NULL,
  `password` varchar(25) NOT NULL,
  `first_name` varchar(25) NOT NULL,
  `last_name` varchar(40) NOT NULL,
  `inventory_staff_id` int(5) UNSIGNED NOT NULL
) ENGINE=InnoDB DEFAULT CHARSET=utf8mb4;

--
-- Dumping data for table `Inventory_Clerk`
--

INSERT INTO `Inventory_Clerk` (`username`, `password`, `first_name`, `last_name`, `inventory_staff_id`) VALUES
('user02', 'pass02', 'Leatha', 'Tomasulo', 2),
('user03', 'pass03', 'Jeanice', 'Ragel', 3),
('user04', 'pass04', 'Erick', 'Harabedian', 4),
('user05', 'pass05', 'Margart', 'Silvestrini', 5),
('user06', 'pass06', 'Valentin', 'Louissant', 6),
('user07', 'pass07', 'Thaddeus', 'Honeywell', 7),
('user10', 'pass10', 'Peggie', 'Discipio', 8),
('user12', 'pass12', 'Laticia', 'Aquas', 9),
('user14', 'pass14', 'Alex', 'Lungren', 10),
('user18', 'pass18', 'Virgina', 'Patak', 11),
('user22', 'pass22', 'Leslie', 'Frerking', 12),
('user24', 'pass24', 'Jolene', 'Modzelewski', 13);

-- --------------------------------------------------------

--
-- Table structure for table `Inventory_Management_Staff`
--

CREATE TABLE `Inventory_Management_Staff` (
  `inventory_staff_id` int(5) UNSIGNED NOT NULL
) ENGINE=InnoDB DEFAULT CHARSET=utf8mb4;

--
-- Dumping data for table `Inventory_Management_Staff`
--

INSERT INTO `Inventory_Management_Staff` (`inventory_staff_id`) VALUES
(1),
(2),
(3),
(4),
(5),
(6),
(7),
(8),
(9),
(10),
(11),
(12),
(13);

-- --------------------------------------------------------

--
-- Table structure for table `Loan`
--

CREATE TABLE `Loan` (
  `vin` varchar(20) NOT NULL,
  `start_month` datetime NOT NULL,
  `loan_term` int(2) NOT NULL,
  `monthly_payment` decimal(6,2) NOT NULL,
  `interest_rate` decimal(8,6) NOT NULL,
  `downpayment` decimal(10,2) NOT NULL,
  `customer_id` int(30) UNSIGNED NOT NULL
) ENGINE=InnoDB DEFAULT CHARSET=utf8mb4;

--
-- Dumping data for table `Loan`
--

INSERT INTO `Loan` (`vin`, `start_month`, `loan_term`, `monthly_payment`, `interest_rate`, `downpayment`, `customer_id`) VALUES
('014YJPHOCI4928433', '2019-04-01 00:00:00', 6, '453.46', '0.02', '2601.54', 44),
('0JF8RY7F203586325', '2019-04-01 00:00:00', 19, '127.21', '0.02', '1966.91', 84),
('13AVT0QCFFF714899', '2019-07-01 00:00:00', 3, '396.61', '0.03', '4555.65', 157),
('14AFTWPBMU2455340', '2019-03-01 00:00:00', 18, '62.28', '0.02', '986.19', 131),
('1PHWGTVKSC5888281', '2019-07-01 00:00:00', 14, '126.90', '0.02', '1265.08', 22),
('1TY0OZ6776O551065', '2019-06-01 00:00:00', 12, '230.43', '0.03', '486.55', 40),
('2A8QZNBMXTP305324', '2018-12-01 00:00:00', 4, '72.48', '0.02', '2735.00', 101),
('2IFG4587RJD359460', '2019-08-01 00:00:00', 5, '186.76', '0.03', '5411.71', 174),
('2MHCSVAPEB8589057', '2019-03-01 00:00:00', 14, '359.70', '0.03', '2284.90', 199),
('30TKOS7OOZE898754', '2018-10-01 00:00:00', 15, '241.14', '0.02', '2218.14', 123),
('31WBMVJRBOT808956', '2019-05-01 00:00:00', 11, '138.90', '0.02', '5756.28', 88),
('3DGXA813LBG126575', '2019-08-01 00:00:00', 11, '142.02', '0.02', '2684.32', 33),
('3LMQEJ637DV562400', '2018-07-01 00:00:00', 14, '196.34', '0.02', '261.78', 123),
('3ZQSQH7KCWX963150', '2019-05-01 00:00:00', 14, '116.95', '0.03', '155.93', 10),
('46B8UPAQCVW796829', '2019-02-01 00:00:00', 21, '117.94', '0.02', '1851.88', 143),
('4G1Z11HOQ3P797692', '2019-08-01 00:00:00', 9, '1473.87', '0.03', '5738.69', 119),
('4MXLVV84A6C633165', '2019-08-01 00:00:00', 18, '349.85', '0.03', '2466.59', 56),
('4TSP05XM3T7777863', '2019-02-01 00:00:00', 20, '994.75', '0.03', '1326.34', 74),
('53WEVPX7H4X102116', '2019-02-01 00:00:00', 21, '144.62', '0.03', '2452.08', 66),
('5A12HXO5U8T698581', '2019-04-01 00:00:00', 18, '155.71', '0.03', '207.62', 151),
('5A77A0KQT4Q738091', '2019-01-01 00:00:00', 17, '285.84', '0.02', '1496.71', 124),
('5GJZF82LII6385235', '2019-01-01 00:00:00', 10, '62.09', '0.02', '875.54', 176),
('5HIL3GKIIB7639416', '2019-02-01 00:00:00', 8, '65.97', '0.03', '1176.97', 103),
('5HJ7JGARQY7410384', '2019-08-01 00:00:00', 20, '217.35', '0.03', '2110.68', 173),
('5KP0CNPH5CW303661', '2019-03-01 00:00:00', 13, '78.26', '0.02', '1618.32', 177),
('5N8JUSLD214397601', '2018-12-01 00:00:00', 7, '396.88', '0.02', '1361.22', 191),
('68OADH2QPOS933812', '2019-05-01 00:00:00', 11, '123.85', '0.02', '467.24', 134),
('6D300ABH65P725391', '2019-06-01 00:00:00', 13, '138.85', '0.03', '1707.53', 156),
('6DBY3C036JZ509895', '2019-07-01 00:00:00', 10, '200.66', '0.02', '378.71', 41),
('6KWLNKZW7TB480162', '2018-09-01 00:00:00', 12, '152.71', '0.02', '3716.54', 38),
('6RQECM8EO3O323457', '2019-05-01 00:00:00', 10, '67.83', '0.03', '2725.75', 25),
('73MVKB63GMJ964569', '2019-08-01 00:00:00', 9, '592.32', '0.03', '789.76', 115),
('75JPSZY0BUP284256', '2019-06-01 00:00:00', 5, '162.76', '0.02', '3606.60', 184),
('7QIC6ZYHPQP552709', '2019-06-01 00:00:00', 8, '252.01', '0.03', '336.01', 117),
('7UNLIZIDGDO334562', '2019-06-01 00:00:00', 12, '513.60', '0.03', '684.81', 169),
('88KRF6X46P3045996', '2019-06-01 00:00:00', 12, '240.76', '0.03', '1796.23', 165),
('8CQ1LP4Q6N2279150', '2019-05-01 00:00:00', 20, '100.54', '0.02', '1972.30', 96),
('8DD32HTIZXL090058', '2019-05-01 00:00:00', 17, '410.57', '0.02', '547.43', 159),
('8HVXXFQ4M58279132', '2019-07-01 00:00:00', 4, '73.19', '0.02', '590.33', 169),
('8KJNJ10WXLA842695', '2019-08-01 00:00:00', 21, '101.59', '0.03', '3183.97', 126),
('8O3HA3XCMF8542802', '2018-08-01 00:00:00', 18, '162.12', '0.02', '5493.95', 1),
('8OU7JH0IJU6315337', '2019-06-01 00:00:00', 13, '209.18', '0.03', '1324.51', 55),
('8SJQHUYKEFC732678', '2019-02-01 00:00:00', 19, '168.69', '0.03', '224.92', 159),
('AC4ZIL5XS7B075565', '2019-07-01 00:00:00', 20, '129.79', '0.03', '707.27', 88),
('AGIIPKOGTOH069031', '2019-07-01 00:00:00', 12, '81.80', '0.02', '1633.40', 136),
('AXEV4VONGOV055454', '2019-07-01 00:00:00', 7, '1071.97', '0.02', '17746.23', 136),
('C4KG3DGR3ED999849', '2019-02-01 00:00:00', 4, '252.29', '0.03', '336.39', 180),
('C5V8FLVFK1H700605', '2019-02-01 00:00:00', 6, '85.96', '0.02', '2459.46', 94),
('CKP0OYNPTQV900997', '2019-06-01 00:00:00', 5, '446.19', '0.02', '976.48', 189),
('CLEGAGVNX62265577', '2018-12-01 00:00:00', 5, '97.39', '0.03', '483.16', 55),
('CO7U820ZYJ5637259', '2019-05-01 00:00:00', 11, '481.04', '0.03', '1348.06', 146),
('DF6PFCH0AEX087065', '2019-03-01 00:00:00', 3, '219.90', '0.02', '293.20', 181),
('EBDPUOZW0UW750384', '2019-07-01 00:00:00', 14, '386.76', '0.03', '925.20', 162),
('EBZZN84J0L1163524', '2019-07-01 00:00:00', 18, '74.96', '0.03', '3548.12', 136),
('EFWM866BVP1512173', '2019-08-01 00:00:00', 21, '338.23', '0.02', '3215.74', 61),
('EUQV3A4A7F3196095', '2019-06-01 00:00:00', 13, '128.23', '0.03', '170.97', 56),
('F1IB3FDW7VP443571', '2019-07-01 00:00:00', 18, '152.41', '0.03', '521.22', 59),
('FZ1HFZ585WR955503', '2019-06-01 00:00:00', 10, '94.59', '0.02', '532.32', 176),
('G05OT6PRY0O583244', '2019-08-01 00:00:00', 7, '64.61', '0.02', '2181.60', 44),
('GH7NQUAAD1Z939191', '2019-03-01 00:00:00', 10, '95.88', '0.03', '2155.15', 142),
('GIKGHMM5MB3457530', '2019-03-01 00:00:00', 3, '171.27', '0.02', '3044.64', 31),
('GIOLVCOW6FP335188', '2018-07-01 00:00:00', 13, '118.63', '0.03', '384.87', 87),
('GLJRT76OYH0767251', '2019-01-01 00:00:00', 9, '576.68', '0.02', '6213.65', 67),
('GX7M6O4V208624783', '2019-01-01 00:00:00', 18, '132.68', '0.02', '1396.90', 31),
('GYAJMGYERH5049742', '2019-06-01 00:00:00', 11, '72.40', '0.03', '2140.00', 5),
('GYGIT50D08O204994', '2019-07-01 00:00:00', 17, '119.72', '0.02', '1023.19', 172),
('H0NTC0VHQRA123485', '2019-07-01 00:00:00', 3, '198.57', '0.03', '733.35', 108),
('H8V4P7W7UDF905029', '2019-07-01 00:00:00', 5, '133.38', '0.03', '1917.23', 101),
('HE08QS6227G217277', '2019-04-01 00:00:00', 6, '163.94', '0.03', '1295.03', 200),
('HFGE5WGL31N736304', '2019-05-01 00:00:00', 8, '426.23', '0.02', '568.31', 52),
('HKABMRUAW8E433308', '2019-08-01 00:00:00', 12, '297.32', '0.03', '438.63', 65),
('HQC4QIGI5R0047396', '2018-08-01 00:00:00', 14, '99.24', '0.02', '1665.78', 4),
('HRDP63I3VLX490165', '2019-03-01 00:00:00', 15, '262.33', '0.03', '1452.27', 75),
('HRKE60F31H6918971', '2019-08-01 00:00:00', 11, '46.24', '0.03', '1792.37', 190),
('I6UOSGEAZM7972498', '2019-06-01 00:00:00', 11, '296.46', '0.02', '1682.91', 137),
('J5JOI16OKT3791181', '2019-08-01 00:00:00', 8, '46.31', '0.03', '811.50', 75),
('JJJCTN8VPQ2786297', '2019-08-01 00:00:00', 18, '62.57', '0.02', '1492.98', 43),
('K0JT3JN6GHR755604', '2019-08-01 00:00:00', 20, '157.79', '0.02', '999.35', 12),
('KGXXM02N16Y917081', '2019-08-01 00:00:00', 14, '220.89', '0.03', '2707.32', 174),
('KU7WAYY7WVW387657', '2019-07-01 00:00:00', 12, '274.12', '0.02', '1091.15', 62),
('KUQE1AIER17796884', '2019-07-01 00:00:00', 7, '214.26', '0.02', '1990.43', 75),
('KY0VD426W8P596125', '2019-04-01 00:00:00', 8, '60.28', '0.03', '1673.23', 105),
('M6J2KWLLUKW587077', '2019-08-01 00:00:00', 21, '169.96', '0.02', '5136.53', 120),
('MAMDBMJQE5N094237', '2019-03-01 00:00:00', 11, '82.08', '0.02', '1464.31', 102),
('MML51CMHAQ5564453', '2019-07-01 00:00:00', 10, '237.45', '0.02', '1428.96', 31),
('MQRWSH8TDSA328716', '2019-05-01 00:00:00', 14, '81.94', '0.03', '1975.53', 57),
('MSCYTFN5DLQ797580', '2019-08-01 00:00:00', 21, '92.69', '0.03', '966.50', 58),
('N6FVBAYEJGB798051', '2019-08-01 00:00:00', 7, '37.64', '0.02', '917.16', 122),
('N75ES1SYYPY249965', '2019-06-01 00:00:00', 12, '370.27', '0.02', '2618.45', 130),
('N7ZMWGACVJJ344732', '2019-08-01 00:00:00', 19, '278.08', '0.03', '393.34', 84),
('NC0WM0W6U38530017', '2019-01-01 00:00:00', 6, '89.42', '0.02', '1154.26', 30),
('NIVJT1I8VH1312956', '2018-12-01 00:00:00', 13, '121.89', '0.02', '791.93', 140),
('NLS6KSCMBLK635055', '2019-02-01 00:00:00', 19, '147.09', '0.03', '2308.31', 119),
('NSMNR56SEOU091726', '2019-04-01 00:00:00', 13, '439.66', '0.02', '2610.80', 2),
('NTLNBNESY0F523188', '2019-03-01 00:00:00', 8, '141.59', '0.03', '6242.38', 144),
('O046TR5LOK8867896', '2019-05-01 00:00:00', 17, '48.41', '0.02', '2222.87', 83),
('O05A7ND5MR4856060', '2019-03-01 00:00:00', 5, '386.93', '0.03', '515.91', 22),
('O3PWGTDH5TE469369', '2019-06-01 00:00:00', 21, '142.91', '0.02', '4094.09', 127),
('O5TDAJX7MJE979632', '2019-01-01 00:00:00', 6, '55.79', '0.02', '906.63', 37),
('O6FN2LHJYJP625193', '2019-07-01 00:00:00', 8, '188.56', '0.03', '3691.60', 81),
('O8HL8X6RF5B065063', '2019-03-01 00:00:00', 11, '530.83', '0.02', '4607.26', 105),
('OA2AULLS70C156569', '2019-04-01 00:00:00', 4, '130.97', '0.03', '174.63', 108),
('OLSEKFK5ZQ6130350', '2019-04-01 00:00:00', 20, '61.37', '0.02', '1466.49', 132),
('OLXWF14ZOUL948008', '2019-06-01 00:00:00', 18, '186.68', '0.02', '1026.92', 42),
('OTU0G7AR2Y1800976', '2019-08-01 00:00:00', 20, '242.77', '0.02', '416.70', 125),
('OZLYJHS882G443726', '2019-07-01 00:00:00', 15, '28.60', '0.02', '1135.23', 36),
('P7JYBE6FM26738497', '2019-07-01 00:00:00', 18, '72.80', '0.02', '1195.69', 32),
('PFWLPE5OM20960896', '2019-08-01 00:00:00', 16, '99.27', '0.03', '132.36', 139),
('PHRGFZ1JX1M009627', '2019-01-01 00:00:00', 8, '148.41', '0.03', '1788.93', 167),
('PT0IZH2QSM5433241', '2019-05-01 00:00:00', 5, '71.36', '0.03', '2645.17', 20),
('Q1JHCKXK6DM600820', '2019-04-01 00:00:00', 17, '226.02', '0.02', '1516.00', 182),
('QS3WIP530WT059941', '2019-05-01 00:00:00', 15, '329.24', '0.03', '567.13', 64),
('RKZ4SH0SHZI670624', '2019-06-01 00:00:00', 18, '106.10', '0.03', '1455.76', 143),
('RQUC5JRABDA463084', '2019-06-01 00:00:00', 12, '448.81', '0.02', '1474.25', 163),
('S2HCFMZWQJY869785', '2019-08-01 00:00:00', 17, '126.07', '0.03', '835.64', 80),
('SB0II3RK4J8108311', '2019-06-01 00:00:00', 4, '153.49', '0.02', '3598.10', 110),
('SYZI0ZHYVNY547468', '2019-07-01 00:00:00', 20, '182.53', '0.03', '641.43', 67),
('T8VKW8BVR4S799169', '2018-09-01 00:00:00', 14, '519.14', '0.03', '692.18', 166),
('U0IW6RMXF3E643006', '2019-03-01 00:00:00', 8, '116.76', '0.03', '4847.41', 11),
('U18BDQFC4ZV145556', '2019-08-01 00:00:00', 10, '49.77', '0.02', '1059.23', 120),
('UDI7LAGS7QL483060', '2019-05-01 00:00:00', 12, '529.09', '0.02', '705.45', 96),
('UE0HIIE583S680065', '2019-08-01 00:00:00', 11, '166.20', '0.03', '1386.46', 101),
('UFU8XLWSHBR469828', '2019-06-01 00:00:00', 21, '127.75', '0.03', '267.70', 117),
('UHTZCO50NI6402584', '2019-05-01 00:00:00', 13, '731.13', '0.02', '1500.64', 54),
('UUWQM04TSAR411514', '2019-07-01 00:00:00', 20, '47.39', '0.02', '2094.78', 29),
('V0CS6FK0F2L619952', '2019-06-01 00:00:00', 9, '29.56', '0.02', '1162.98', 167),
('V0Y7R3VOND6385099', '2019-07-01 00:00:00', 13, '197.38', '0.02', '2023.43', 13),
('V8TT1Z53XJ3351609', '2019-08-01 00:00:00', 10, '191.75', '0.03', '1483.72', 61),
('VFRZ3NRGP3T720592', '2019-07-01 00:00:00', 13, '109.43', '0.02', '145.90', 130),
('VGDTPF85FW3798103', '2018-12-01 00:00:00', 12, '115.30', '0.02', '1835.35', 18),
('VP0U4FNOL1Q272112', '2019-03-01 00:00:00', 6, '468.16', '0.03', '1201.97', 145),
('VX5ONWMXOWC092241', '2019-08-01 00:00:00', 15, '341.84', '0.02', '1782.80', 98),
('W0VVANUKDUY874182', '2019-07-01 00:00:00', 9, '263.49', '0.02', '1481.09', 148),
('W237VB7JQCR328314', '2018-09-01 00:00:00', 16, '89.80', '0.03', '1582.39', 53),
('W65LU27EIAI574094', '2019-08-01 00:00:00', 20, '321.75', '0.03', '2642.37', 83),
('W7BJ0WMT3F1988589', '2019-06-01 00:00:00', 15, '270.00', '0.02', '360.00', 194),
('X3SCPDYFXR1281696', '2019-06-01 00:00:00', 14, '178.26', '0.03', '271.08', 53),
('X6PGCLX142L353015', '2019-07-01 00:00:00', 16, '189.16', '0.03', '283.71', 118),
('XJZQEGWAV7Q033418', '2018-11-01 00:00:00', 5, '95.14', '0.02', '778.77', 192),
('XNXLS5I71MA658964', '2018-11-01 00:00:00', 14, '399.76', '0.03', '1633.80', 104),
('XVHDHEYM76N276701', '2019-07-01 00:00:00', 20, '358.25', '0.03', '477.66', 49),
('XX30JUKVDJS500158', '2019-02-01 00:00:00', 19, '374.23', '0.03', '1190.10', 158),
('XZ0NAXD65PB590052', '2019-08-01 00:00:00', 7, '152.34', '0.02', '2469.67', 130),
('Y1DN8H2LGE6552424', '2019-08-01 00:00:00', 13, '129.52', '0.03', '2162.68', 89),
('Y7PCLTMP75Q590198', '2019-06-01 00:00:00', 20, '332.69', '0.03', '1444.24', 12),
('YB15CELIOAD030337', '2019-08-01 00:00:00', 8, '60.42', '0.03', '1784.27', 179),
('YOIOCT8QVK8729970', '2019-08-01 00:00:00', 6, '44.66', '0.03', '1234.67', 140),
('YQPUSK3G3TY698091', '2019-07-01 00:00:00', 7, '648.35', '0.02', '864.46', 118),
('YRAKHFEO0D1858938', '2019-07-01 00:00:00', 16, '102.98', '0.03', '3741.40', 14),
('YT768PDJ0NU591276', '2019-05-01 00:00:00', 18, '380.76', '0.02', '3092.56', 72),
('Z7SSR7QXU3H868079', '2019-07-01 00:00:00', 18, '373.17', '0.02', '3507.30', 147),
('ZHWDPEKYMVO700411', '2019-06-01 00:00:00', 11, '1041.49', '0.03', '9023.82', 96);

-- --------------------------------------------------------

--
-- Table structure for table `Manager`
--

CREATE TABLE `Manager` (
  `username` varchar(20) NOT NULL,
  `password` varchar(25) NOT NULL,
  `first_name` varchar(25) NOT NULL,
  `last_name` varchar(40) NOT NULL
) ENGINE=InnoDB DEFAULT CHARSET=utf8mb4;

--
-- Dumping data for table `Manager`
--

INSERT INTO `Manager` (`username`, `password`, `first_name`, `last_name`) VALUES
('user01', 'pass01', 'Gail', 'Paprocki'),
('user19', 'pass19', 'Frederica', 'Francescon'),
('user21', 'pass21', 'Jerry', 'Meinerding');

-- --------------------------------------------------------

--
-- Table structure for table `Manufacturer`
--

CREATE TABLE `Manufacturer` (
  `manufacturer_name` varchar(20) NOT NULL
) ENGINE=InnoDB DEFAULT CHARSET=utf8mb4;

--
-- Dumping data for table `Manufacturer`
--

INSERT INTO `Manufacturer` (`manufacturer_name`) VALUES
('Acura'),
('Alfa Romeo'),
('Aston Martin'),
('Audi'),
('Bentley'),
('BMW'),
('Buick'),
('Cadillac'),
('Chevrolet'),
('Chrysler'),
('Dodge'),
('Ferrari'),
('FIAT'),
('Ford'),
('Freightliner'),
('Genesis'),
('GMC'),
('Honda'),
('Hyundai'),
('INFINITI'),
('Jaguar'),
('Jeep'),
('Kia'),
('Lamborghini'),
('Land Rover'),
('Lexus'),
('Lincoln'),
('Lotus'),
('Maserati'),
('MAZDA'),
('McLaren'),
('Mercedes-Benz'),
('MINI'),
('Mitsubishi'),
('Nissan'),
('Porsche'),
('Ram'),
('Rolls-Royce'),
('smart'),
('Subaru'),
('Tesla'),
('Toyota'),
('Volkswagen'),
('Volvo');

-- --------------------------------------------------------

--
-- Table structure for table `Manufacturered_By`
--

CREATE TABLE `Manufacturered_By` (
  `manufacturer_name` varchar(40) NOT NULL,
  `vin` varchar(20) NOT NULL
) ENGINE=InnoDB DEFAULT CHARSET=utf8mb4;

--
-- Dumping data for table `Manufacturered_By`
--

INSERT INTO `Manufacturered_By` (`manufacturer_name`, `vin`) VALUES
('Acura', '35F4JXSH0HA820194'),
('Acura', '3ZQSQH7KCWX963150'),
('Acura', 'B6DYAUVZOLO290932'),
('Acura', 'CKP0OYNPTQV900997'),
('Acura', 'MML51CMHAQ5564453'),
('Acura', 'QS3WIP530WT059941'),
('Alfa Romeo', '4TSP05XM3T7777863'),
('Alfa Romeo', '6D300ABH65P725391'),
('Alfa Romeo', 'EBDPUOZW0UW750384'),
('Alfa Romeo', 'T2QRUXJS5OY889240'),
('Alfa Romeo', 'UHTZCO50NI6402584'),
('Alfa Romeo', 'ZYJSI0PV1BK763098'),
('Aston Martin', 'EUQV3A4A7F3196095'),
('Aston Martin', 'M8D0UVAUJWA611757'),
('Aston Martin', 'PA2KWUOB26B493992'),
('Aston Martin', 'RM7H44T3Y51383174'),
('Aston Martin', 'X6PGCLX142L353015'),
('Aston Martin', 'XVHDHEYM76N276701'),
('Audi', '0JF8RY7F203586325'),
('Audi', '1SW1IVG7FRC996431'),
('Audi', '6RQECM8EO3O323457'),
('Audi', '8QC0CE5XB6N801356'),
('Audi', 'D4G0CTZMD2X930012'),
('Audi', 'G40AQJDVI68882229'),
('Audi', 'GYGIT50D08O204994'),
('Audi', 'KGXXM02N16Y917081'),
('Audi', 'MSCYTFN5DLQ797580'),
('Audi', 'O4YTYHUUGAY861024'),
('Audi', 'UQHSQ06Y242436882'),
('Audi', 'VX5ONWMXOWC092241'),
('Audi', 'YKDLFUYBDYA762942'),
('Bentley', 'AEDKYKWVSR5009618'),
('Bentley', 'BKMITEBY1EN848184'),
('Bentley', 'N6FVBAYEJGB798051'),
('Bentley', 'VFRZ3NRGP3T720592'),
('BMW', '0S57SUJ4IC1640897'),
('BMW', '24PJSOHL7AV555541'),
('BMW', '2JJYDSM8ONT301410'),
('BMW', '3DKKMGIZ7YP000949'),
('BMW', 'HF61EINCEKB377113'),
('BMW', 'Q1JHCKXK6DM600820'),
('BMW', 'R5CKHASBUY3271404'),
('BMW', 'X3SCPDYFXR1281696'),
('Buick', '46B8UPAQCVW796829'),
('Buick', '60BMLFB8XK5792806'),
('Buick', '8ER23OFXZ1E916228'),
('Buick', '8OU7JH0IJU6315337'),
('Buick', 'EFWM866BVP1512173'),
('Buick', 'HQC4QIGI5R0047396'),
('Buick', 'HRKE60F31H6918971'),
('Buick', 'MNBU50BFAWY569945'),
('Buick', 'Q1HYKIDXI01152504'),
('Buick', 'TD41PRPBYNQ799837'),
('Buick', 'UVZX51MOHHZ350304'),
('Buick', 'XJZQEGWAV7Q033418'),
('Cadillac', '1TY0OZ6776O551065'),
('Cadillac', '7E5LCY5NETS057532'),
('Cadillac', 'RKZ4SH0SHZI670624'),
('Cadillac', 'VYTVYSIRWI8110696'),
('Chevrolet', 'A1NMYTKAQVI515298'),
('Chevrolet', 'GYAJMGYERH5049742'),
('Chevrolet', 'J2E2YCGES38415781'),
('Chevrolet', 'M6J2KWLLUKW587077'),
('Chevrolet', 'N5W5FFXWBXO904639'),
('Chevrolet', 'OLXWF14ZOUL948008'),
('Chevrolet', 'TEMYOH4852J438131'),
('Chevrolet', 'TZH8DUDP40V550854'),
('Chevrolet', 'YQPUSK3G3TY698091'),
('Chrysler', '47WYW4D65K1598826'),
('Chrysler', 'AZJAEE6WIG0491218'),
('Chrysler', 'UDI7LAGS7QL483060'),
('Dodge', '1NVXI5JXG3Q330243'),
('Dodge', '31WBMVJRBOT808956'),
('Dodge', '7O8R4N0I445396787'),
('Dodge', 'CLEGAGVNX62265577'),
('Dodge', 'DU400SRFFTR031554'),
('Dodge', 'V0CS6FK0F2L619952'),
('Dodge', 'YOIOCT8QVK8729970'),
('Ferrari', '1IXFVT6SR0P763165'),
('Ferrari', '5HJ7JGARQY7410384'),
('Ferrari', '5N8JUSLD214397601'),
('Ferrari', 'ELXTVDBEOKI657593'),
('Ferrari', 'HFGE5WGL31N736304'),
('Ferrari', 'O05A7ND5MR4856060'),
('Ferrari', 'QAQB3WCYJNT227228'),
('Ferrari', 'QX26HKQMAEQ650690'),
('Ferrari', 'S4JI8BAZK6A762603'),
('FIAT', '014YJPHOCI4928433'),
('FIAT', 'BIUHHJZSI4O016585'),
('FIAT', 'Y1DN8H2LGE6552424'),
('Ford', '7UNLIZIDGDO334562'),
('Ford', 'G05OT6PRY0O583244'),
('Ford', 'GIKGHMM5MB3457530'),
('Ford', 'GIOLVCOW6FP335188'),
('Ford', 'YRAKHFEO0D1858938'),
('Freightliner', '0T5ZIYO5EKW808246'),
('Freightliner', '2MHCSVAPEB8589057'),
('Freightliner', '5HIL3GKIIB7639416'),
('Freightliner', '635UCNTTHIF575495'),
('Freightliner', '8X5CIATJ07I167727'),
('Freightliner', 'DBX6KOCPLNA744149'),
('Freightliner', 'EEC7DB0AVX8841803'),
('Freightliner', 'FZ1HFZ585WR955503'),
('Freightliner', 'KUQE1AIER17796884'),
('Freightliner', 'N7ZMWGACVJJ344732'),
('Freightliner', 'NLS6KSCMBLK635055'),
('Freightliner', 'OYSBYKKMW7W431727'),
('GMC', '2P0M0KIT617709587'),
('GMC', 'J5JOI16OKT3791181'),
('GMC', 'MQRWSH8TDSA328716'),
('GMC', 'N75ES1SYYPY249965'),
('GMC', 'Y7PCLTMP75Q590198'),
('GMC', 'YCFLSZ2LT1K972631'),
('Honda', '16VZ2D5K2UA224265'),
('Honda', '22IBT631ZQB560111'),
('Honda', 'E4BX1OSN5TZ951910'),
('Honda', 'KIYLR1R5Q58616843'),
('Honda', 'PFWLPE5OM20960896'),
('Hyundai', 'AJW0OF78HVS865152'),
('Hyundai', 'F4N3GC225MT163583'),
('Hyundai', 'HHZ4SJBSKCM132962'),
('Hyundai', 'MAMDBMJQE5N094237'),
('Hyundai', 'NC0WM0W6U38530017'),
('Hyundai', 'ND31ETCB3XK917122'),
('Hyundai', 'UP0JDPVZOV5301907'),
('Hyundai', 'XX30JUKVDJS500158'),
('INFINITI', '34LPXEKDI4K738049'),
('INFINITI', '3LQVMGKNRTE915571'),
('INFINITI', '6AHSK5ZQ35S410112'),
('INFINITI', '6DBY3C036JZ509895'),
('INFINITI', 'ABCX0O07N6F519334'),
('INFINITI', 'EYJA4KTGDYQ015061'),
('INFINITI', 'NSMNR56SEOU091726'),
('INFINITI', 'SB0II3RK4J8108311'),
('INFINITI', 'V8TT1Z53XJ3351609'),
('INFINITI', 'Z7SSR7QXU3H868079'),
('Jaguar', '8CQ1LP4Q6N2279150'),
('Jaguar', 'C5V8FLVFK1H700605'),
('Jaguar', 'CZIU7B73Q86955353'),
('Jaguar', 'JQWZHRE1QQC616191'),
('Jeep', '0O3JJPHBUAP199412'),
('Jeep', '1PHWGTVKSC5888281'),
('Jeep', '3TOSZKDPVLP927027'),
('Jeep', '4YXU2TN1NJU843634'),
('Jeep', '618DR7M1L2G015076'),
('Jeep', 'O5TDAJX7MJE979632'),
('Jeep', 'OZLYJHS882G443726'),
('Jeep', 'SYZI0ZHYVNY547468'),
('Jeep', 'U18BDQFC4ZV145556'),
('Jeep', 'W65LU27EIAI574094'),
('Jeep', 'YHFU6N5VAEV603765'),
('Kia', '1H36B25NJNN984344'),
('Kia', '2A8QZNBMXTP305324'),
('Kia', '8DD32HTIZXL090058'),
('Kia', '8T3FRD4XLHS244610'),
('Kia', '8XV8E2COQQ0978402'),
('Kia', 'PXZGV28A8KN434243'),
('Lamborghini', 'AXEV4VONGOV055454'),
('Lamborghini', 'CO7U820ZYJ5637259'),
('Lamborghini', 'I6UOSGEAZM7972498'),
('Lamborghini', 'NVCHGAN36U0977013'),
('Lamborghini', 'QYJ40J7KB2A426113'),
('Lamborghini', 'S8IG7CS13D3171231'),
('Lamborghini', 'W7BJ0WMT3F1988589'),
('Land Rover', 'GH7NQUAAD1Z939191'),
('Land Rover', 'GLJRT76OYH0767251'),
('Lexus', '3UZC10YHEMA746460'),
('Lexus', 'AC4ZIL5XS7B075565'),
('Lexus', 'CB7NB6TBLMD840841'),
('Lexus', 'O8HL8X6RF5B065063'),
('Lexus', 'XZ0ZPNB3K0B900136'),
('Lexus', 'YUSPPHQSZAJ981823'),
('Lincoln', '5R18GDSB3CM032341'),
('Lincoln', 'A4YNNJNA3YO795177'),
('Lincoln', 'CN7453KYD25674641'),
('Lincoln', 'ESYSVDN5WUF888037'),
('Lincoln', 'G11UA2D181O142111'),
('Lincoln', 'K3E2NL0ALH6201724'),
('Lincoln', 'LLDC1OCSTQ1651823'),
('Lincoln', 'V4JVFR4YRS7140562'),
('Lotus', '14AFTWPBMU2455340'),
('Lotus', '3DGXA813LBG126575'),
('Lotus', '5JK48AIE01F557082'),
('Lotus', '8SJQHUYKEFC732678'),
('Lotus', 'DF6PFCH0AEX087065'),
('Lotus', 'DFXSGTSKZHC186737'),
('Lotus', 'F1IB3FDW7VP443571'),
('Lotus', 'KFWC2DGXLXB344224'),
('Lotus', 'NC50WA1NW00659248'),
('Lotus', 'NIVJT1I8VH1312956'),
('Lotus', 'PC2PIB7R435527094'),
('Lotus', 'YB15CELIOAD030337'),
('Maserati', '30TKOS7OOZE898754'),
('Maserati', '761PGMYLX0T843950'),
('Maserati', '8O3HA3XCMF8542802'),
('Maserati', 'C3FOQPRK48B009537'),
('Maserati', 'C4KG3DGR3ED999849'),
('Maserati', 'RQUC5JRABDA463084'),
('Maserati', 'S125FSF82QY167812'),
('MAZDA', '1TYZPWJUY8S534217'),
('MAZDA', '3LMQEJ637DV562400'),
('MAZDA', '5KP0CNPH5CW303661'),
('MAZDA', '68OADH2QPOS933812'),
('MAZDA', 'A7LI8UIU28Q222693'),
('MAZDA', 'FF386522UXW088260'),
('McLaren', '17HGBSZJRPL452058'),
('McLaren', '2IFG4587RJD359460'),
('McLaren', '5A12HXO5U8T698581'),
('McLaren', 'B0VBO26AVSF452216'),
('McLaren', 'JJJCTN8VPQ2786297'),
('McLaren', 'MNUX8DKOOQR070763'),
('McLaren', 'OEZQ7C5Q4IU531061'),
('McLaren', 'ONCCSRDH8DG971376'),
('McLaren', 'UE0HIIE583S680065'),
('Mercedes-Benz', 'AGIIPKOGTOH069031'),
('Mercedes-Benz', 'G0OMKKQI3ON337813'),
('Mercedes-Benz', 'OTU0G7AR2Y1800976'),
('Mercedes-Benz', 'VLB5X8345HA615648'),
('Mercedes-Benz', 'W0568WGO5WJ438874'),
('Mercedes-Benz', 'YT768PDJ0NU591276'),
('MINI', 'A2YAQD6KDWM503404'),
('MINI', 'C15HS5VBR7W535537'),
('MINI', 'EBZZN84J0L1163524'),
('MINI', 'FQQN4F0Y2Y4911016'),
('MINI', 'GX7M6O4V208624783'),
('MINI', 'OENGRAALQH3524656'),
('MINI', 'PT0IZH2QSM5433241'),
('MINI', 'R2WXKMHKPXO142205'),
('MINI', 'T8VKW8BVR4S799169'),
('MINI', 'XNXLS5I71MA658964'),
('Mitsubishi', '53WEVPX7H4X102116'),
('Mitsubishi', '75JPSZY0BUP284256'),
('Mitsubishi', '8KJNJ10WXLA842695'),
('Mitsubishi', 'AHCTXZIUNLT990408'),
('Mitsubishi', 'B8SSPH58WRS521686'),
('Mitsubishi', 'FH3BO3MF7F8943017'),
('Mitsubishi', 'GG7T8HJFVBJ354520'),
('Mitsubishi', 'P7JYBE6FM26738497'),
('Mitsubishi', 'V0Y7R3VOND6385099'),
('Mitsubishi', 'XZ0NAXD65PB590052'),
('Nissan', '5GJZF82LII6385235'),
('Nissan', 'FC5IOH7WXUG049482'),
('Nissan', 'K0JT3JN6GHR755604'),
('Nissan', 'OA2AULLS70C156569'),
('Nissan', 'QI0DMNKRDZJ539897'),
('Nissan', 'RY17GJBS8P0724570'),
('Nissan', 'S2HCFMZWQJY869785'),
('Nissan', 'UUWQM04TSAR411514'),
('Porsche', '6KWLNKZW7TB480162'),
('Porsche', '7QIC6ZYHPQP552709'),
('Porsche', 'OOXPL1JMKRX336822'),
('Porsche', 'ZHWDPEKYMVO700411'),
('Ram', '13AVT0QCFFF714899'),
('Ram', 'FLFOADSEVDJ743887'),
('Ram', 'N7UGS5V1OX0015212'),
('Ram', 'O6FN2LHJYJP625193'),
('Ram', 'UFU8XLWSHBR469828'),
('Ram', 'ZIOUZCIZ0X5709697'),
('smart', '1P4CYBF55BZ319515'),
('smart', '1RYAWHVZXTT082005'),
('smart', 'DEOLOLBLB64628851'),
('smart', 'HKABMRUAW8E433308'),
('smart', 'KZS5B30QSTV993892'),
('smart', 'NTLNBNESY0F523188'),
('smart', 'W237VB7JQCR328314'),
('Subaru', '6U7HLHZK3GP057957'),
('Subaru', '73MVKB63GMJ964569'),
('Subaru', '8HVXXFQ4M58279132'),
('Subaru', 'HIAW0SH7XKK539730'),
('Subaru', 'HRDP63I3VLX490165'),
('Tesla', '0OE58G1RATR240921'),
('Tesla', '4MXLVV84A6C633165'),
('Tesla', 'F2Q618FX05Z072513'),
('Tesla', 'KU7WAYY7WVW387657'),
('Tesla', 'O046TR5LOK8867896'),
('Tesla', 'O3PWGTDH5TE469369'),
('Tesla', 'U0IW6RMXF3E643006'),
('Tesla', 'UY0J2ZE2WC4929234'),
('Tesla', 'VBBOZZ22420324583'),
('Tesla', 'VGDTPF85FW3798103'),
('Toyota', '4G1Z11HOQ3P797692'),
('Toyota', '5A77A0KQT4Q738091'),
('Toyota', 'OLSEKFK5ZQ6130350'),
('Toyota', 'PHRGFZ1JX1M009627'),
('Toyota', 'VP0U4FNOL1Q272112'),
('Volkswagen', '8SL0YJUFMTV627191'),
('Volkswagen', 'H0NTC0VHQRA123485'),
('Volkswagen', 'H8V4P7W7UDF905029'),
('Volkswagen', 'HE08QS6227G217277'),
('Volkswagen', 'KGZT23UL65F408436'),
('Volkswagen', 'KY0VD426W8P596125'),
('Volkswagen', 'OWWSKLAS7QX817356'),
('Volkswagen', 'ZXLGMAQXH21862670'),
('Volvo', '37HKK6A8BK4624844'),
('Volvo', '4PQ5C344WM2161232'),
('Volvo', '88KRF6X46P3045996'),
('Volvo', 'AB8O6IWO8YG995749'),
('Volvo', 'RIZTDYYGYS8802889'),
('Volvo', 'W0VVANUKDUY874182'),
('Volvo', 'ZWW7VOTXOEE355574');

-- --------------------------------------------------------

--
-- Table structure for table `Owner`
--

CREATE TABLE `Owner` (
  `username` varchar(20) NOT NULL,
  `password` varchar(25) NOT NULL,
  `first_name` varchar(25) NOT NULL,
  `last_name` varchar(40) NOT NULL,
  `sales_staff_id` int(5) UNSIGNED NOT NULL,
  `inventory_staff_id` int(5) UNSIGNED NOT NULL
) ENGINE=InnoDB DEFAULT CHARSET=utf8mb4;

--
-- Dumping data for table `Owner`
--

INSERT INTO `Owner` (`username`, `password`, `first_name`, `last_name`, `sales_staff_id`, `inventory_staff_id`) VALUES
('burdell', 'burdell', 'G', 'Burdell', 1, 1);

-- --------------------------------------------------------

--
-- Table structure for table `Parts`
--

CREATE TABLE `Parts` (
  `vin` varchar(20) NOT NULL,
  `burdells_purchase_order_number` varchar(25) NOT NULL,
  `part_number` varchar(20) NOT NULL,
  `part_cost` decimal(6,2) NOT NULL,
  `part_status` set('ordered','received','installed') DEFAULT NULL,
  `description_of_the_part` varchar(250) DEFAULT NULL
) ENGINE=InnoDB DEFAULT CHARSET=utf8mb4;

--
-- Dumping data for table `Parts`
--

INSERT INTO `Parts` (`vin`, `burdells_purchase_order_number`, `part_number`, `part_cost`, `part_status`, `description_of_the_part`) VALUES
('014YJPHOCI4928433', '014YJPHOCI4928433-001', 'HI-BAE0021', '37.28', 'installed', 'Valance'),
('014YJPHOCI4928433', '014YJPHOCI4928433-001', 'HI-EAEESS0055', '48.10', 'installed', 'Battery box'),
('014YJPHOCI4928433', '014YJPHOCI4928433-001', 'HI-EAELASS0087', '22.04', 'installed', 'Headlight motor'),
('0JF8RY7F203586325', '0JF8RY7F203586325-001', 'GT-BAE0019', '26.23', 'installed', 'Trim package'),
('0JF8RY7F203586325', '0JF8RY7F203586325-001', 'GT-EAEGAM0074', '44.97', 'installed', 'Water temperature meter'),
('0JF8RY7F203586325', '0JF8RY7F203586325-001', 'GT-PACBS0163', '22.41', 'installed', 'Anti-lock braking system'),
('0JF8RY7F203586325', '0JF8RY7F203586325-001', 'GT-PACBS0190', '14.36', 'installed', 'Hose'),
('0O3JJPHBUAP199412', '0O3JJPHBUAP199412-001', 'MH-EAEM0133', '7.79', 'received', 'Alarm and siren'),
('0O3JJPHBUAP199412', '0O3JJPHBUAP199412-002', 'KS-BAED0026', '23.29', 'installed', 'Door control module'),
('0O3JJPHBUAP199412', '0O3JJPHBUAP199412-002', 'KS-EAEM0148', '28.16', 'ordered', 'Speedometer calibrator'),
('0OE58G1RATR240921', '0OE58G1RATR240921-001', 'KS-BAEW0040', '54.90', 'received', 'Window seal'),
('0OE58G1RATR240921', '0OE58G1RATR240921-001', 'KS-EAEGAM0064', '28.39', 'installed', 'Dynamometer'),
('0OE58G1RATR240921', '0OE58G1RATR240921-001', 'KS-PACBS0172', '17.09', 'installed', 'Brake drum'),
('0OE58G1RATR240921', '0OE58G1RATR240921-001', 'KS-PACBS0176', '86.25', 'received', 'Brake piston'),
('0OE58G1RATR240921', '0OE58G1RATR240921-002', 'SS-PACBS0184', '47.16', 'installed', 'Brake warning light'),
('0OE58G1RATR240921', '0OE58G1RATR240921-002', 'SS-PACBS0193', '91.32', 'received', 'Brake duct hose'),
('0S57SUJ4IC1640897', '0S57SUJ4IC1640897-001', 'DN-BAE0014', '231.96', 'ordered', 'Rocker panel'),
('0S57SUJ4IC1640897', '0S57SUJ4IC1640897-001', 'DN-EAEGAM0062', '189.39', 'received', 'Ammeter'),
('0S57SUJ4IC1640897', '0S57SUJ4IC1640897-001', 'DN-EAEIS0077', '332.68', 'received', 'Electronic timing controller'),
('0S57SUJ4IC1640897', '0S57SUJ4IC1640897-001', 'DN-EAES0122', '283.30', 'received', 'Power window switch'),
('0S57SUJ4IC1640897', '0S57SUJ4IC1640897-002', 'PP-ICS0161', '313.28', 'received', 'Seat cover'),
('0S57SUJ4IC1640897', '0S57SUJ4IC1640897-003', 'HI-BAE0008', '324.17', 'received', 'Front clip'),
('0S57SUJ4IC1640897', '0S57SUJ4IC1640897-003', 'HI-EAEGAM0066', '343.75', 'installed', 'Hydrometer'),
('0S57SUJ4IC1640897', '0S57SUJ4IC1640897-003', 'HI-EAES0121', '273.16', 'ordered', 'Ignition Switch'),
('0S57SUJ4IC1640897', '0S57SUJ4IC1640897-003', 'HI-PACBS0189', '9.06', 'received', 'Hold-down springs'),
('0S57SUJ4IC1640897', '0S57SUJ4IC1640897-004', 'SS-BAE0004', '199.58', 'ordered', 'Cowl screen'),
('0S57SUJ4IC1640897', '0S57SUJ4IC1640897-004', 'SS-BAED0024', '137.33', 'installed', 'Outer door handle'),
('0S57SUJ4IC1640897', '0S57SUJ4IC1640897-004', 'SS-BAEW0035', '283.27', 'ordered', 'Sunroof motor'),
('0S57SUJ4IC1640897', '0S57SUJ4IC1640897-005', 'PP-BAE0006', '9.57', 'ordered', 'Fascia rear and support'),
('0S57SUJ4IC1640897', '0S57SUJ4IC1640897-005', 'PP-EAELASS0088', '93.02', 'installed', 'Interior light and lamp'),
('0S57SUJ4IC1640897', '0S57SUJ4IC1640897-005', 'PP-EAES0107', '256.77', 'installed', 'Temperature sensor'),
('0S57SUJ4IC1640897', '0S57SUJ4IC1640897-005', 'PP-EAES0123', '161.42', 'installed', 'Steering column switch'),
('13AVT0QCFFF714899', '13AVT0QCFFF714899-001', 'OA-BAE0007', '196.00', 'installed', 'Fender Musical Instruments Corporation'),
('13AVT0QCFFF714899', '13AVT0QCFFF714899-001', 'OA-EAES0095', '3.84', 'installed', 'Camshaft position sensor'),
('13AVT0QCFFF714899', '13AVT0QCFFF714899-001', 'OA-EAESS0115', '96.27', 'installed', 'Starter'),
('13AVT0QCFFF714899', '13AVT0QCFFF714899-002', 'OE-EAEAD0045', '57.94', 'installed', 'Speaker'),
('13AVT0QCFFF714899', '13AVT0QCFFF714899-002', 'OE-EAEM0148', '197.61', 'installed', 'Speedometer calibrator'),
('16VZ2D5K2UA224265', '16VZ2D5K2UA224265-001', 'SS-EAEGAM0071', '76.59', 'installed', 'Tire pressure gauge'),
('16VZ2D5K2UA224265', '16VZ2D5K2UA224265-002', 'BX-EAEM0144', '20.18', 'installed', 'Relay connector'),
('16VZ2D5K2UA224265', '16VZ2D5K2UA224265-003', 'OH-EAEESS0053', '34.43', 'installed', 'Battery'),
('1IXFVT6SR0P763165', '1IXFVT6SR0P763165-001', 'BX-BAE0010', '92.27', 'installed', 'Grille'),
('1NVXI5JXG3Q330243', '1NVXI5JXG3Q330243-001', 'DN-PACBS0190', '2.49', 'ordered', 'Hose'),
('1NVXI5JXG3Q330243', '1NVXI5JXG3Q330243-002', 'DN-BAEW0039', '99.33', 'received', 'Windshield washer motor'),
('1NVXI5JXG3Q330243', '1NVXI5JXG3Q330243-002', 'DN-EAES0109', '30.23', 'installed', 'ABS brack sensor'),
('1NVXI5JXG3Q330243', '1NVXI5JXG3Q330243-003', 'KS-BAE0011', '89.21', 'received', 'Pillar and hard trim'),
('1NVXI5JXG3Q330243', '1NVXI5JXG3Q330243-003', 'KS-BAEW0040', '49.40', 'received', 'Window seal'),
('1NVXI5JXG3Q330243', '1NVXI5JXG3Q330243-003', 'KS-EAEGAM0063', '39.50', 'installed', 'Clinometer'),
('1NVXI5JXG3Q330243', '1NVXI5JXG3Q330243-003', 'KS-PACBS0171', '3.37', 'received', 'Brake disc'),
('1NVXI5JXG3Q330243', '1NVXI5JXG3Q330243-004', 'SS-EAEM0146', '119.79', 'installed', 'Shift improver'),
('1NVXI5JXG3Q330243', '1NVXI5JXG3Q330243-005', 'SX-EAES0124', '110.12', 'ordered', 'Switch cover'),
('1NVXI5JXG3Q330243', '1NVXI5JXG3Q330243-005', 'SX-IFCAP0151', '5.39', 'received', 'Carpet and other floor material'),
('1NVXI5JXG3Q330243', '1NVXI5JXG3Q330243-006', 'SS-BAE0013', '9.98', 'installed', 'Radiator core support'),
('1NVXI5JXG3Q330243', '1NVXI5JXG3Q330243-006', 'SS-EAES0094', '130.92', 'ordered', 'Anti-pinch sensor'),
('1NVXI5JXG3Q330243', '1NVXI5JXG3Q330243-006', 'SS-EAES0098', '40.50', 'ordered', 'Fuel level sensor'),
('1NVXI5JXG3Q330243', '1NVXI5JXG3Q330243-006', 'SS-PACBS0195', '98.82', 'received', 'Load-sensing valve'),
('1P4CYBF55BZ319515', '1P4CYBF55BZ319515-001', 'KS-EAESS0116', '25.47', 'installed', 'Starter drive'),
('1P4CYBF55BZ319515', '1P4CYBF55BZ319515-002', 'KS-BAE0011', '0.44', 'installed', 'Pillar and hard trim'),
('1PHWGTVKSC5888281', '1PHWGTVKSC5888281-001', 'BX-PACBS0174', '28.88', 'installed', 'Brake pad'),
('1PHWGTVKSC5888281', '1PHWGTVKSC5888281-002', 'HI-ICS0160', '13.01', 'installed', 'Seat bracket'),
('1RYAWHVZXTT082005', '1RYAWHVZXTT082005-001', 'SE-BAE0004', '22.57', 'installed', 'Cowl screen'),
('1RYAWHVZXTT082005', '1RYAWHVZXTT082005-001', 'SE-BAEW0040', '49.13', 'installed', 'Window seal'),
('1RYAWHVZXTT082005', '1RYAWHVZXTT082005-001', 'SE-PACBS0198', '50.90', 'received', 'Other braking system parts'),
('1RYAWHVZXTT082005', '1RYAWHVZXTT082005-002', 'PP-EAEM0146', '15.70', 'installed', 'Shift improver'),
('1RYAWHVZXTT082005', '1RYAWHVZXTT082005-002', 'PP-ICS0157', '79.63', 'ordered', 'Fastener'),
('1RYAWHVZXTT082005', '1RYAWHVZXTT082005-003', 'SE-EAECS0051', '29.48', 'received', 'Alternator fan'),
('1RYAWHVZXTT082005', '1RYAWHVZXTT082005-003', 'SE-EAEGAM0069', '74.98', 'ordered', 'Tachometer'),
('1RYAWHVZXTT082005', '1RYAWHVZXTT082005-004', 'XM-EAES0095', '160.96', 'installed', 'Camshaft position sensor'),
('1RYAWHVZXTT082005', '1RYAWHVZXTT082005-004', 'XM-EAES0113', '154.95', 'ordered', 'Oil level sensor'),
('1SW1IVG7FRC996431', '1SW1IVG7FRC996431-001', 'SS-BAE0009', '3.22', 'installed', 'Front fascia and header panel'),
('1SW1IVG7FRC996431', '1SW1IVG7FRC996431-001', 'SS-BAEW0035', '10.02', 'installed', 'Sunroof motor'),
('1SW1IVG7FRC996431', '1SW1IVG7FRC996431-001', 'SS-EAEESS0060', '4.61', 'installed', 'Battery tray'),
('1SW1IVG7FRC996431', '1SW1IVG7FRC996431-001', 'SS-PACBS0196', '22.98', 'installed', 'Master Cylinder'),
('1SW1IVG7FRC996431', '1SW1IVG7FRC996431-002', 'ZT-BAED0027', '52.85', 'installed', 'Door seal'),
('1SW1IVG7FRC996431', '1SW1IVG7FRC996431-002', 'ZT-EAES0097', '37.25', 'installed', 'Engine sensor'),
('1SW1IVG7FRC996431', '1SW1IVG7FRC996431-002', 'ZT-EAES0107', '8.44', 'installed', 'Temperature sensor'),
('1SW1IVG7FRC996431', '1SW1IVG7FRC996431-002', 'ZT-PACBS0188', '26.33', 'installed', 'Dual circuit brake system'),
('1TY0OZ6776O551065', '1TY0OZ6776O551065-001', 'SE-BAE0011', '2.15', 'installed', 'Pillar and hard trim'),
('1TY0OZ6776O551065', '1TY0OZ6776O551065-001', 'SE-ICS0154', '46.67', 'installed', 'Bench Seat'),
('1TY0OZ6776O551065', '1TY0OZ6776O551065-001', 'SE-ICS0162', '54.55', 'installed', 'Seat track'),
('1TY0OZ6776O551065', '1TY0OZ6776O551065-001', 'SE-PACBS0183', '17.40', 'installed', 'Shoe web'),
('1TY0OZ6776O551065', '1TY0OZ6776O551065-002', 'PP-BAE0008', '4.97', 'installed', 'Front clip'),
('1TY0OZ6776O551065', '1TY0OZ6776O551065-002', 'PP-EAEWH0128', '51.34', 'installed', 'Air conditioning harness'),
('1TY0OZ6776O551065', '1TY0OZ6776O551065-002', 'PP-PACBS0176', '24.24', 'installed', 'Brake piston'),
('1TYZPWJUY8S534217', '1TYZPWJUY8S534217-001', 'FH-BAE0022', '135.58', 'installed', 'Welded assembly'),
('1TYZPWJUY8S534217', '1TYZPWJUY8S534217-001', 'FH-EAEM0147', '101.29', 'received', 'Speed controller'),
('1TYZPWJUY8S534217', '1TYZPWJUY8S534217-001', 'FH-ICS0155', '50.17', 'installed', 'Bucket Seat'),
('1TYZPWJUY8S534217', '1TYZPWJUY8S534217-002', 'BX-BAE0000', '19.26', 'installed', 'Bonnet/hood'),
('1TYZPWJUY8S534217', '1TYZPWJUY8S534217-002', 'BX-BAE0005', '49.34', 'ordered', 'Decklid'),
('22IBT631ZQB560111', '22IBT631ZQB560111-001', 'MH-EAEGAM0068', '7.56', 'installed', 'Speedometer'),
('22IBT631ZQB560111', '22IBT631ZQB560111-001', 'MH-PACBS0165', '54.59', 'installed', 'Adjusting mechanism'),
('22IBT631ZQB560111', '22IBT631ZQB560111-001', 'MH-PACBS0187', '87.48', 'installed', 'Combination valve'),
('22IBT631ZQB560111', '22IBT631ZQB560111-001', 'MH-PACBS0196', '10.09', 'ordered', 'Master Cylinder'),
('22IBT631ZQB560111', '22IBT631ZQB560111-002', 'OE-BAE0003', '10.85', 'installed', 'Exposed bumper'),
('22IBT631ZQB560111', '22IBT631ZQB560111-002', 'OE-EAEIS0081', '58.41', 'ordered', 'Ignition controller'),
('22IBT631ZQB560111', '22IBT631ZQB560111-002', 'OE-EAELASS0090', '42.15', 'installed', 'Side lighting'),
('22IBT631ZQB560111', '22IBT631ZQB560111-003', 'OA-BAE0013', '32.19', 'ordered', 'Radiator core support'),
('22IBT631ZQB560111', '22IBT631ZQB560111-003', 'OA-EAEM0133', '3.23', 'received', 'Alarm and siren'),
('22IBT631ZQB560111', '22IBT631ZQB560111-003', 'OA-EAES0107', '6.53', 'ordered', 'Temperature sensor'),
('22IBT631ZQB560111', '22IBT631ZQB560111-003', 'OA-EAEWH0131', '92.12', 'received', 'Underfloor harness'),
('22IBT631ZQB560111', '22IBT631ZQB560111-004', 'KS-BAE0007', '82.14', 'received', 'Fender Musical Instruments Corporation'),
('22IBT631ZQB560111', '22IBT631ZQB560111-004', 'KS-BAE0012', '45.87', 'ordered', 'Quarter panel'),
('22IBT631ZQB560111', '22IBT631ZQB560111-004', 'KS-PACBS0168', '58.66', 'received', 'Brake backing plate'),
('22IBT631ZQB560111', '22IBT631ZQB560111-004', 'KS-PACBS0187', '10.24', 'installed', 'Combination valve'),
('24PJSOHL7AV555541', '24PJSOHL7AV555541-001', 'DN-BAED0023', '30.13', 'received', 'Door beam and panel'),
('24PJSOHL7AV555541', '24PJSOHL7AV555541-001', 'DN-EAEIS0081', '71.43', 'installed', 'Ignition controller'),
('24PJSOHL7AV555541', '24PJSOHL7AV555541-001', 'DN-EAES0106', '29.71', 'ordered', 'Rotational sensor'),
('24PJSOHL7AV555541', '24PJSOHL7AV555541-002', 'DN-BAED0029', '31.45', 'installed', 'Hinge'),
('24PJSOHL7AV555541', '24PJSOHL7AV555541-003', 'SO-EAES0125', '28.81', 'received', 'Switch panel'),
('24PJSOHL7AV555541', '24PJSOHL7AV555541-004', 'SE-BAE0019', '41.25', 'received', 'Trim package'),
('24PJSOHL7AV555541', '24PJSOHL7AV555541-004', 'SE-EAES0106', '2.18', 'installed', 'Rotational sensor'),
('24PJSOHL7AV555541', '24PJSOHL7AV555541-004', 'SE-EAESS0117', '65.47', 'installed', 'Starter Motor'),
('24PJSOHL7AV555541', '24PJSOHL7AV555541-004', 'SE-PACBS0167', '63.66', 'installed', 'Bleed nipple'),
('24PJSOHL7AV555541', '24PJSOHL7AV555541-005', 'FH-BAE0011', '55.98', 'received', 'Pillar and hard trim'),
('24PJSOHL7AV555541', '24PJSOHL7AV555541-005', 'FH-EAEGAM0069', '12.32', 'installed', 'Tachometer'),
('24PJSOHL7AV555541', '24PJSOHL7AV555541-005', 'FH-EAELASS0091', '19.98', 'installed', 'Tail light'),
('24PJSOHL7AV555541', '24PJSOHL7AV555541-005', 'FH-EAES0103', '45.79', 'ordered', 'Power-steering pressure sensor'),
('24PJSOHL7AV555541', '24PJSOHL7AV555541-006', 'OA-BAED0025', '48.53', 'ordered', 'Inner door handle'),
('24PJSOHL7AV555541', '24PJSOHL7AV555541-006', 'OA-ICS0162', '1.97', 'received', 'Seat track'),
('24PJSOHL7AV555541', '24PJSOHL7AV555541-006', 'OA-PACBS0167', '58.82', 'received', 'Bleed nipple'),
('24PJSOHL7AV555541', '24PJSOHL7AV555541-006', 'OA-PACBS0168', '71.72', 'ordered', 'Brake backing plate'),
('2A8QZNBMXTP305324', '2A8QZNBMXTP305324-001', 'BX-EAEGAM0065', '4.75', 'installed', 'Fuel gauge'),
('2A8QZNBMXTP305324', '2A8QZNBMXTP305324-001', 'BX-EAEWH0128', '16.62', 'installed', 'Air conditioning harness'),
('2A8QZNBMXTP305324', '2A8QZNBMXTP305324-001', 'BX-PACBS0186', '63.56', 'installed', 'Caliper'),
('2A8QZNBMXTP305324', '2A8QZNBMXTP305324-002', 'SS-BAE0018', '66.08', 'installed', 'Rear spoiler'),
('2A8QZNBMXTP305324', '2A8QZNBMXTP305324-002', 'SS-EAEAD0041', '33.42', 'installed', 'Antenna assembly'),
('2A8QZNBMXTP305324', '2A8QZNBMXTP305324-002', 'SS-ICS0157', '51.78', 'installed', 'Fastener'),
('2JJYDSM8ONT301410', '2JJYDSM8ONT301410-001', 'GT-EAES0094', '71.01', 'installed', 'Anti-pinch sensor'),
('2JJYDSM8ONT301410', '2JJYDSM8ONT301410-001', 'GT-ICS0157', '87.56', 'received', 'Fastener'),
('2JJYDSM8ONT301410', '2JJYDSM8ONT301410-002', 'ZN-EAEESS0056', '96.68', 'ordered', 'Battery cable terminal'),
('2JJYDSM8ONT301410', '2JJYDSM8ONT301410-002', 'ZN-EAEIS0080', '82.09', 'ordered', 'Ignition coil parts'),
('2JJYDSM8ONT301410', '2JJYDSM8ONT301410-002', 'ZN-ICS0155', '71.14', 'ordered', 'Bucket Seat'),
('2JJYDSM8ONT301410', '2JJYDSM8ONT301410-003', 'GT-BAE0004', '90.87', 'ordered', 'Cowl screen'),
('2JJYDSM8ONT301410', '2JJYDSM8ONT301410-003', 'GT-BAEW0040', '63.07', 'received', 'Window seal'),
('2JJYDSM8ONT301410', '2JJYDSM8ONT301410-003', 'GT-EAEESS0057', '9.40', 'ordered', 'Battery cable'),
('2MHCSVAPEB8589057', '2MHCSVAPEB8589057-001', 'RN-EAEESS0054', '52.06', 'installed', 'Performance battery'),
('2MHCSVAPEB8589057', '2MHCSVAPEB8589057-001', 'RN-EAELASS0091', '5.65', 'installed', 'Tail light'),
('2MHCSVAPEB8589057', '2MHCSVAPEB8589057-001', 'RN-PACBS0168', '67.80', 'installed', 'Brake backing plate'),
('2MHCSVAPEB8589057', '2MHCSVAPEB8589057-001', 'RN-PACBS0192', '29.21', 'installed', 'Air brake nylon hose'),
('2MHCSVAPEB8589057', '2MHCSVAPEB8589057-002', 'HI-EAELASS0089', '98.32', 'installed', 'License plate lamp'),
('2P0M0KIT617709587', '2P0M0KIT617709587-001', 'GT-EAELASS0087', '22.17', 'installed', 'Headlight motor'),
('2P0M0KIT617709587', '2P0M0KIT617709587-002', 'OH-PACBS0195', '4.73', 'ordered', 'Load-sensing valve'),
('2P0M0KIT617709587', '2P0M0KIT617709587-003', 'KS-PACBS0169', '113.63', 'received', 'Brake backing pad'),
('2P0M0KIT617709587', '2P0M0KIT617709587-004', 'FH-EAECS0048', '114.43', 'installed', 'Alternator'),
('2P0M0KIT617709587', '2P0M0KIT617709587-004', 'FH-EAES0096', '106.21', 'received', 'Crankshaft position sensor'),
('2P0M0KIT617709587', '2P0M0KIT617709587-004', 'FH-EAESS0119', '95.57', 'installed', 'Spark Plug'),
('2P0M0KIT617709587', '2P0M0KIT617709587-005', 'FH-BAE0009', '7.06', 'received', 'Front fascia and header panel'),
('2P0M0KIT617709587', '2P0M0KIT617709587-005', 'FH-EAEGAM0074', '107.69', 'installed', 'Water temperature meter'),
('30TKOS7OOZE898754', '30TKOS7OOZE898754-001', 'OA-EAEM0135', '76.22', 'installed', 'Chassis control computer'),
('30TKOS7OOZE898754', '30TKOS7OOZE898754-001', 'OA-EAES0126', '107.22', 'installed', 'Thermostat'),
('30TKOS7OOZE898754', '30TKOS7OOZE898754-002', 'PP-BAE0001', '88.27', 'installed', 'Bumper'),
('30TKOS7OOZE898754', '30TKOS7OOZE898754-002', 'PP-BAED0029', '59.29', 'installed', 'Hinge'),
('30TKOS7OOZE898754', '30TKOS7OOZE898754-002', 'PP-PACBS0185', '53.14', 'installed', 'Calibrated friction brake'),
('30TKOS7OOZE898754', '30TKOS7OOZE898754-003', 'BX-EAECS0048', '76.93', 'installed', 'Alternator'),
('30TKOS7OOZE898754', '30TKOS7OOZE898754-004', 'ZT-ICS0159', '40.76', 'installed', 'Seat Belt'),
('30TKOS7OOZE898754', '30TKOS7OOZE898754-005', 'XM-EAELASS0088', '23.74', 'installed', 'Interior light and lamp'),
('30TKOS7OOZE898754', '30TKOS7OOZE898754-005', 'XM-EAES0100', '31.13', 'installed', 'Light sensor'),
('31WBMVJRBOT808956', '31WBMVJRBOT808956-001', 'GT-BAE0000', '29.26', 'installed', 'Bonnet/hood'),
('31WBMVJRBOT808956', '31WBMVJRBOT808956-001', 'GT-PACBS0175', '114.27', 'installed', 'Brake pedal'),
('31WBMVJRBOT808956', '31WBMVJRBOT808956-001', 'GT-PACBS0195', '98.73', 'installed', 'Load-sensing valve'),
('31WBMVJRBOT808956', '31WBMVJRBOT808956-002', 'KS-EAES0095', '21.27', 'installed', 'Camshaft position sensor'),
('31WBMVJRBOT808956', '31WBMVJRBOT808956-002', 'KS-EAES0101', '153.06', 'installed', 'Manifold absolute pressure sensor'),
('31WBMVJRBOT808956', '31WBMVJRBOT808956-002', 'KS-ICS0162', '93.99', 'installed', 'Seat track'),
('31WBMVJRBOT808956', '31WBMVJRBOT808956-003', 'ZY-EAEGAM0062', '63.50', 'installed', 'Ammeter'),
('31WBMVJRBOT808956', '31WBMVJRBOT808956-003', 'ZY-PACBS0170', '157.97', 'installed', 'Brake cooling duct'),
('34LPXEKDI4K738049', '34LPXEKDI4K738049-001', 'MH-BAE0002', '47.48', 'installed', 'Unexposed bumper'),
('34LPXEKDI4K738049', '34LPXEKDI4K738049-001', 'MH-EAEM0138', '113.08', 'installed', 'Engine computer and management system'),
('34LPXEKDI4K738049', '34LPXEKDI4K738049-001', 'MH-EAESS0118', '50.58', 'received', 'Starter solenoid'),
('34LPXEKDI4K738049', '34LPXEKDI4K738049-001', 'MH-PACBS0186', '107.51', 'installed', 'Caliper'),
('35F4JXSH0HA820194', '35F4JXSH0HA820194-001', 'GT-BAE0004', '4.60', 'installed', 'Cowl screen'),
('35F4JXSH0HA820194', '35F4JXSH0HA820194-001', 'GT-EAES0100', '32.42', 'installed', 'Light sensor'),
('35F4JXSH0HA820194', '35F4JXSH0HA820194-002', 'SS-EAEM0134', '15.82', 'installed', 'Central locking system'),
('37HKK6A8BK4624844', '37HKK6A8BK4624844-001', 'KS-ICS0162', '15.84', 'ordered', 'Seat track'),
('3DKKMGIZ7YP000949', '3DKKMGIZ7YP000949-001', 'HI-EAEM0133', '10.43', 'installed', 'Alarm and siren'),
('3DKKMGIZ7YP000949', '3DKKMGIZ7YP000949-001', 'HI-IFCAP0151', '7.66', 'ordered', 'Carpet and other floor material'),
('3DKKMGIZ7YP000949', '3DKKMGIZ7YP000949-002', 'DN-EAEAD0046', '1.71', 'ordered', 'Tuner'),
('3DKKMGIZ7YP000949', '3DKKMGIZ7YP000949-002', 'DN-EAELASS0089', '37.13', 'ordered', 'License plate lamp'),
('3DKKMGIZ7YP000949', '3DKKMGIZ7YP000949-002', 'DN-EAES0102', '6.35', 'ordered', 'Oxygen sensor'),
('3DKKMGIZ7YP000949', '3DKKMGIZ7YP000949-003', 'SS-EAES0109', '13.20', 'ordered', 'ABS brack sensor'),
('3LMQEJ637DV562400', '3LMQEJ637DV562400-001', 'FH-BAE0020', '18.25', 'installed', 'Trunk'),
('3LMQEJ637DV562400', '3LMQEJ637DV562400-001', 'FH-EAEGAM0070', '4.31', 'installed', 'Temperature gauge'),
('3LMQEJ637DV562400', '3LMQEJ637DV562400-001', 'FH-EAEM0135', '39.45', 'installed', 'Chassis control computer'),
('3LMQEJ637DV562400', '3LMQEJ637DV562400-001', 'FH-EAES0104', '36.94', 'installed', 'Pressure sensor'),
('3LMQEJ637DV562400', '3LMQEJ637DV562400-002', 'BX-EAES0103', '45.01', 'installed', 'Power-steering pressure sensor'),
('3LMQEJ637DV562400', '3LMQEJ637DV562400-003', 'HI-EAEAD0042', '48.08', 'installed', 'Antenna cable'),
('3LMQEJ637DV562400', '3LMQEJ637DV562400-003', 'HI-EAELASS0089', '46.78', 'installed', 'License plate lamp'),
('3LMQEJ637DV562400', '3LMQEJ637DV562400-003', 'HI-EAES0126', '4.72', 'installed', 'Thermostat'),
('3LMQEJ637DV562400', '3LMQEJ637DV562400-004', 'ZT-BAE0006', '44.12', 'installed', 'Fascia rear and support'),
('3LMQEJ637DV562400', '3LMQEJ637DV562400-004', 'ZT-EAELASS0087', '4.23', 'installed', 'Headlight motor'),
('3LMQEJ637DV562400', '3LMQEJ637DV562400-004', 'ZT-PACBS0168', '17.97', 'installed', 'Brake backing plate'),
('3LMQEJ637DV562400', '3LMQEJ637DV562400-004', 'ZT-PACBS0194', '26.24', 'installed', 'Hydraulic booster unit'),
('3LMQEJ637DV562400', '3LMQEJ637DV562400-005', 'BX-EAES0101', '31.48', 'installed', 'Manifold absolute pressure sensor'),
('3LQVMGKNRTE915571', '3LQVMGKNRTE915571-001', 'SE-EAEM0149', '73.23', 'installed', 'Transmission computer'),
('3LQVMGKNRTE915571', '3LQVMGKNRTE915571-001', 'SE-PACBS0168', '107.28', 'received', 'Brake backing plate'),
('3LQVMGKNRTE915571', '3LQVMGKNRTE915571-001', 'SE-PACBS0193', '47.74', 'ordered', 'Brake duct hose'),
('3LQVMGKNRTE915571', '3LQVMGKNRTE915571-002', 'HI-PACBS0177', '26.26', 'installed', 'Brake pump'),
('3LQVMGKNRTE915571', '3LQVMGKNRTE915571-003', 'MH-ICS0155', '141.96', 'received', 'Bucket Seat'),
('3LQVMGKNRTE915571', '3LQVMGKNRTE915571-003', 'MH-PACBS0177', '12.87', 'received', 'Brake pump'),
('3UZC10YHEMA746460', '3UZC10YHEMA746460-001', 'SX-EAEM0148', '1223.59', 'installed', 'Speedometer calibrator'),
('3UZC10YHEMA746460', '3UZC10YHEMA746460-001', 'SX-PACBS0172', '1119.92', 'installed', 'Brake drum'),
('3UZC10YHEMA746460', '3UZC10YHEMA746460-002', 'ZN-BAE0008', '872.18', 'received', 'Front clip'),
('3UZC10YHEMA746460', '3UZC10YHEMA746460-002', 'ZN-BAEW0040', '527.58', 'installed', 'Window seal'),
('3UZC10YHEMA746460', '3UZC10YHEMA746460-002', 'ZN-EAELASS0084', '1213.90', 'ordered', 'Fog Light'),
('3UZC10YHEMA746460', '3UZC10YHEMA746460-002', 'ZN-EAELASS0092', '610.90', 'received', 'Tail light cover'),
('3ZQSQH7KCWX963150', '3ZQSQH7KCWX963150-001', 'HI-EAECS0049', '6.74', 'installed', 'Alternator bearing'),
('3ZQSQH7KCWX963150', '3ZQSQH7KCWX963150-001', 'HI-EAEGAM0074', '24.56', 'installed', 'Water temperature meter'),
('3ZQSQH7KCWX963150', '3ZQSQH7KCWX963150-001', 'HI-EAELASS0090', '27.51', 'installed', 'Side lighting'),
('3ZQSQH7KCWX963150', '3ZQSQH7KCWX963150-001', 'HI-PACBS0172', '6.25', 'installed', 'Brake drum'),
('46B8UPAQCVW796829', '46B8UPAQCVW796829-001', 'SE-BAE0011', '0.35', 'installed', 'Pillar and hard trim'),
('46B8UPAQCVW796829', '46B8UPAQCVW796829-001', 'SE-EAEM0147', '30.04', 'installed', 'Speed controller'),
('46B8UPAQCVW796829', '46B8UPAQCVW796829-002', 'KS-EAES0104', '31.25', 'installed', 'Pressure sensor'),
('46B8UPAQCVW796829', '46B8UPAQCVW796829-002', 'KS-EAEWH0129', '52.78', 'installed', 'Engine compartment harness'),
('46B8UPAQCVW796829', '46B8UPAQCVW796829-003', 'SX-EAEWH0129', '37.83', 'installed', 'Engine compartment harness'),
('4G1Z11HOQ3P797692', '4G1Z11HOQ3P797692-001', 'KS-EAEESS0053', '304.85', 'installed', 'Battery'),
('4G1Z11HOQ3P797692', '4G1Z11HOQ3P797692-001', 'KS-EAES0126', '145.37', 'installed', 'Thermostat'),
('4MXLVV84A6C633165', '4MXLVV84A6C633165-001', 'OH-EAES0107', '36.64', 'installed', 'Temperature sensor'),
('4MXLVV84A6C633165', '4MXLVV84A6C633165-001', 'OH-ICS0161', '127.17', 'installed', 'Seat cover'),
('4MXLVV84A6C633165', '4MXLVV84A6C633165-001', 'OH-PACBS0184', '40.58', 'installed', 'Brake warning light'),
('4MXLVV84A6C633165', '4MXLVV84A6C633165-002', 'SS-BAED0028', '96.50', 'installed', 'Door watershield'),
('4MXLVV84A6C633165', '4MXLVV84A6C633165-002', 'SS-IFCAP0151', '88.76', 'installed', 'Carpet and other floor material'),
('4MXLVV84A6C633165', '4MXLVV84A6C633165-002', 'SS-PACBS0168', '65.51', 'installed', 'Brake backing plate'),
('4MXLVV84A6C633165', '4MXLVV84A6C633165-003', 'FH-EAEGAM0072', '21.12', 'installed', 'Vacuum gauge'),
('4MXLVV84A6C633165', '4MXLVV84A6C633165-004', 'GT-BAE0002', '5.50', 'installed', 'Unexposed bumper'),
('4MXLVV84A6C633165', '4MXLVV84A6C633165-004', 'GT-EAEGAM0065', '31.60', 'installed', 'Fuel gauge'),
('4MXLVV84A6C633165', '4MXLVV84A6C633165-005', 'ZN-BAE0006', '68.43', 'installed', 'Fascia rear and support'),
('4MXLVV84A6C633165', '4MXLVV84A6C633165-006', 'ZN-EAESS0119', '14.11', 'installed', 'Spark Plug'),
('4MXLVV84A6C633165', '4MXLVV84A6C633165-006', 'ZN-PACBS0193', '110.02', 'installed', 'Brake duct hose'),
('4MXLVV84A6C633165', '4MXLVV84A6C633165-006', 'ZN-PACBS0195', '72.06', 'installed', 'Load-sensing valve'),
('4PQ5C344WM2161232', '4PQ5C344WM2161232-001', 'BX-BAE0011', '6.29', 'ordered', 'Pillar and hard trim'),
('4PQ5C344WM2161232', '4PQ5C344WM2161232-001', 'BX-BAE0015', '2.22', 'received', 'Roof Rack'),
('4PQ5C344WM2161232', '4PQ5C344WM2161232-001', 'BX-EAELASS0087', '9.89', 'ordered', 'Headlight motor'),
('4PQ5C344WM2161232', '4PQ5C344WM2161232-001', 'BX-EAELASS0091', '5.02', 'received', 'Tail light'),
('4PQ5C344WM2161232', '4PQ5C344WM2161232-002', 'ZT-EAEIS0076', '14.05', 'installed', 'Distributor'),
('4PQ5C344WM2161232', '4PQ5C344WM2161232-002', 'ZT-EAEIS0082', '29.14', 'ordered', 'Magneto'),
('4PQ5C344WM2161232', '4PQ5C344WM2161232-002', 'ZT-EAES0093', '14.72', 'installed', 'Airbag sensor'),
('4TSP05XM3T7777863', '4TSP05XM3T7777863-001', 'HI-EAEGAM0063', '301.14', 'installed', 'Clinometer'),
('4TSP05XM3T7777863', '4TSP05XM3T7777863-001', 'HI-EAES0093', '36.12', 'installed', 'Airbag sensor'),
('4TSP05XM3T7777863', '4TSP05XM3T7777863-002', 'BX-EAEGAM0066', '204.58', 'installed', 'Hydrometer'),
('4YXU2TN1NJU843634', '4YXU2TN1NJU843634-001', 'RN-EAEGAM0063', '59.09', 'installed', 'Clinometer'),
('4YXU2TN1NJU843634', '4YXU2TN1NJU843634-001', 'RN-ICS0159', '10.66', 'installed', 'Seat Belt'),
('4YXU2TN1NJU843634', '4YXU2TN1NJU843634-002', 'KS-BAED0030', '64.44', 'installed', 'Door and bonnet'),
('4YXU2TN1NJU843634', '4YXU2TN1NJU843634-002', 'KS-BAEW0040', '38.19', 'installed', 'Window seal'),
('4YXU2TN1NJU843634', '4YXU2TN1NJU843634-002', 'KS-EAEM0139', '38.79', 'installed', 'Engine control unit'),
('4YXU2TN1NJU843634', '4YXU2TN1NJU843634-002', 'KS-EAES0103', '32.35', 'installed', 'Power-steering pressure sensor'),
('53WEVPX7H4X102116', '53WEVPX7H4X102116-001', 'SO-EAEGAM0071', '79.98', 'installed', 'Tire pressure gauge'),
('53WEVPX7H4X102116', '53WEVPX7H4X102116-001', 'SO-EAES0105', '4.38', 'installed', 'Rain sensor'),
('53WEVPX7H4X102116', '53WEVPX7H4X102116-002', 'ZN-10141', '62.55', 'installed', 'Fuse Box: The Alternative Tribute'),
('53WEVPX7H4X102116', '53WEVPX7H4X102116-002', 'ZN-ICS0158', '50.03', 'installed', 'Headrest'),
('53WEVPX7H4X102116', '53WEVPX7H4X102116-003', 'OA-BAE0022', '46.73', 'installed', 'Welded assembly'),
('53WEVPX7H4X102116', '53WEVPX7H4X102116-003', 'OA-EAEM0132', '64.13', 'installed', 'Air bag control module'),
('53WEVPX7H4X102116', '53WEVPX7H4X102116-003', 'OA-PACBS0163', '6.26', 'installed', 'Anti-lock braking system'),
('53WEVPX7H4X102116', '53WEVPX7H4X102116-004', 'SE-EAELASS0086', '18.43', 'installed', 'Headlight'),
('53WEVPX7H4X102116', '53WEVPX7H4X102116-005', 'DN-BAE0000', '76.47', 'installed', 'Bonnet/hood'),
('53WEVPX7H4X102116', '53WEVPX7H4X102116-005', 'DN-EAEM0149', '15.00', 'installed', 'Transmission computer'),
('53WEVPX7H4X102116', '53WEVPX7H4X102116-005', 'DN-ICS0155', '56.45', 'installed', 'Bucket Seat'),
('53WEVPX7H4X102116', '53WEVPX7H4X102116-005', 'DN-PACBS0163', '17.54', 'installed', 'Anti-lock braking system'),
('5A12HXO5U8T698581', '5A12HXO5U8T698581-001', 'RN-EAEESS0055', '8.40', 'installed', 'Battery box'),
('5A12HXO5U8T698581', '5A12HXO5U8T698581-001', 'RN-EAELASS0084', '1.78', 'installed', 'Fog Light'),
('5A12HXO5U8T698581', '5A12HXO5U8T698581-001', 'RN-EAELASS0089', '34.79', 'installed', 'License plate lamp'),
('5A77A0KQT4Q738091', '5A77A0KQT4Q738091-001', 'HI-BAE0015', '16.42', 'installed', 'Roof Rack'),
('5A77A0KQT4Q738091', '5A77A0KQT4Q738091-002', 'KS-BAED0029', '44.98', 'installed', 'Hinge'),
('5A77A0KQT4Q738091', '5A77A0KQT4Q738091-002', 'KS-EAEM0139', '23.61', 'installed', 'Engine control unit'),
('5A77A0KQT4Q738091', '5A77A0KQT4Q738091-002', 'KS-EAES0099', '89.17', 'installed', 'Knock sensor'),
('5A77A0KQT4Q738091', '5A77A0KQT4Q738091-002', 'KS-PACBS0171', '21.02', 'installed', 'Brake disc'),
('5GJZF82LII6385235', '5GJZF82LII6385235-001', 'OH-EAEAD0043', '1.55', 'installed', 'Radio and media player'),
('5GJZF82LII6385235', '5GJZF82LII6385235-001', 'OH-EAEIS0081', '11.01', 'installed', 'Ignition controller'),
('5GJZF82LII6385235', '5GJZF82LII6385235-001', 'OH-EAEWH0131', '31.66', 'installed', 'Underfloor harness'),
('5GJZF82LII6385235', '5GJZF82LII6385235-002', 'SS-10141', '20.77', 'installed', 'Fuse Box: The Alternative Tribute'),
('5GJZF82LII6385235', '5GJZF82LII6385235-002', 'SS-EAEAD0046', '17.36', 'installed', 'Tuner'),
('5GJZF82LII6385235', '5GJZF82LII6385235-002', 'SS-PACBS0188', '7.52', 'installed', 'Dual circuit brake system'),
('5GJZF82LII6385235', '5GJZF82LII6385235-003', 'KS-ICS0157', '15.76', 'installed', 'Fastener'),
('5GJZF82LII6385235', '5GJZF82LII6385235-004', 'RN-EAES0095', '8.25', 'installed', 'Camshaft position sensor'),
('5HIL3GKIIB7639416', '5HIL3GKIIB7639416-001', 'OA-EAEESS0061', '41.65', 'installed', 'Voltage regulator'),
('5HIL3GKIIB7639416', '5HIL3GKIIB7639416-001', 'OA-EAELASS0089', '42.93', 'installed', 'License plate lamp'),
('5HIL3GKIIB7639416', '5HIL3GKIIB7639416-001', 'OA-PACBS0193', '11.74', 'installed', 'Brake duct hose'),
('5HJ7JGARQY7410384', '5HJ7JGARQY7410384-001', 'MH-EAELASS0091', '14.88', 'installed', 'Tail light'),
('5HJ7JGARQY7410384', '5HJ7JGARQY7410384-002', 'OE-BAEW0040', '78.37', 'installed', 'Window seal'),
('5HJ7JGARQY7410384', '5HJ7JGARQY7410384-002', 'OE-EAEESS0060', '25.08', 'installed', 'Battery tray'),
('5HJ7JGARQY7410384', '5HJ7JGARQY7410384-002', 'OE-EAEIS0078', '96.99', 'installed', 'Ignition box'),
('5JK48AIE01F557082', '5JK48AIE01F557082-001', 'SS-BAE0003', '63.56', 'installed', 'Exposed bumper'),
('5JK48AIE01F557082', '5JK48AIE01F557082-001', 'SS-EAEAD0046', '100.40', 'installed', 'Tuner'),
('5JK48AIE01F557082', '5JK48AIE01F557082-001', 'SS-EAELASS0092', '31.87', 'installed', 'Tail light cover'),
('5JK48AIE01F557082', '5JK48AIE01F557082-001', 'SS-PACBS0175', '88.24', 'installed', 'Brake pedal'),
('5JK48AIE01F557082', '5JK48AIE01F557082-002', 'OE-BAE0003', '91.16', 'installed', 'Exposed bumper'),
('5JK48AIE01F557082', '5JK48AIE01F557082-002', 'OE-EAESS0115', '54.64', 'installed', 'Starter'),
('5JK48AIE01F557082', '5JK48AIE01F557082-002', 'OE-EAEWH0128', '96.53', 'installed', 'Air conditioning harness'),
('5JK48AIE01F557082', '5JK48AIE01F557082-003', 'OA-EAEAD0045', '35.93', 'installed', 'Speaker'),
('5JK48AIE01F557082', '5JK48AIE01F557082-003', 'OA-ICS0154', '83.83', 'installed', 'Bench Seat'),
('5JK48AIE01F557082', '5JK48AIE01F557082-004', 'RN-BAEW0036', '50.93', 'installed', 'Window motor'),
('5JK48AIE01F557082', '5JK48AIE01F557082-004', 'RN-PACBS0192', '28.90', 'installed', 'Air brake nylon hose'),
('5JK48AIE01F557082', '5JK48AIE01F557082-005', 'BX-BAE0000', '15.48', 'installed', 'Bonnet/hood'),
('5JK48AIE01F557082', '5JK48AIE01F557082-005', 'BX-EAELASS0087', '69.09', 'installed', 'Headlight motor'),
('5JK48AIE01F557082', '5JK48AIE01F557082-005', 'BX-EAES0106', '96.23', 'installed', 'Rotational sensor'),
('5JK48AIE01F557082', '5JK48AIE01F557082-005', 'BX-ICS0157', '76.62', 'installed', 'Fastener'),
('5JK48AIE01F557082', '5JK48AIE01F557082-006', 'ZY-PACBS0186', '12.83', 'installed', 'Caliper'),
('5KP0CNPH5CW303661', '5KP0CNPH5CW303661-001', 'HI-EAEGAM0073', '28.96', 'installed', 'Voltmeter'),
('5KP0CNPH5CW303661', '5KP0CNPH5CW303661-001', 'HI-EAES0100', '36.31', 'installed', 'Light sensor'),
('5KP0CNPH5CW303661', '5KP0CNPH5CW303661-001', 'HI-PACBS0170', '50.91', 'installed', 'Brake cooling duct'),
('5KP0CNPH5CW303661', '5KP0CNPH5CW303661-001', 'HI-PACBS0190', '24.89', 'installed', 'Hose'),
('5KP0CNPH5CW303661', '5KP0CNPH5CW303661-002', 'MH-EAEM0132', '37.10', 'installed', 'Air bag control module'),
('5KP0CNPH5CW303661', '5KP0CNPH5CW303661-002', 'MH-EAES0109', '8.19', 'installed', 'ABS brack sensor'),
('5KP0CNPH5CW303661', '5KP0CNPH5CW303661-002', 'MH-PACBS0171', '29.65', 'installed', 'Brake disc'),
('5KP0CNPH5CW303661', '5KP0CNPH5CW303661-002', 'MH-PACBS0175', '16.66', 'installed', 'Brake pedal'),
('5KP0CNPH5CW303661', '5KP0CNPH5CW303661-003', 'XM-EAEGAM0064', '40.45', 'installed', 'Dynamometer'),
('5KP0CNPH5CW303661', '5KP0CNPH5CW303661-003', 'XM-EAEM0144', '39.60', 'installed', 'Relay connector'),
('5N8JUSLD214397601', '5N8JUSLD214397601-001', 'SE-PACBS0178', '16.51', 'installed', 'Brake roll'),
('5N8JUSLD214397601', '5N8JUSLD214397601-002', 'KS-EAES0093', '80.10', 'installed', 'Airbag sensor'),
('5N8JUSLD214397601', '5N8JUSLD214397601-003', 'BX-EAEAD0042', '5.84', 'installed', 'Antenna cable'),
('5N8JUSLD214397601', '5N8JUSLD214397601-003', 'BX-EAEESS0061', '48.17', 'installed', 'Voltage regulator'),
('5N8JUSLD214397601', '5N8JUSLD214397601-003', 'BX-PACBS0168', '94.25', 'installed', 'Brake backing plate'),
('5N8JUSLD214397601', '5N8JUSLD214397601-004', 'OH-ICS0157', '79.78', 'installed', 'Fastener'),
('5N8JUSLD214397601', '5N8JUSLD214397601-005', 'OH-EAECS0050', '58.74', 'installed', 'Alternator bracket'),
('5N8JUSLD214397601', '5N8JUSLD214397601-005', 'OH-EAES0110', '17.28', 'installed', 'TDC sensor'),
('5R18GDSB3CM032341', '5R18GDSB3CM032341-001', 'PP-EAELASS0084', '66.10', 'ordered', 'Fog Light'),
('5R18GDSB3CM032341', '5R18GDSB3CM032341-001', 'PP-EAEM0147', '56.68', 'received', 'Speed controller'),
('5R18GDSB3CM032341', '5R18GDSB3CM032341-001', 'PP-EAES0102', '22.57', 'received', 'Oxygen sensor'),
('5R18GDSB3CM032341', '5R18GDSB3CM032341-001', 'PP-EAEWH0128', '7.18', 'received', 'Air conditioning harness'),
('5R18GDSB3CM032341', '5R18GDSB3CM032341-002', 'SX-EAEGAM0073', '66.16', 'received', 'Voltmeter'),
('5R18GDSB3CM032341', '5R18GDSB3CM032341-002', 'SX-EAEM0150', '44.73', 'ordered', 'Wiring connector'),
('5R18GDSB3CM032341', '5R18GDSB3CM032341-002', 'SX-EAES0108', '70.31', 'received', 'Transmission input and output sensor'),
('5R18GDSB3CM032341', '5R18GDSB3CM032341-002', 'SX-EAES0121', '0.11', 'ordered', 'Ignition Switch'),
('5R18GDSB3CM032341', '5R18GDSB3CM032341-003', 'KS-10141', '37.38', 'installed', 'Fuse Box: The Alternative Tribute'),
('5R18GDSB3CM032341', '5R18GDSB3CM032341-003', 'KS-EAEM0145', '25.63', 'received', 'Remote lock'),
('5R18GDSB3CM032341', '5R18GDSB3CM032341-003', 'KS-EAES0108', '12.56', 'ordered', 'Transmission input and output sensor'),
('5R18GDSB3CM032341', '5R18GDSB3CM032341-003', 'KS-IFCAP0152', '49.23', 'received', 'Center console'),
('5R18GDSB3CM032341', '5R18GDSB3CM032341-004', 'SE-PACBS0197', '56.12', 'ordered', 'Metering valve'),
('60BMLFB8XK5792806', '60BMLFB8XK5792806-001', 'PP-EAEAD0043', '43.53', 'installed', 'Radio and media player'),
('60BMLFB8XK5792806', '60BMLFB8XK5792806-001', 'PP-EAEAD0047', '26.82', 'ordered', 'Subwoofer'),
('60BMLFB8XK5792806', '60BMLFB8XK5792806-001', 'PP-EAEGAM0065', '44.47', 'ordered', 'Fuel gauge'),
('60BMLFB8XK5792806', '60BMLFB8XK5792806-001', 'PP-EAES0104', '34.33', 'received', 'Pressure sensor'),
('618DR7M1L2G015076', '618DR7M1L2G015076-001', 'SE-BAE0015', '32.09', 'received', 'Roof Rack'),
('618DR7M1L2G015076', '618DR7M1L2G015076-001', 'SE-EAEM0150', '95.14', 'ordered', 'Wiring connector'),
('618DR7M1L2G015076', '618DR7M1L2G015076-001', 'SE-EAES0094', '95.75', 'ordered', 'Anti-pinch sensor'),
('618DR7M1L2G015076', '618DR7M1L2G015076-001', 'SE-PACBS0196', '40.48', 'installed', 'Master Cylinder'),
('618DR7M1L2G015076', '618DR7M1L2G015076-002', 'HI-BAE0018', '132.45', 'installed', 'Rear spoiler'),
('618DR7M1L2G015076', '618DR7M1L2G015076-002', 'HI-EAEGAM0063', '83.96', 'received', 'Clinometer'),
('618DR7M1L2G015076', '618DR7M1L2G015076-002', 'HI-EAESS0115', '97.24', 'ordered', 'Starter'),
('618DR7M1L2G015076', '618DR7M1L2G015076-002', 'HI-PACBS0169', '65.10', 'ordered', 'Brake backing pad'),
('635UCNTTHIF575495', '635UCNTTHIF575495-001', 'OH-EAEESS0056', '29.70', 'installed', 'Battery cable terminal'),
('635UCNTTHIF575495', '635UCNTTHIF575495-001', 'OH-PACBS0170', '4.93', 'ordered', 'Brake cooling duct'),
('635UCNTTHIF575495', '635UCNTTHIF575495-002', 'GT-BAE0011', '1.06', 'ordered', 'Pillar and hard trim'),
('635UCNTTHIF575495', '635UCNTTHIF575495-002', 'GT-BAED0028', '5.53', 'installed', 'Door watershield'),
('635UCNTTHIF575495', '635UCNTTHIF575495-003', 'SX-EAEM0146', '30.88', 'received', 'Shift improver'),
('635UCNTTHIF575495', '635UCNTTHIF575495-004', 'XM-EAEIS0078', '20.16', 'installed', 'Ignition box'),
('635UCNTTHIF575495', '635UCNTTHIF575495-004', 'XM-PACBS0198', '5.22', 'received', 'Other braking system parts'),
('68OADH2QPOS933812', '68OADH2QPOS933812-001', 'FH-EAEESS0059', '5.71', 'installed', 'Battery plate'),
('68OADH2QPOS933812', '68OADH2QPOS933812-002', 'SX-EAEIS0078', '13.41', 'installed', 'Ignition box'),
('68OADH2QPOS933812', '68OADH2QPOS933812-003', 'SX-BAED0028', '8.46', 'installed', 'Door watershield'),
('68OADH2QPOS933812', '68OADH2QPOS933812-003', 'SX-BAED0031', '0.81', 'installed', 'Lock'),
('68OADH2QPOS933812', '68OADH2QPOS933812-003', 'SX-EAEIS0079', '27.04', 'installed', 'Ignition Coil'),
('68OADH2QPOS933812', '68OADH2QPOS933812-004', 'OH-BAE0000', '24.37', 'installed', 'Bonnet/hood'),
('68OADH2QPOS933812', '68OADH2QPOS933812-004', 'OH-PACBS0163', '13.26', 'installed', 'Anti-lock braking system'),
('68OADH2QPOS933812', '68OADH2QPOS933812-005', 'ZT-10141', '11.74', 'installed', 'Fuse Box: The Alternative Tribute'),
('68OADH2QPOS933812', '68OADH2QPOS933812-005', 'ZT-BAED0023', '2.62', 'installed', 'Door beam and panel'),
('68OADH2QPOS933812', '68OADH2QPOS933812-005', 'ZT-EAEAD0043', '26.61', 'installed', 'Radio and media player'),
('68OADH2QPOS933812', '68OADH2QPOS933812-005', 'ZT-PACBS0172', '40.54', 'installed', 'Brake drum'),
('68OADH2QPOS933812', '68OADH2QPOS933812-006', 'SE-EAES0096', '13.75', 'installed', 'Crankshaft position sensor'),
('68OADH2QPOS933812', '68OADH2QPOS933812-006', 'SE-PACBS0192', '26.97', 'installed', 'Air brake nylon hose'),
('6AHSK5ZQ35S410112', '6AHSK5ZQ35S410112-001', 'SE-EAECS0051', '46.10', 'received', 'Alternator fan'),
('6AHSK5ZQ35S410112', '6AHSK5ZQ35S410112-002', 'ZY-BAEW0037', '26.17', 'received', 'Window regulator'),
('6AHSK5ZQ35S410112', '6AHSK5ZQ35S410112-002', 'ZY-EAEM0136', '20.05', 'ordered', 'Cruise control computer'),
('6AHSK5ZQ35S410112', '6AHSK5ZQ35S410112-003', 'SO-EAEAD0044', '38.74', 'ordered', 'Other devices'),
('6DBY3C036JZ509895', '6DBY3C036JZ509895-001', 'MH-EAEM0137', '11.74', 'installed', 'Door contact'),
('6DBY3C036JZ509895', '6DBY3C036JZ509895-001', 'MH-PACBS0185', '37.48', 'installed', 'Calibrated friction brake'),
('6DBY3C036JZ509895', '6DBY3C036JZ509895-002', 'SX-EAEESS0056', '14.73', 'installed', 'Battery cable terminal'),
('6DBY3C036JZ509895', '6DBY3C036JZ509895-003', 'OE-BAE0017', '56.90', 'installed', 'Front spoiler'),
('6DBY3C036JZ509895', '6DBY3C036JZ509895-003', 'OE-BAED0025', '29.76', 'installed', 'Inner door handle'),
('6DBY3C036JZ509895', '6DBY3C036JZ509895-003', 'OE-EAEM0137', '50.72', 'installed', 'Door contact'),
('6DBY3C036JZ509895', '6DBY3C036JZ509895-004', 'OE-BAE0005', '19.73', 'installed', 'Decklid'),
('6DBY3C036JZ509895', '6DBY3C036JZ509895-004', 'OE-EAEGAM0069', '5.96', 'installed', 'Tachometer'),
('6DBY3C036JZ509895', '6DBY3C036JZ509895-004', 'OE-EAEIS0082', '16.94', 'installed', 'Magneto'),
('6DBY3C036JZ509895', '6DBY3C036JZ509895-004', 'OE-EAEM0135', '17.52', 'installed', 'Chassis control computer'),
('6DBY3C036JZ509895', '6DBY3C036JZ509895-005', 'FH-BAEW0033', '4.79', 'installed', 'Glass'),
('6KWLNKZW7TB480162', '6KWLNKZW7TB480162-001', 'DN-BAED0025', '88.68', 'installed', 'Inner door handle'),
('6KWLNKZW7TB480162', '6KWLNKZW7TB480162-001', 'DN-EAES0114', '91.30', 'installed', 'ABS sensor'),
('6KWLNKZW7TB480162', '6KWLNKZW7TB480162-001', 'DN-PACBS0189', '59.66', 'installed', 'Hold-down springs'),
('6KWLNKZW7TB480162', '6KWLNKZW7TB480162-002', 'GT-BAED0023', '51.38', 'installed', 'Door beam and panel'),
('6KWLNKZW7TB480162', '6KWLNKZW7TB480162-002', 'GT-IFCAP0152', '5.82', 'installed', 'Center console'),
('6RQECM8EO3O323457', '6RQECM8EO3O323457-001', 'SX-EAES0100', '67.50', 'installed', 'Light sensor'),
('6RQECM8EO3O323457', '6RQECM8EO3O323457-001', 'SX-EAES0101', '30.86', 'installed', 'Manifold absolute pressure sensor'),
('6RQECM8EO3O323457', '6RQECM8EO3O323457-001', 'SX-PACBS0165', '51.65', 'installed', 'Adjusting mechanism'),
('6U7HLHZK3GP057957', '6U7HLHZK3GP057957-001', 'OA-EAEESS0059', '81.74', 'ordered', 'Battery plate'),
('6U7HLHZK3GP057957', '6U7HLHZK3GP057957-002', 'BX-EAEGAM0074', '86.81', 'received', 'Water temperature meter'),
('6U7HLHZK3GP057957', '6U7HLHZK3GP057957-003', 'KS-EAELASS0085', '18.55', 'received', 'Halogen'),
('6U7HLHZK3GP057957', '6U7HLHZK3GP057957-003', 'KS-EAESS0116', '77.14', 'ordered', 'Starter drive'),
('6U7HLHZK3GP057957', '6U7HLHZK3GP057957-004', 'PP-EAEM0145', '65.95', 'ordered', 'Remote lock'),
('6U7HLHZK3GP057957', '6U7HLHZK3GP057957-004', 'PP-EAES0120', '74.39', 'installed', 'Door switch'),
('73MVKB63GMJ964569', '73MVKB63GMJ964569-001', 'FH-BAE0021', '156.22', 'installed', 'Valance'),
('73MVKB63GMJ964569', '73MVKB63GMJ964569-001', 'FH-BAED0024', '106.15', 'installed', 'Outer door handle'),
('73MVKB63GMJ964569', '73MVKB63GMJ964569-001', 'FH-EAEWH0129', '132.47', 'installed', 'Engine compartment harness'),
('75JPSZY0BUP284256', '75JPSZY0BUP284256-001', 'OH-EAECS0048', '101.44', 'installed', 'Alternator'),
('75JPSZY0BUP284256', '75JPSZY0BUP284256-001', 'OH-EAEESS0061', '7.56', 'installed', 'Voltage regulator'),
('75JPSZY0BUP284256', '75JPSZY0BUP284256-001', 'OH-EAEGAM0064', '88.96', 'installed', 'Dynamometer'),
('75JPSZY0BUP284256', '75JPSZY0BUP284256-001', 'OH-EAEM0147', '8.88', 'installed', 'Speed controller'),
('75JPSZY0BUP284256', '75JPSZY0BUP284256-002', 'DN-BAE0011', '62.41', 'installed', 'Pillar and hard trim'),
('75JPSZY0BUP284256', '75JPSZY0BUP284256-002', 'DN-EAELASS0085', '27.47', 'installed', 'Halogen'),
('75JPSZY0BUP284256', '75JPSZY0BUP284256-002', 'DN-EAES0105', '70.27', 'installed', 'Rain sensor'),
('75JPSZY0BUP284256', '75JPSZY0BUP284256-003', 'XM-EAES0110', '51.71', 'installed', 'TDC sensor'),
('761PGMYLX0T843950', '761PGMYLX0T843950-001', 'SX-EAELASS0092', '54.63', 'installed', 'Tail light cover'),
('761PGMYLX0T843950', '761PGMYLX0T843950-002', 'ZN-EAEIS0080', '53.31', 'installed', 'Ignition coil parts'),
('761PGMYLX0T843950', '761PGMYLX0T843950-002', 'ZN-EAEWH0128', '68.15', 'installed', 'Air conditioning harness'),
('761PGMYLX0T843950', '761PGMYLX0T843950-002', 'ZN-PACBS0164', '61.02', 'installed', 'ABS steel pin'),
('761PGMYLX0T843950', '761PGMYLX0T843950-002', 'ZN-PACBS0180', '17.92', 'installed', 'Brake servo'),
('761PGMYLX0T843950', '761PGMYLX0T843950-003', 'OA-EAEM0135', '20.29', 'installed', 'Chassis control computer'),
('761PGMYLX0T843950', '761PGMYLX0T843950-003', 'OA-EAES0096', '21.30', 'installed', 'Crankshaft position sensor'),
('761PGMYLX0T843950', '761PGMYLX0T843950-004', 'GT-BAE0020', '59.01', 'installed', 'Trunk'),
('7E5LCY5NETS057532', '7E5LCY5NETS057532-001', 'OE-EAEAD0044', '9.75', 'ordered', 'Other devices'),
('7E5LCY5NETS057532', '7E5LCY5NETS057532-002', 'PP-BAE0003', '1.15', 'ordered', 'Exposed bumper'),
('7E5LCY5NETS057532', '7E5LCY5NETS057532-002', 'PP-EAEIS0082', '32.86', 'installed', 'Magneto'),
('7E5LCY5NETS057532', '7E5LCY5NETS057532-002', 'PP-EAEM0145', '15.45', 'installed', 'Remote lock'),
('7E5LCY5NETS057532', '7E5LCY5NETS057532-003', 'PP-PACBS0194', '25.02', 'received', 'Hydraulic booster unit'),
('7E5LCY5NETS057532', '7E5LCY5NETS057532-004', 'DN-EAECS0051', '21.69', 'installed', 'Alternator fan'),
('7E5LCY5NETS057532', '7E5LCY5NETS057532-005', 'RN-EAEESS0053', '42.78', 'ordered', 'Battery'),
('7E5LCY5NETS057532', '7E5LCY5NETS057532-005', 'RN-EAEM0148', '6.37', 'received', 'Speedometer calibrator'),
('7E5LCY5NETS057532', '7E5LCY5NETS057532-006', 'GT-BAE0008', '32.34', 'ordered', 'Front clip'),
('7E5LCY5NETS057532', '7E5LCY5NETS057532-006', 'GT-PACBS0187', '12.94', 'installed', 'Combination valve'),
('7O8R4N0I445396787', '7O8R4N0I445396787-001', 'BX-BAE0021', '98.32', 'received', 'Valance'),
('7O8R4N0I445396787', '7O8R4N0I445396787-001', 'BX-EAEESS0057', '103.76', 'received', 'Battery cable'),
('7O8R4N0I445396787', '7O8R4N0I445396787-001', 'BX-EAESS0115', '71.17', 'received', 'Starter'),
('7O8R4N0I445396787', '7O8R4N0I445396787-002', 'PP-BAE0002', '82.81', 'received', 'Unexposed bumper'),
('7O8R4N0I445396787', '7O8R4N0I445396787-002', 'PP-EAEAD0045', '40.03', 'installed', 'Speaker'),
('7O8R4N0I445396787', '7O8R4N0I445396787-002', 'PP-EAES0098', '122.06', 'received', 'Fuel level sensor'),
('7O8R4N0I445396787', '7O8R4N0I445396787-003', 'KS-BAE0016', '75.00', 'ordered', 'Spoiler'),
('7O8R4N0I445396787', '7O8R4N0I445396787-003', 'KS-BAED0027', '8.01', 'received', 'Door seal'),
('7O8R4N0I445396787', '7O8R4N0I445396787-003', 'KS-EAES0103', '100.70', 'received', 'Power-steering pressure sensor'),
('7O8R4N0I445396787', '7O8R4N0I445396787-003', 'KS-PACBS0177', '23.45', 'ordered', 'Brake pump'),
('7O8R4N0I445396787', '7O8R4N0I445396787-004', 'SX-EAEM0135', '88.33', 'received', 'Chassis control computer'),
('7O8R4N0I445396787', '7O8R4N0I445396787-004', 'SX-EAES0121', '40.06', 'ordered', 'Ignition Switch'),
('7O8R4N0I445396787', '7O8R4N0I445396787-005', 'ZN-EAEIS0075', '99.68', 'installed', 'Coil wire'),
('7O8R4N0I445396787', '7O8R4N0I445396787-005', 'ZN-PACBS0173', '46.90', 'ordered', 'Brake line'),
('7QIC6ZYHPQP552709', '7QIC6ZYHPQP552709-001', 'MH-EAEM0147', '18.95', 'installed', 'Speed controller'),
('7QIC6ZYHPQP552709', '7QIC6ZYHPQP552709-001', 'MH-ICS0153', '61.18', 'installed', 'Armrest'),
('7QIC6ZYHPQP552709', '7QIC6ZYHPQP552709-001', 'MH-PACBS0181', '54.71', 'installed', 'Brake shoe'),
('7QIC6ZYHPQP552709', '7QIC6ZYHPQP552709-002', 'GT-EAELASS0087', '69.13', 'installed', 'Headlight motor'),
('7UNLIZIDGDO334562', '7UNLIZIDGDO334562-001', 'OE-BAE0010', '32.75', 'installed', 'Grille'),
('7UNLIZIDGDO334562', '7UNLIZIDGDO334562-001', 'OE-EAELASS0091', '26.39', 'installed', 'Tail light'),
('7UNLIZIDGDO334562', '7UNLIZIDGDO334562-001', 'OE-EAEM0139', '105.54', 'installed', 'Engine control unit'),
('7UNLIZIDGDO334562', '7UNLIZIDGDO334562-001', 'OE-EAES0113', '3.43', 'installed', 'Oil level sensor'),
('7UNLIZIDGDO334562', '7UNLIZIDGDO334562-002', 'XM-BAED0029', '114.39', 'installed', 'Hinge'),
('7UNLIZIDGDO334562', '7UNLIZIDGDO334562-002', 'XM-EAEGAM0063', '123.47', 'installed', 'Clinometer'),
('7UNLIZIDGDO334562', '7UNLIZIDGDO334562-002', 'XM-ICS0158', '18.91', 'installed', 'Headrest'),
('7UNLIZIDGDO334562', '7UNLIZIDGDO334562-002', 'XM-PACBS0189', '94.52', 'installed', 'Hold-down springs'),
('7UNLIZIDGDO334562', '7UNLIZIDGDO334562-003', 'OA-EAEGAM0072', '120.48', 'installed', 'Vacuum gauge'),
('7UNLIZIDGDO334562', '7UNLIZIDGDO334562-003', 'OA-EAES0110', '28.84', 'installed', 'TDC sensor'),
('7UNLIZIDGDO334562', '7UNLIZIDGDO334562-004', 'GT-BAE0021', '83.23', 'installed', 'Valance'),
('7UNLIZIDGDO334562', '7UNLIZIDGDO334562-004', 'GT-EAEESS0058', '127.41', 'installed', 'Battery control system'),
('7UNLIZIDGDO334562', '7UNLIZIDGDO334562-005', 'ZN-BAEW0034', '14.12', 'installed', 'Sunroof'),
('7UNLIZIDGDO334562', '7UNLIZIDGDO334562-005', 'ZN-EAES0127', '31.60', 'installed', 'Frame Switch'),
('8ER23OFXZ1E916228', '8ER23OFXZ1E916228-001', 'OH-EAES0101', '13.97', 'installed', 'Manifold absolute pressure sensor'),
('8ER23OFXZ1E916228', '8ER23OFXZ1E916228-001', 'OH-EAES0114', '29.77', 'ordered', 'ABS sensor'),
('8ER23OFXZ1E916228', '8ER23OFXZ1E916228-001', 'OH-ICS0162', '26.29', 'installed', 'Seat track'),
('8HVXXFQ4M58279132', '8HVXXFQ4M58279132-001', 'PP-BAE0002', '16.53', 'installed', 'Unexposed bumper'),
('8HVXXFQ4M58279132', '8HVXXFQ4M58279132-001', 'PP-EAEESS0059', '8.34', 'installed', 'Battery plate'),
('8HVXXFQ4M58279132', '8HVXXFQ4M58279132-002', 'BX-BAE0003', '28.73', 'installed', 'Exposed bumper'),
('8HVXXFQ4M58279132', '8HVXXFQ4M58279132-002', 'BX-EAEAD0045', '8.37', 'installed', 'Speaker'),
('8HVXXFQ4M58279132', '8HVXXFQ4M58279132-002', 'BX-PACBS0163', '3.33', 'installed', 'Anti-lock braking system'),
('8HVXXFQ4M58279132', '8HVXXFQ4M58279132-002', 'BX-PACBS0181', '16.44', 'installed', 'Brake shoe'),
('8KJNJ10WXLA842695', '8KJNJ10WXLA842695-001', 'HI-PACBS0180', '27.53', 'installed', 'Brake servo'),
('8KJNJ10WXLA842695', '8KJNJ10WXLA842695-001', 'HI-PACBS0192', '42.59', 'installed', 'Air brake nylon hose'),
('8KJNJ10WXLA842695', '8KJNJ10WXLA842695-002', 'DN-EAES0105', '7.97', 'installed', 'Rain sensor'),
('8KJNJ10WXLA842695', '8KJNJ10WXLA842695-002', 'DN-EAES0110', '59.44', 'installed', 'TDC sensor'),
('8KJNJ10WXLA842695', '8KJNJ10WXLA842695-002', 'DN-PACBS0193', '61.76', 'installed', 'Brake duct hose'),
('8KJNJ10WXLA842695', '8KJNJ10WXLA842695-002', 'DN-PACBS0195', '51.42', 'installed', 'Load-sensing valve'),
('8KJNJ10WXLA842695', '8KJNJ10WXLA842695-003', 'GT-BAEW0040', '14.58', 'installed', 'Window seal'),
('8KJNJ10WXLA842695', '8KJNJ10WXLA842695-004', 'BX-EAES0125', '24.03', 'installed', 'Switch panel'),
('8OU7JH0IJU6315337', '8OU7JH0IJU6315337-001', 'MH-EAEGAM0069', '31.70', 'installed', 'Tachometer'),
('8OU7JH0IJU6315337', '8OU7JH0IJU6315337-001', 'MH-EAEIS0075', '63.26', 'installed', 'Coil wire'),
('8OU7JH0IJU6315337', '8OU7JH0IJU6315337-001', 'MH-EAEIS0077', '65.20', 'installed', 'Electronic timing controller'),
('8OU7JH0IJU6315337', '8OU7JH0IJU6315337-001', 'MH-PACBS0192', '56.32', 'installed', 'Air brake nylon hose'),
('8OU7JH0IJU6315337', '8OU7JH0IJU6315337-002', 'FH-BAE0015', '6.23', 'installed', 'Roof Rack'),
('8OU7JH0IJU6315337', '8OU7JH0IJU6315337-002', 'FH-EAEM0146', '1.56', 'installed', 'Shift improver'),
('8OU7JH0IJU6315337', '8OU7JH0IJU6315337-002', 'FH-EAES0122', '33.62', 'installed', 'Power window switch'),
('8OU7JH0IJU6315337', '8OU7JH0IJU6315337-002', 'FH-PACBS0172', '79.63', 'installed', 'Brake drum'),
('8QC0CE5XB6N801356', '8QC0CE5XB6N801356-001', 'OH-BAE0021', '11.08', 'ordered', 'Valance'),
('8QC0CE5XB6N801356', '8QC0CE5XB6N801356-001', 'OH-EAEM0138', '46.32', 'received', 'Engine computer and management system'),
('8QC0CE5XB6N801356', '8QC0CE5XB6N801356-001', 'OH-EAES0121', '39.20', 'received', 'Ignition Switch'),
('8QC0CE5XB6N801356', '8QC0CE5XB6N801356-001', 'OH-PACBS0168', '43.78', 'installed', 'Brake backing plate'),
('8QC0CE5XB6N801356', '8QC0CE5XB6N801356-002', 'GT-PACBS0185', '57.55', 'installed', 'Calibrated friction brake'),
('8QC0CE5XB6N801356', '8QC0CE5XB6N801356-003', 'BX-BAE0016', '44.01', 'ordered', 'Spoiler'),
('8QC0CE5XB6N801356', '8QC0CE5XB6N801356-003', 'BX-EAEESS0055', '40.54', 'ordered', 'Battery box'),
('8QC0CE5XB6N801356', '8QC0CE5XB6N801356-003', 'BX-EAEGAM0072', '50.51', 'ordered', 'Vacuum gauge'),
('8QC0CE5XB6N801356', '8QC0CE5XB6N801356-003', 'BX-EAEGAM0073', '16.76', 'received', 'Voltmeter'),
('8QC0CE5XB6N801356', '8QC0CE5XB6N801356-004', 'ZY-EAEAD0044', '38.04', 'ordered', 'Other devices'),
('8QC0CE5XB6N801356', '8QC0CE5XB6N801356-004', 'ZY-EAEM0149', '4.17', 'ordered', 'Transmission computer'),
('8QC0CE5XB6N801356', '8QC0CE5XB6N801356-004', 'ZY-EAES0126', '4.50', 'ordered', 'Thermostat'),
('8QC0CE5XB6N801356', '8QC0CE5XB6N801356-004', 'ZY-PACBS0164', '51.31', 'installed', 'ABS steel pin'),
('8SL0YJUFMTV627191', '8SL0YJUFMTV627191-001', 'DN-BAED0023', '42.70', 'installed', 'Door beam and panel'),
('8SL0YJUFMTV627191', '8SL0YJUFMTV627191-001', 'DN-BAED0029', '32.25', 'installed', 'Hinge'),
('8SL0YJUFMTV627191', '8SL0YJUFMTV627191-002', 'RN-EAES0111', '24.46', 'installed', 'MAP sensor');
INSERT INTO `Parts` (`vin`, `burdells_purchase_order_number`, `part_number`, `part_cost`, `part_status`, `description_of_the_part`) VALUES
('8SL0YJUFMTV627191', '8SL0YJUFMTV627191-003', 'RN-EAEESS0054', '32.00', 'installed', 'Performance battery'),
('8SL0YJUFMTV627191', '8SL0YJUFMTV627191-003', 'RN-PACBS0191', '47.65', 'installed', 'Brake booster hose'),
('8SL0YJUFMTV627191', '8SL0YJUFMTV627191-003', 'RN-PACBS0197', '12.26', 'installed', 'Metering valve'),
('8T3FRD4XLHS244610', '8T3FRD4XLHS244610-001', 'ZT-EAEWH0128', '83.01', 'ordered', 'Air conditioning harness'),
('8T3FRD4XLHS244610', '8T3FRD4XLHS244610-001', 'ZT-EAEWH0131', '29.79', 'installed', 'Underfloor harness'),
('8T3FRD4XLHS244610', '8T3FRD4XLHS244610-001', 'ZT-IFCAP0151', '115.30', 'installed', 'Carpet and other floor material'),
('8T3FRD4XLHS244610', '8T3FRD4XLHS244610-002', 'RN-EAEAD0042', '122.53', 'installed', 'Antenna cable'),
('8T3FRD4XLHS244610', '8T3FRD4XLHS244610-002', 'RN-EAELASS0088', '102.37', 'ordered', 'Interior light and lamp'),
('8XV8E2COQQ0978402', '8XV8E2COQQ0978402-001', 'DN-PACBS0186', '76.45', 'installed', 'Caliper'),
('8XV8E2COQQ0978402', '8XV8E2COQQ0978402-002', 'ZN-BAEW0036', '0.11', 'installed', 'Window motor'),
('8XV8E2COQQ0978402', '8XV8E2COQQ0978402-002', 'ZN-EAEGAM0070', '100.54', 'received', 'Temperature gauge'),
('8XV8E2COQQ0978402', '8XV8E2COQQ0978402-002', 'ZN-EAES0110', '78.11', 'received', 'TDC sensor'),
('A1NMYTKAQVI515298', 'A1NMYTKAQVI515298-001', 'ZT-EAESS0117', '55.12', 'installed', 'Starter Motor'),
('A1NMYTKAQVI515298', 'A1NMYTKAQVI515298-002', 'DN-EAEGAM0071', '35.69', 'installed', 'Tire pressure gauge'),
('A1NMYTKAQVI515298', 'A1NMYTKAQVI515298-002', 'DN-PACBS0177', '63.61', 'installed', 'Brake pump'),
('A1NMYTKAQVI515298', 'A1NMYTKAQVI515298-003', 'DN-EAEAD0043', '8.23', 'installed', 'Radio and media player'),
('A1NMYTKAQVI515298', 'A1NMYTKAQVI515298-003', 'DN-PACBS0181', '98.90', 'installed', 'Brake shoe'),
('A1NMYTKAQVI515298', 'A1NMYTKAQVI515298-003', 'DN-PACBS0198', '135.56', 'installed', 'Other braking system parts'),
('A2YAQD6KDWM503404', 'A2YAQD6KDWM503404-001', 'SS-PACBS0168', '111.93', 'ordered', 'Brake backing plate'),
('A2YAQD6KDWM503404', 'A2YAQD6KDWM503404-001', 'SS-PACBS0195', '42.79', 'installed', 'Load-sensing valve'),
('A2YAQD6KDWM503404', 'A2YAQD6KDWM503404-002', 'FH-EAEESS0061', '22.82', 'installed', 'Voltage regulator'),
('A2YAQD6KDWM503404', 'A2YAQD6KDWM503404-002', 'FH-EAEGAM0062', '111.56', 'received', 'Ammeter'),
('A4YNNJNA3YO795177', 'A4YNNJNA3YO795177-001', 'SX-BAEW0037', '32.07', 'installed', 'Window regulator'),
('A4YNNJNA3YO795177', 'A4YNNJNA3YO795177-001', 'SX-EAEAD0045', '20.75', 'installed', 'Speaker'),
('A4YNNJNA3YO795177', 'A4YNNJNA3YO795177-001', 'SX-EAES0113', '36.35', 'installed', 'Oil level sensor'),
('A4YNNJNA3YO795177', 'A4YNNJNA3YO795177-001', 'SX-PACBS0184', '9.87', 'ordered', 'Brake warning light'),
('A4YNNJNA3YO795177', 'A4YNNJNA3YO795177-002', 'SO-PACBS0184', '34.13', 'received', 'Brake warning light'),
('A7LI8UIU28Q222693', 'A7LI8UIU28Q222693-001', 'RN-EAES0120', '24.99', 'installed', 'Door switch'),
('A7LI8UIU28Q222693', 'A7LI8UIU28Q222693-001', 'RN-EAEWH0129', '24.40', 'installed', 'Engine compartment harness'),
('A7LI8UIU28Q222693', 'A7LI8UIU28Q222693-001', 'RN-PACBS0164', '41.36', 'installed', 'ABS steel pin'),
('A7LI8UIU28Q222693', 'A7LI8UIU28Q222693-001', 'RN-PACBS0176', '19.17', 'installed', 'Brake piston'),
('A7LI8UIU28Q222693', 'A7LI8UIU28Q222693-002', 'MH-EAEWH0129', '20.11', 'installed', 'Engine compartment harness'),
('A7LI8UIU28Q222693', 'A7LI8UIU28Q222693-002', 'MH-PACBS0174', '47.96', 'installed', 'Brake pad'),
('A7LI8UIU28Q222693', 'A7LI8UIU28Q222693-002', 'MH-PACBS0191', '54.56', 'installed', 'Brake booster hose'),
('A7LI8UIU28Q222693', 'A7LI8UIU28Q222693-003', 'BX-10141', '45.07', 'installed', 'Fuse Box: The Alternative Tribute'),
('A7LI8UIU28Q222693', 'A7LI8UIU28Q222693-003', 'BX-PACBS0188', '3.93', 'installed', 'Dual circuit brake system'),
('A7LI8UIU28Q222693', 'A7LI8UIU28Q222693-004', 'GT-EAEGAM0073', '18.52', 'installed', 'Voltmeter'),
('A7LI8UIU28Q222693', 'A7LI8UIU28Q222693-004', 'GT-EAEIS0077', '15.53', 'installed', 'Electronic timing controller'),
('A7LI8UIU28Q222693', 'A7LI8UIU28Q222693-004', 'GT-EAESS0115', '16.40', 'installed', 'Starter'),
('A7LI8UIU28Q222693', 'A7LI8UIU28Q222693-004', 'GT-PACBS0191', '11.14', 'installed', 'Brake booster hose'),
('A7LI8UIU28Q222693', 'A7LI8UIU28Q222693-005', 'SS-EAEGAM0071', '31.50', 'installed', 'Tire pressure gauge'),
('AB8O6IWO8YG995749', 'AB8O6IWO8YG995749-001', 'ZY-BAE0017', '53.63', 'installed', 'Front spoiler'),
('AB8O6IWO8YG995749', 'AB8O6IWO8YG995749-002', 'PP-EAELASS0090', '71.15', 'installed', 'Side lighting'),
('AC4ZIL5XS7B075565', 'AC4ZIL5XS7B075565-001', 'OE-BAED0023', '27.79', 'installed', 'Door beam and panel'),
('AEDKYKWVSR5009618', 'AEDKYKWVSR5009618-001', 'OA-EAEIS0075', '47.56', 'installed', 'Coil wire'),
('AEDKYKWVSR5009618', 'AEDKYKWVSR5009618-001', 'OA-EAEM0137', '31.36', 'installed', 'Door contact'),
('AEDKYKWVSR5009618', 'AEDKYKWVSR5009618-001', 'OA-EAES0102', '90.05', 'installed', 'Oxygen sensor'),
('AEDKYKWVSR5009618', 'AEDKYKWVSR5009618-001', 'OA-PACBS0184', '43.52', 'installed', 'Brake warning light'),
('AEDKYKWVSR5009618', 'AEDKYKWVSR5009618-002', 'SO-BAED0027', '64.60', 'installed', 'Door seal'),
('AEDKYKWVSR5009618', 'AEDKYKWVSR5009618-002', 'SO-PACBS0183', '24.31', 'installed', 'Shoe web'),
('AEDKYKWVSR5009618', 'AEDKYKWVSR5009618-003', 'SX-EAEIS0077', '58.71', 'installed', 'Electronic timing controller'),
('AEDKYKWVSR5009618', 'AEDKYKWVSR5009618-003', 'SX-IFCAP0152', '47.19', 'installed', 'Center console'),
('AEDKYKWVSR5009618', 'AEDKYKWVSR5009618-004', 'SO-BAE0006', '54.58', 'installed', 'Fascia rear and support'),
('AEDKYKWVSR5009618', 'AEDKYKWVSR5009618-004', 'SO-EAES0093', '38.12', 'installed', 'Airbag sensor'),
('AEDKYKWVSR5009618', 'AEDKYKWVSR5009618-005', 'ZY-EAELASS0083', '90.74', 'installed', 'Engine bay lighting'),
('AEDKYKWVSR5009618', 'AEDKYKWVSR5009618-005', 'ZY-EAES0111', '18.15', 'installed', 'MAP sensor'),
('AEDKYKWVSR5009618', 'AEDKYKWVSR5009618-005', 'ZY-PACBS0180', '96.12', 'installed', 'Brake servo'),
('AGIIPKOGTOH069031', 'AGIIPKOGTOH069031-001', 'OH-EAEM0137', '19.55', 'installed', 'Door contact'),
('AGIIPKOGTOH069031', 'AGIIPKOGTOH069031-001', 'OH-EAES0101', '15.76', 'installed', 'Manifold absolute pressure sensor'),
('AGIIPKOGTOH069031', 'AGIIPKOGTOH069031-002', 'OE-EAEIS0077', '2.61', 'installed', 'Electronic timing controller'),
('AGIIPKOGTOH069031', 'AGIIPKOGTOH069031-002', 'OE-ICS0162', '10.30', 'installed', 'Seat track'),
('AHCTXZIUNLT990408', 'AHCTXZIUNLT990408-001', 'ZN-EAES0124', '40.43', 'ordered', 'Switch cover'),
('AHCTXZIUNLT990408', 'AHCTXZIUNLT990408-002', 'OA-EAES0123', '43.02', 'installed', 'Steering column switch'),
('AHCTXZIUNLT990408', 'AHCTXZIUNLT990408-003', 'DN-EAES0125', '51.57', 'received', 'Switch panel'),
('AHCTXZIUNLT990408', 'AHCTXZIUNLT990408-003', 'DN-PACBS0166', '14.91', 'received', 'Anchor'),
('AHCTXZIUNLT990408', 'AHCTXZIUNLT990408-004', 'OH-PACBS0184', '53.10', 'received', 'Brake warning light'),
('AHCTXZIUNLT990408', 'AHCTXZIUNLT990408-005', 'SO-BAED0023', '4.26', 'ordered', 'Door beam and panel'),
('AHCTXZIUNLT990408', 'AHCTXZIUNLT990408-005', 'SO-EAEIS0079', '17.26', 'installed', 'Ignition Coil'),
('AHCTXZIUNLT990408', 'AHCTXZIUNLT990408-005', 'SO-PACBS0181', '19.61', 'received', 'Brake shoe'),
('AHCTXZIUNLT990408', 'AHCTXZIUNLT990408-006', 'OE-BAEW0037', '28.67', 'ordered', 'Window regulator'),
('AHCTXZIUNLT990408', 'AHCTXZIUNLT990408-006', 'OE-PACBS0181', '31.20', 'received', 'Brake shoe'),
('AJW0OF78HVS865152', 'AJW0OF78HVS865152-001', 'ZY-PACBS0196', '76.28', 'installed', 'Master Cylinder'),
('AJW0OF78HVS865152', 'AJW0OF78HVS865152-002', 'XM-EAELASS0091', '15.57', 'received', 'Tail light'),
('AJW0OF78HVS865152', 'AJW0OF78HVS865152-002', 'XM-PACBS0170', '15.05', 'received', 'Brake cooling duct'),
('AJW0OF78HVS865152', 'AJW0OF78HVS865152-003', 'KS-EAES0122', '18.30', 'installed', 'Power window switch'),
('AXEV4VONGOV055454', 'AXEV4VONGOV055454-001', 'ZN-EAEM0136', '252.32', 'installed', 'Cruise control computer'),
('AXEV4VONGOV055454', 'AXEV4VONGOV055454-001', 'ZN-IFCAP0151', '506.96', 'installed', 'Carpet and other floor material'),
('AXEV4VONGOV055454', 'AXEV4VONGOV055454-001', 'ZN-PACBS0185', '422.69', 'installed', 'Calibrated friction brake'),
('AXEV4VONGOV055454', 'AXEV4VONGOV055454-002', 'DN-BAED0026', '363.54', 'installed', 'Door control module'),
('AXEV4VONGOV055454', 'AXEV4VONGOV055454-002', 'DN-ICS0155', '35.48', 'installed', 'Bucket Seat'),
('AXEV4VONGOV055454', 'AXEV4VONGOV055454-003', 'HI-BAE0013', '150.30', 'installed', 'Radiator core support'),
('AXEV4VONGOV055454', 'AXEV4VONGOV055454-003', 'HI-EAEESS0053', '210.86', 'installed', 'Battery'),
('AXEV4VONGOV055454', 'AXEV4VONGOV055454-003', 'HI-EAESS0115', '398.74', 'installed', 'Starter'),
('AXEV4VONGOV055454', 'AXEV4VONGOV055454-004', 'PP-IFCAP0151', '463.70', 'installed', 'Carpet and other floor material'),
('AXEV4VONGOV055454', 'AXEV4VONGOV055454-004', 'PP-PACBS0196', '513.38', 'installed', 'Master Cylinder'),
('AXEV4VONGOV055454', 'AXEV4VONGOV055454-004', 'PP-PACBS0198', '157.78', 'installed', 'Other braking system parts'),
('AXEV4VONGOV055454', 'AXEV4VONGOV055454-005', 'SS-BAE0021', '432.38', 'installed', 'Valance'),
('AXEV4VONGOV055454', 'AXEV4VONGOV055454-005', 'SS-EAECS0052', '479.96', 'installed', 'Other alternator parts'),
('AXEV4VONGOV055454', 'AXEV4VONGOV055454-005', 'SS-EAELASS0087', '322.65', 'installed', 'Headlight motor'),
('AXEV4VONGOV055454', 'AXEV4VONGOV055454-005', 'SS-EAELASS0090', '456.83', 'installed', 'Side lighting'),
('AZJAEE6WIG0491218', 'AZJAEE6WIG0491218-001', 'SX-BAE0003', '12.38', 'received', 'Exposed bumper'),
('AZJAEE6WIG0491218', 'AZJAEE6WIG0491218-001', 'SX-BAED0023', '12.75', 'received', 'Door beam and panel'),
('AZJAEE6WIG0491218', 'AZJAEE6WIG0491218-001', 'SX-PACBS0193', '37.66', 'installed', 'Brake duct hose'),
('AZJAEE6WIG0491218', 'AZJAEE6WIG0491218-002', 'SE-EAEGAM0064', '14.80', 'received', 'Dynamometer'),
('AZJAEE6WIG0491218', 'AZJAEE6WIG0491218-002', 'SE-EAEGAM0065', '29.05', 'received', 'Fuel gauge'),
('AZJAEE6WIG0491218', 'AZJAEE6WIG0491218-002', 'SE-EAEM0134', '50.50', 'received', 'Central locking system'),
('B0VBO26AVSF452216', 'B0VBO26AVSF452216-001', 'SO-EAEGAM0067', '17.52', 'ordered', 'Odometer'),
('B0VBO26AVSF452216', 'B0VBO26AVSF452216-001', 'SO-EAEWH0131', '47.75', 'installed', 'Underfloor harness'),
('B0VBO26AVSF452216', 'B0VBO26AVSF452216-002', 'OH-BAED0023', '38.06', 'received', 'Door beam and panel'),
('B0VBO26AVSF452216', 'B0VBO26AVSF452216-002', 'OH-EAES0104', '34.96', 'ordered', 'Pressure sensor'),
('B0VBO26AVSF452216', 'B0VBO26AVSF452216-002', 'OH-PACBS0180', '45.96', 'ordered', 'Brake servo'),
('B0VBO26AVSF452216', 'B0VBO26AVSF452216-003', 'SX-EAEM0134', '38.62', 'ordered', 'Central locking system'),
('B0VBO26AVSF452216', 'B0VBO26AVSF452216-003', 'SX-EAEWH0130', '47.76', 'ordered', 'Interior harness'),
('B0VBO26AVSF452216', 'B0VBO26AVSF452216-003', 'SX-PACBS0173', '1.16', 'ordered', 'Brake line'),
('B0VBO26AVSF452216', 'B0VBO26AVSF452216-004', 'SX-EAEESS0056', '19.58', 'ordered', 'Battery cable terminal'),
('B6DYAUVZOLO290932', 'B6DYAUVZOLO290932-001', 'FH-BAEW0035', '34.10', 'installed', 'Sunroof motor'),
('B6DYAUVZOLO290932', 'B6DYAUVZOLO290932-001', 'FH-EAEM0150', '93.23', 'received', 'Wiring connector'),
('B6DYAUVZOLO290932', 'B6DYAUVZOLO290932-001', 'FH-IFCAP0151', '31.55', 'received', 'Carpet and other floor material'),
('B6DYAUVZOLO290932', 'B6DYAUVZOLO290932-002', 'SX-BAE0003', '74.51', 'received', 'Exposed bumper'),
('B6DYAUVZOLO290932', 'B6DYAUVZOLO290932-002', 'SX-EAELASS0092', '19.17', 'installed', 'Tail light cover'),
('B6DYAUVZOLO290932', 'B6DYAUVZOLO290932-002', 'SX-PACBS0172', '26.45', 'received', 'Brake drum'),
('B6DYAUVZOLO290932', 'B6DYAUVZOLO290932-002', 'SX-PACBS0197', '54.94', 'installed', 'Metering valve'),
('B6DYAUVZOLO290932', 'B6DYAUVZOLO290932-003', 'MH-EAEIS0079', '15.58', 'ordered', 'Ignition Coil'),
('B6DYAUVZOLO290932', 'B6DYAUVZOLO290932-003', 'MH-PACBS0171', '75.11', 'received', 'Brake disc'),
('B6DYAUVZOLO290932', 'B6DYAUVZOLO290932-004', 'OA-BAED0025', '34.28', 'installed', 'Inner door handle'),
('B6DYAUVZOLO290932', 'B6DYAUVZOLO290932-004', 'OA-EAEAD0043', '46.70', 'received', 'Radio and media player'),
('B6DYAUVZOLO290932', 'B6DYAUVZOLO290932-004', 'OA-PACBS0192', '61.26', 'installed', 'Air brake nylon hose'),
('B8SSPH58WRS521686', 'B8SSPH58WRS521686-001', 'ZY-BAE0010', '31.27', 'installed', 'Grille'),
('B8SSPH58WRS521686', 'B8SSPH58WRS521686-001', 'ZY-EAECS0052', '7.51', 'installed', 'Other alternator parts'),
('B8SSPH58WRS521686', 'B8SSPH58WRS521686-001', 'ZY-EAEM0142', '6.19', 'installed', 'Performance chip'),
('B8SSPH58WRS521686', 'B8SSPH58WRS521686-001', 'ZY-IFCAP0152', '44.82', 'installed', 'Center console'),
('B8SSPH58WRS521686', 'B8SSPH58WRS521686-002', 'OH-EAES0098', '51.88', 'received', 'Fuel level sensor'),
('B8SSPH58WRS521686', 'B8SSPH58WRS521686-002', 'OH-EAES0101', '23.36', 'ordered', 'Manifold absolute pressure sensor'),
('B8SSPH58WRS521686', 'B8SSPH58WRS521686-002', 'OH-PACBS0168', '19.02', 'installed', 'Brake backing plate'),
('B8SSPH58WRS521686', 'B8SSPH58WRS521686-003', 'PP-BAE0010', '52.18', 'received', 'Grille'),
('B8SSPH58WRS521686', 'B8SSPH58WRS521686-003', 'PP-EAELASS0085', '52.52', 'ordered', 'Halogen'),
('B8SSPH58WRS521686', 'B8SSPH58WRS521686-004', 'HI-BAE0002', '22.86', 'installed', 'Unexposed bumper'),
('B8SSPH58WRS521686', 'B8SSPH58WRS521686-004', 'HI-EAEM0149', '28.07', 'received', 'Transmission computer'),
('B8SSPH58WRS521686', 'B8SSPH58WRS521686-004', 'HI-ICS0157', '36.19', 'installed', 'Fastener'),
('B8SSPH58WRS521686', 'B8SSPH58WRS521686-004', 'HI-PACBS0185', '13.42', 'installed', 'Calibrated friction brake'),
('BIUHHJZSI4O016585', 'BIUHHJZSI4O016585-001', 'SX-EAEAD0043', '51.69', 'received', 'Radio and media player'),
('BIUHHJZSI4O016585', 'BIUHHJZSI4O016585-001', 'SX-EAELASS0091', '8.93', 'installed', 'Tail light'),
('BIUHHJZSI4O016585', 'BIUHHJZSI4O016585-001', 'SX-EAEM0140', '65.95', 'received', 'Fuse'),
('BIUHHJZSI4O016585', 'BIUHHJZSI4O016585-001', 'SX-EAES0123', '46.77', 'ordered', 'Steering column switch'),
('BKMITEBY1EN848184', 'BKMITEBY1EN848184-001', 'SX-BAED0030', '3.98', 'received', 'Door and bonnet'),
('BKMITEBY1EN848184', 'BKMITEBY1EN848184-001', 'SX-EAEESS0059', '1.72', 'received', 'Battery plate'),
('BKMITEBY1EN848184', 'BKMITEBY1EN848184-002', 'KS-EAEIS0077', '6.48', 'ordered', 'Electronic timing controller'),
('BKMITEBY1EN848184', 'BKMITEBY1EN848184-002', 'KS-EAESS0117', '19.58', 'installed', 'Starter Motor'),
('BKMITEBY1EN848184', 'BKMITEBY1EN848184-002', 'KS-EAESS0118', '0.13', 'installed', 'Starter solenoid'),
('BKMITEBY1EN848184', 'BKMITEBY1EN848184-003', 'DN-EAEGAM0072', '16.62', 'received', 'Vacuum gauge'),
('BKMITEBY1EN848184', 'BKMITEBY1EN848184-003', 'DN-EAEM0134', '24.60', 'ordered', 'Central locking system'),
('BKMITEBY1EN848184', 'BKMITEBY1EN848184-003', 'DN-EAESS0118', '2.80', 'ordered', 'Starter solenoid'),
('BKMITEBY1EN848184', 'BKMITEBY1EN848184-003', 'DN-PACBS0192', '32.25', 'ordered', 'Air brake nylon hose'),
('BKMITEBY1EN848184', 'BKMITEBY1EN848184-004', 'MH-BAE0022', '3.82', 'ordered', 'Welded assembly'),
('BKMITEBY1EN848184', 'BKMITEBY1EN848184-004', 'MH-BAED0023', '9.87', 'ordered', 'Door beam and panel'),
('BKMITEBY1EN848184', 'BKMITEBY1EN848184-004', 'MH-EAES0102', '23.58', 'ordered', 'Oxygen sensor'),
('C15HS5VBR7W535537', 'C15HS5VBR7W535537-001', 'SO-EAEESS0058', '126.07', 'received', 'Battery control system'),
('C15HS5VBR7W535537', 'C15HS5VBR7W535537-001', 'SO-EAEGAM0071', '25.73', 'received', 'Tire pressure gauge'),
('C15HS5VBR7W535537', 'C15HS5VBR7W535537-001', 'SO-EAEWH0130', '91.39', 'received', 'Interior harness'),
('C15HS5VBR7W535537', 'C15HS5VBR7W535537-002', 'PP-BAE0015', '119.21', 'ordered', 'Roof Rack'),
('C15HS5VBR7W535537', 'C15HS5VBR7W535537-002', 'PP-BAEW0040', '126.11', 'ordered', 'Window seal'),
('C15HS5VBR7W535537', 'C15HS5VBR7W535537-002', 'PP-EAEM0145', '22.22', 'ordered', 'Remote lock'),
('C15HS5VBR7W535537', 'C15HS5VBR7W535537-002', 'PP-IFCAP0152', '27.80', 'installed', 'Center console'),
('C3FOQPRK48B009537', 'C3FOQPRK48B009537-001', 'OE-EAEGAM0062', '93.23', 'received', 'Ammeter'),
('C3FOQPRK48B009537', 'C3FOQPRK48B009537-001', 'OE-EAES0102', '7.06', 'received', 'Oxygen sensor'),
('C3FOQPRK48B009537', 'C3FOQPRK48B009537-001', 'OE-PACBS0177', '50.52', 'installed', 'Brake pump'),
('C3FOQPRK48B009537', 'C3FOQPRK48B009537-002', 'GT-EAEWH0131', '103.65', 'received', 'Underfloor harness'),
('C3FOQPRK48B009537', 'C3FOQPRK48B009537-002', 'GT-IFCAP0151', '57.27', 'received', 'Carpet and other floor material'),
('C3FOQPRK48B009537', 'C3FOQPRK48B009537-002', 'GT-PACBS0195', '25.12', 'ordered', 'Load-sensing valve'),
('C3FOQPRK48B009537', 'C3FOQPRK48B009537-003', 'SX-EAECS0052', '30.71', 'ordered', 'Other alternator parts'),
('C3FOQPRK48B009537', 'C3FOQPRK48B009537-003', 'SX-EAEGAM0062', '65.37', 'received', 'Ammeter'),
('C3FOQPRK48B009537', 'C3FOQPRK48B009537-003', 'SX-EAES0124', '9.61', 'installed', 'Switch cover'),
('C3FOQPRK48B009537', 'C3FOQPRK48B009537-003', 'SX-PACBS0195', '80.63', 'installed', 'Load-sensing valve'),
('C3FOQPRK48B009537', 'C3FOQPRK48B009537-004', 'ZT-BAE0009', '72.95', 'ordered', 'Front fascia and header panel'),
('C3FOQPRK48B009537', 'C3FOQPRK48B009537-004', 'ZT-EAEESS0061', '67.92', 'ordered', 'Voltage regulator'),
('C3FOQPRK48B009537', 'C3FOQPRK48B009537-004', 'ZT-EAES0093', '7.80', 'ordered', 'Airbag sensor'),
('C3FOQPRK48B009537', 'C3FOQPRK48B009537-004', 'ZT-PACBS0167', '22.69', 'received', 'Bleed nipple'),
('CB7NB6TBLMD840841', 'CB7NB6TBLMD840841-001', 'MH-EAEIS0082', '17.02', 'installed', 'Magneto'),
('CB7NB6TBLMD840841', 'CB7NB6TBLMD840841-001', 'MH-EAESS0118', '36.12', 'ordered', 'Starter solenoid'),
('CB7NB6TBLMD840841', 'CB7NB6TBLMD840841-002', 'RN-EAEGAM0067', '32.51', 'received', 'Odometer'),
('CKP0OYNPTQV900997', 'CKP0OYNPTQV900997-001', 'KS-EAES0094', '70.60', 'installed', 'Anti-pinch sensor'),
('CKP0OYNPTQV900997', 'CKP0OYNPTQV900997-001', 'KS-EAEWH0131', '18.85', 'installed', 'Underfloor harness'),
('CKP0OYNPTQV900997', 'CKP0OYNPTQV900997-001', 'KS-ICS0160', '79.98', 'installed', 'Seat bracket'),
('CKP0OYNPTQV900997', 'CKP0OYNPTQV900997-001', 'KS-PACBS0171', '93.93', 'installed', 'Brake disc'),
('CKP0OYNPTQV900997', 'CKP0OYNPTQV900997-002', 'OA-BAE0011', '65.44', 'installed', 'Pillar and hard trim'),
('CKP0OYNPTQV900997', 'CKP0OYNPTQV900997-002', 'OA-EAEGAM0066', '87.39', 'installed', 'Hydrometer'),
('CKP0OYNPTQV900997', 'CKP0OYNPTQV900997-002', 'OA-EAEIS0076', '23.41', 'installed', 'Distributor'),
('CKP0OYNPTQV900997', 'CKP0OYNPTQV900997-002', 'OA-EAELASS0085', '5.97', 'installed', 'Halogen'),
('CKP0OYNPTQV900997', 'CKP0OYNPTQV900997-003', 'KS-BAE0021', '60.80', 'installed', 'Valance'),
('CKP0OYNPTQV900997', 'CKP0OYNPTQV900997-003', 'KS-EAES0099', '105.03', 'installed', 'Knock sensor'),
('CKP0OYNPTQV900997', 'CKP0OYNPTQV900997-003', 'KS-ICS0159', '93.05', 'installed', 'Seat Belt'),
('CKP0OYNPTQV900997', 'CKP0OYNPTQV900997-003', 'KS-PACBS0163', '119.33', 'installed', 'Anti-lock braking system'),
('CKP0OYNPTQV900997', 'CKP0OYNPTQV900997-004', 'SO-EAEM0148', '58.41', 'installed', 'Speedometer calibrator'),
('CKP0OYNPTQV900997', 'CKP0OYNPTQV900997-004', 'SO-EAES0103', '98.22', 'installed', 'Power-steering pressure sensor'),
('CKP0OYNPTQV900997', 'CKP0OYNPTQV900997-004', 'SO-ICS0158', '66.74', 'installed', 'Headrest'),
('CKP0OYNPTQV900997', 'CKP0OYNPTQV900997-005', 'BX-EAEWH0131', '113.11', 'installed', 'Underfloor harness'),
('CKP0OYNPTQV900997', 'CKP0OYNPTQV900997-005', 'BX-PACBS0163', '15.11', 'installed', 'Anti-lock braking system'),
('CLEGAGVNX62265577', 'CLEGAGVNX62265577-001', 'FH-EAEM0138', '9.06', 'installed', 'Engine computer and management system'),
('CLEGAGVNX62265577', 'CLEGAGVNX62265577-001', 'FH-EAEM0146', '20.82', 'installed', 'Shift improver'),
('CLEGAGVNX62265577', 'CLEGAGVNX62265577-002', 'OH-EAES0095', '19.43', 'installed', 'Camshaft position sensor'),
('CLEGAGVNX62265577', 'CLEGAGVNX62265577-003', 'MH-EAEESS0055', '33.32', 'installed', 'Battery box'),
('CLEGAGVNX62265577', 'CLEGAGVNX62265577-004', 'ZT-EAEESS0060', '23.57', 'installed', 'Battery tray'),
('CLEGAGVNX62265577', 'CLEGAGVNX62265577-004', 'ZT-EAES0101', '24.67', 'installed', 'Manifold absolute pressure sensor'),
('CLEGAGVNX62265577', 'CLEGAGVNX62265577-004', 'ZT-EAES0120', '20.81', 'installed', 'Door switch'),
('CLEGAGVNX62265577', 'CLEGAGVNX62265577-004', 'ZT-EAEWH0131', '11.71', 'installed', 'Underfloor harness'),
('CLEGAGVNX62265577', 'CLEGAGVNX62265577-005', 'HI-ICS0158', '0.20', 'installed', 'Headrest'),
('CN7453KYD25674641', 'CN7453KYD25674641-001', 'ZY-BAE0005', '58.96', 'installed', 'Decklid'),
('CN7453KYD25674641', 'CN7453KYD25674641-002', 'ZT-BAED0032', '111.75', 'received', 'Centre Locking'),
('CZIU7B73Q86955353', 'CZIU7B73Q86955353-001', 'SX-EAEGAM0063', '81.78', 'installed', 'Clinometer'),
('CZIU7B73Q86955353', 'CZIU7B73Q86955353-002', 'MH-BAE0008', '68.77', 'received', 'Front clip'),
('CZIU7B73Q86955353', 'CZIU7B73Q86955353-002', 'MH-BAE0017', '54.48', 'received', 'Front spoiler'),
('CZIU7B73Q86955353', 'CZIU7B73Q86955353-002', 'MH-EAES0112', '41.28', 'received', 'IMA sensor'),
('CZIU7B73Q86955353', 'CZIU7B73Q86955353-002', 'MH-PACBS0187', '78.49', 'received', 'Combination valve'),
('CZIU7B73Q86955353', 'CZIU7B73Q86955353-003', 'XM-EAEIS0078', '32.15', 'received', 'Ignition box'),
('CZIU7B73Q86955353', 'CZIU7B73Q86955353-003', 'XM-EAEM0146', '20.70', 'ordered', 'Shift improver'),
('CZIU7B73Q86955353', 'CZIU7B73Q86955353-003', 'XM-EAESS0116', '83.75', 'ordered', 'Starter drive'),
('CZIU7B73Q86955353', 'CZIU7B73Q86955353-004', 'GT-BAE0010', '68.44', 'installed', 'Grille'),
('CZIU7B73Q86955353', 'CZIU7B73Q86955353-004', 'GT-BAE0020', '86.70', 'installed', 'Trunk'),
('CZIU7B73Q86955353', 'CZIU7B73Q86955353-004', 'GT-BAED0023', '55.24', 'ordered', 'Door beam and panel'),
('CZIU7B73Q86955353', 'CZIU7B73Q86955353-004', 'GT-EAEIS0078', '79.92', 'ordered', 'Ignition box'),
('D4G0CTZMD2X930012', 'D4G0CTZMD2X930012-001', 'SE-EAES0102', '14.15', 'installed', 'Oxygen sensor'),
('D4G0CTZMD2X930012', 'D4G0CTZMD2X930012-002', 'KS-EAES0105', '16.18', 'installed', 'Rain sensor'),
('D4G0CTZMD2X930012', 'D4G0CTZMD2X930012-003', 'RN-BAE0017', '19.11', 'installed', 'Front spoiler'),
('D4G0CTZMD2X930012', 'D4G0CTZMD2X930012-003', 'RN-EAEGAM0069', '11.45', 'installed', 'Tachometer'),
('D4G0CTZMD2X930012', 'D4G0CTZMD2X930012-003', 'RN-EAES0127', '4.20', 'installed', 'Frame Switch'),
('D4G0CTZMD2X930012', 'D4G0CTZMD2X930012-003', 'RN-PACBS0175', '16.86', 'installed', 'Brake pedal'),
('D4G0CTZMD2X930012', 'D4G0CTZMD2X930012-004', 'OA-BAEW0040', '34.10', 'installed', 'Window seal'),
('DBX6KOCPLNA744149', 'DBX6KOCPLNA744149-001', 'KS-BAE0010', '8.42', 'installed', 'Grille'),
('DBX6KOCPLNA744149', 'DBX6KOCPLNA744149-001', 'KS-EAEM0146', '46.71', 'installed', 'Shift improver'),
('DBX6KOCPLNA744149', 'DBX6KOCPLNA744149-001', 'KS-PACBS0166', '12.84', 'installed', 'Anchor'),
('DBX6KOCPLNA744149', 'DBX6KOCPLNA744149-002', 'ZT-EAES0102', '44.64', 'installed', 'Oxygen sensor'),
('DBX6KOCPLNA744149', 'DBX6KOCPLNA744149-002', 'ZT-PACBS0178', '36.21', 'installed', 'Brake roll'),
('DF6PFCH0AEX087065', 'DF6PFCH0AEX087065-001', 'SO-EAELASS0085', '5.19', 'installed', 'Halogen'),
('DF6PFCH0AEX087065', 'DF6PFCH0AEX087065-001', 'SO-EAES0109', '52.30', 'installed', 'ABS brack sensor'),
('DF6PFCH0AEX087065', 'DF6PFCH0AEX087065-001', 'SO-ICS0158', '52.15', 'installed', 'Headrest'),
('DF6PFCH0AEX087065', 'DF6PFCH0AEX087065-002', 'ZT-EAECS0052', '35.23', 'installed', 'Other alternator parts'),
('DF6PFCH0AEX087065', 'DF6PFCH0AEX087065-002', 'ZT-EAEIS0077', '8.34', 'installed', 'Electronic timing controller'),
('DF6PFCH0AEX087065', 'DF6PFCH0AEX087065-002', 'ZT-EAES0121', '53.13', 'installed', 'Ignition Switch'),
('DF6PFCH0AEX087065', 'DF6PFCH0AEX087065-002', 'ZT-EAES0122', '46.73', 'installed', 'Power window switch'),
('DF6PFCH0AEX087065', 'DF6PFCH0AEX087065-003', 'OE-EAEM0137', '33.60', 'installed', 'Door contact'),
('DF6PFCH0AEX087065', 'DF6PFCH0AEX087065-004', 'FH-EAEAD0047', '30.08', 'installed', 'Subwoofer'),
('DF6PFCH0AEX087065', 'DF6PFCH0AEX087065-004', 'FH-EAEESS0059', '4.88', 'installed', 'Battery plate'),
('DF6PFCH0AEX087065', 'DF6PFCH0AEX087065-004', 'FH-EAES0100', '46.38', 'installed', 'Light sensor'),
('DF6PFCH0AEX087065', 'DF6PFCH0AEX087065-004', 'FH-PACBS0177', '49.29', 'installed', 'Brake pump'),
('DF6PFCH0AEX087065', 'DF6PFCH0AEX087065-005', 'BX-EAEIS0080', '52.43', 'installed', 'Ignition coil parts'),
('DF6PFCH0AEX087065', 'DF6PFCH0AEX087065-005', 'BX-EAEM0138', '11.76', 'installed', 'Engine computer and management system'),
('DF6PFCH0AEX087065', 'DF6PFCH0AEX087065-005', 'BX-PACBS0197', '47.50', 'installed', 'Metering valve'),
('DU400SRFFTR031554', 'DU400SRFFTR031554-001', 'SO-EAEAD0046', '38.93', 'installed', 'Tuner'),
('DU400SRFFTR031554', 'DU400SRFFTR031554-001', 'SO-PACBS0193', '23.73', 'installed', 'Brake duct hose'),
('EBDPUOZW0UW750384', 'EBDPUOZW0UW750384-001', 'HI-BAE0020', '2.69', 'installed', 'Trunk'),
('EBDPUOZW0UW750384', 'EBDPUOZW0UW750384-001', 'HI-EAEGAM0070', '106.92', 'installed', 'Temperature gauge'),
('EBDPUOZW0UW750384', 'EBDPUOZW0UW750384-001', 'HI-EAES0094', '15.35', 'installed', 'Anti-pinch sensor'),
('EBDPUOZW0UW750384', 'EBDPUOZW0UW750384-002', 'ZT-EAEAD0045', '99.12', 'installed', 'Speaker'),
('EBDPUOZW0UW750384', 'EBDPUOZW0UW750384-002', 'ZT-EAEIS0079', '57.63', 'installed', 'Ignition Coil'),
('EBDPUOZW0UW750384', 'EBDPUOZW0UW750384-002', 'ZT-EAELASS0084', '75.91', 'installed', 'Fog Light'),
('EBZZN84J0L1163524', 'EBZZN84J0L1163524-001', 'DN-EAES0108', '72.18', 'installed', 'Transmission input and output sensor'),
('EBZZN84J0L1163524', 'EBZZN84J0L1163524-002', 'SS-EAEM0149', '77.46', 'installed', 'Transmission computer'),
('EBZZN84J0L1163524', 'EBZZN84J0L1163524-002', 'SS-PACBS0173', '17.18', 'installed', 'Brake line'),
('EBZZN84J0L1163524', 'EBZZN84J0L1163524-003', 'DN-BAE0009', '24.04', 'installed', 'Front fascia and header panel'),
('EBZZN84J0L1163524', 'EBZZN84J0L1163524-003', 'DN-EAEGAM0066', '80.21', 'installed', 'Hydrometer'),
('EBZZN84J0L1163524', 'EBZZN84J0L1163524-003', 'DN-EAEGAM0071', '29.92', 'installed', 'Tire pressure gauge'),
('EBZZN84J0L1163524', 'EBZZN84J0L1163524-004', 'OA-EAELASS0091', '7.26', 'installed', 'Tail light'),
('EBZZN84J0L1163524', 'EBZZN84J0L1163524-004', 'OA-PACBS0186', '19.65', 'installed', 'Caliper'),
('EBZZN84J0L1163524', 'EBZZN84J0L1163524-004', 'OA-PACBS0190', '82.67', 'installed', 'Hose'),
('EBZZN84J0L1163524', 'EBZZN84J0L1163524-005', 'SO-EAEGAM0065', '45.94', 'installed', 'Fuel gauge'),
('EBZZN84J0L1163524', 'EBZZN84J0L1163524-005', 'SO-EAES0106', '60.06', 'installed', 'Rotational sensor'),
('EBZZN84J0L1163524', 'EBZZN84J0L1163524-005', 'SO-EAEWH0128', '4.26', 'installed', 'Air conditioning harness'),
('EBZZN84J0L1163524', 'EBZZN84J0L1163524-006', 'OE-BAEW0038', '19.00', 'installed', 'Windshield'),
('EBZZN84J0L1163524', 'EBZZN84J0L1163524-006', 'OE-PACBS0163', '86.37', 'installed', 'Anti-lock braking system'),
('EEC7DB0AVX8841803', 'EEC7DB0AVX8841803-001', 'GT-BAE0016', '17.03', 'ordered', 'Spoiler'),
('EEC7DB0AVX8841803', 'EEC7DB0AVX8841803-001', 'GT-EAEIS0079', '76.56', 'installed', 'Ignition Coil'),
('EEC7DB0AVX8841803', 'EEC7DB0AVX8841803-001', 'GT-PACBS0174', '37.92', 'received', 'Brake pad'),
('EEC7DB0AVX8841803', 'EEC7DB0AVX8841803-002', 'OA-10141', '38.95', 'installed', 'Fuse Box: The Alternative Tribute'),
('EEC7DB0AVX8841803', 'EEC7DB0AVX8841803-002', 'OA-EAEM0137', '72.99', 'received', 'Door contact'),
('EEC7DB0AVX8841803', 'EEC7DB0AVX8841803-002', 'OA-EAEM0144', '26.49', 'installed', 'Relay connector'),
('EEC7DB0AVX8841803', 'EEC7DB0AVX8841803-002', 'OA-IFCAP0152', '25.97', 'installed', 'Center console'),
('EEC7DB0AVX8841803', 'EEC7DB0AVX8841803-003', 'KS-BAED0031', '78.71', 'received', 'Lock'),
('EEC7DB0AVX8841803', 'EEC7DB0AVX8841803-003', 'KS-EAEESS0054', '77.10', 'installed', 'Performance battery'),
('EEC7DB0AVX8841803', 'EEC7DB0AVX8841803-003', 'KS-EAEGAM0066', '65.02', 'received', 'Hydrometer'),
('EEC7DB0AVX8841803', 'EEC7DB0AVX8841803-003', 'KS-EAES0113', '14.15', 'installed', 'Oil level sensor'),
('EEC7DB0AVX8841803', 'EEC7DB0AVX8841803-004', 'PP-BAEW0038', '42.49', 'ordered', 'Windshield'),
('EEC7DB0AVX8841803', 'EEC7DB0AVX8841803-004', 'PP-EAEGAM0070', '61.32', 'received', 'Temperature gauge'),
('EEC7DB0AVX8841803', 'EEC7DB0AVX8841803-004', 'PP-PACBS0180', '44.43', 'ordered', 'Brake servo'),
('EEC7DB0AVX8841803', 'EEC7DB0AVX8841803-005', 'FH-BAE0014', '74.61', 'installed', 'Rocker panel'),
('EEC7DB0AVX8841803', 'EEC7DB0AVX8841803-006', 'KS-EAELASS0090', '50.23', 'installed', 'Side lighting'),
('EEC7DB0AVX8841803', 'EEC7DB0AVX8841803-006', 'KS-EAES0124', '14.09', 'received', 'Switch cover'),
('EEC7DB0AVX8841803', 'EEC7DB0AVX8841803-006', 'KS-PACBS0196', '80.16', 'installed', 'Master Cylinder'),
('EFWM866BVP1512173', 'EFWM866BVP1512173-001', 'OA-BAE0012', '75.80', 'installed', 'Quarter panel'),
('EFWM866BVP1512173', 'EFWM866BVP1512173-001', 'OA-EAESS0119', '13.05', 'installed', 'Spark Plug'),
('EFWM866BVP1512173', 'EFWM866BVP1512173-001', 'OA-IFCAP0151', '93.71', 'installed', 'Carpet and other floor material'),
('EFWM866BVP1512173', 'EFWM866BVP1512173-002', 'ZN-BAE0018', '72.30', 'installed', 'Rear spoiler'),
('EFWM866BVP1512173', 'EFWM866BVP1512173-002', 'ZN-BAEW0039', '32.03', 'installed', 'Windshield washer motor'),
('ELXTVDBEOKI657593', 'ELXTVDBEOKI657593-001', 'OA-BAED0025', '20.60', 'installed', 'Inner door handle'),
('ESYSVDN5WUF888037', 'ESYSVDN5WUF888037-001', 'ZT-BAE0019', '20.20', 'installed', 'Trim package'),
('ESYSVDN5WUF888037', 'ESYSVDN5WUF888037-002', 'SX-BAE0005', '6.38', 'installed', 'Decklid'),
('ESYSVDN5WUF888037', 'ESYSVDN5WUF888037-002', 'SX-EAEESS0061', '1.82', 'installed', 'Voltage regulator'),
('ESYSVDN5WUF888037', 'ESYSVDN5WUF888037-002', 'SX-EAES0093', '51.31', 'installed', 'Airbag sensor'),
('ESYSVDN5WUF888037', 'ESYSVDN5WUF888037-002', 'SX-PACBS0167', '37.08', 'installed', 'Bleed nipple'),
('ESYSVDN5WUF888037', 'ESYSVDN5WUF888037-003', 'HI-10141', '36.29', 'installed', 'Fuse Box: The Alternative Tribute'),
('ESYSVDN5WUF888037', 'ESYSVDN5WUF888037-003', 'HI-BAED0026', '3.45', 'installed', 'Door control module'),
('ESYSVDN5WUF888037', 'ESYSVDN5WUF888037-003', 'HI-EAEGAM0070', '37.08', 'installed', 'Temperature gauge'),
('EYJA4KTGDYQ015061', 'EYJA4KTGDYQ015061-001', 'RN-EAEIS0082', '36.59', 'installed', 'Magneto'),
('F2Q618FX05Z072513', 'F2Q618FX05Z072513-001', 'KS-EAEESS0059', '64.38', 'installed', 'Battery plate'),
('F2Q618FX05Z072513', 'F2Q618FX05Z072513-001', 'KS-EAEWH0131', '9.44', 'installed', 'Underfloor harness'),
('F2Q618FX05Z072513', 'F2Q618FX05Z072513-001', 'KS-ICS0161', '137.03', 'installed', 'Seat cover'),
('F2Q618FX05Z072513', 'F2Q618FX05Z072513-001', 'KS-PACBS0198', '18.01', 'installed', 'Other braking system parts'),
('F2Q618FX05Z072513', 'F2Q618FX05Z072513-002', 'RN-EAES0107', '134.83', 'installed', 'Temperature sensor'),
('F4N3GC225MT163583', 'F4N3GC225MT163583-001', 'KS-EAES0125', '15.55', 'received', 'Switch panel'),
('F4N3GC225MT163583', 'F4N3GC225MT163583-002', 'SS-PACBS0185', '40.43', 'ordered', 'Calibrated friction brake'),
('FC5IOH7WXUG049482', 'FC5IOH7WXUG049482-001', 'ZN-PACBS0180', '22.93', 'installed', 'Brake servo'),
('FC5IOH7WXUG049482', 'FC5IOH7WXUG049482-002', 'RN-EAEESS0053', '28.82', 'ordered', 'Battery'),
('FC5IOH7WXUG049482', 'FC5IOH7WXUG049482-002', 'RN-ICS0160', '29.19', 'received', 'Seat bracket'),
('FC5IOH7WXUG049482', 'FC5IOH7WXUG049482-002', 'RN-PACBS0192', '21.98', 'installed', 'Air brake nylon hose'),
('FF386522UXW088260', 'FF386522UXW088260-001', 'BX-BAE0005', '26.07', 'installed', 'Decklid'),
('FF386522UXW088260', 'FF386522UXW088260-001', 'BX-EAES0114', '22.43', 'installed', 'ABS sensor'),
('FF386522UXW088260', 'FF386522UXW088260-001', 'BX-EAES0121', '75.75', 'installed', 'Ignition Switch'),
('FF386522UXW088260', 'FF386522UXW088260-001', 'BX-EAEWH0129', '74.28', 'installed', 'Engine compartment harness'),
('FF386522UXW088260', 'FF386522UXW088260-002', 'SO-BAED0030', '63.17', 'installed', 'Door and bonnet'),
('FF386522UXW088260', 'FF386522UXW088260-002', 'SO-EAEAD0047', '48.86', 'installed', 'Subwoofer'),
('FF386522UXW088260', 'FF386522UXW088260-003', 'KS-EAEESS0053', '9.11', 'installed', 'Battery'),
('FF386522UXW088260', 'FF386522UXW088260-003', 'KS-EAEIS0078', '14.58', 'installed', 'Ignition box'),
('FF386522UXW088260', 'FF386522UXW088260-003', 'KS-EAEM0135', '34.65', 'installed', 'Chassis control computer'),
('FF386522UXW088260', 'FF386522UXW088260-003', 'KS-EAES0097', '34.54', 'installed', 'Engine sensor'),
('FF386522UXW088260', 'FF386522UXW088260-004', 'SX-EAEM0148', '55.66', 'installed', 'Speedometer calibrator'),
('FH3BO3MF7F8943017', 'FH3BO3MF7F8943017-001', 'XM-EAEM0150', '115.90', 'installed', 'Wiring connector'),
('FH3BO3MF7F8943017', 'FH3BO3MF7F8943017-002', 'ZN-BAE0002', '43.33', 'received', 'Unexposed bumper'),
('FH3BO3MF7F8943017', 'FH3BO3MF7F8943017-002', 'ZN-EAEAD0047', '47.42', 'received', 'Subwoofer'),
('FH3BO3MF7F8943017', 'FH3BO3MF7F8943017-003', 'FH-EAES0093', '147.49', 'ordered', 'Airbag sensor'),
('FLFOADSEVDJ743887', 'FLFOADSEVDJ743887-001', 'HI-EAECS0048', '0.23', 'ordered', 'Alternator'),
('FLFOADSEVDJ743887', 'FLFOADSEVDJ743887-001', 'HI-PACBS0168', '3.00', 'ordered', 'Brake backing plate'),
('FLFOADSEVDJ743887', 'FLFOADSEVDJ743887-002', 'BX-BAED0028', '17.83', 'received', 'Door watershield'),
('FLFOADSEVDJ743887', 'FLFOADSEVDJ743887-002', 'BX-BAEW0033', '26.11', 'installed', 'Glass'),
('FLFOADSEVDJ743887', 'FLFOADSEVDJ743887-002', 'BX-EAES0096', '32.26', 'ordered', 'Crankshaft position sensor'),
('FLFOADSEVDJ743887', 'FLFOADSEVDJ743887-002', 'BX-PACBS0182', '2.68', 'installed', 'Brake lining'),
('FQQN4F0Y2Y4911016', 'FQQN4F0Y2Y4911016-001', 'ZN-BAED0027', '131.09', 'installed', 'Door seal'),
('FQQN4F0Y2Y4911016', 'FQQN4F0Y2Y4911016-001', 'ZN-BAEW0038', '78.67', 'installed', 'Windshield'),
('FQQN4F0Y2Y4911016', 'FQQN4F0Y2Y4911016-001', 'ZN-EAEGAM0066', '196.79', 'installed', 'Hydrometer'),
('FQQN4F0Y2Y4911016', 'FQQN4F0Y2Y4911016-001', 'ZN-EAESS0116', '77.64', 'installed', 'Starter drive'),
('FQQN4F0Y2Y4911016', 'FQQN4F0Y2Y4911016-002', 'PP-EAECS0049', '232.98', 'ordered', 'Alternator bearing'),
('FQQN4F0Y2Y4911016', 'FQQN4F0Y2Y4911016-003', 'DN-EAES0124', '102.05', 'received', 'Switch cover'),
('FQQN4F0Y2Y4911016', 'FQQN4F0Y2Y4911016-003', 'DN-PACBS0192', '145.89', 'ordered', 'Air brake nylon hose'),
('FQQN4F0Y2Y4911016', 'FQQN4F0Y2Y4911016-004', 'PP-BAE0005', '26.12', 'received', 'Decklid'),
('FQQN4F0Y2Y4911016', 'FQQN4F0Y2Y4911016-005', 'SO-EAES0112', '92.04', 'received', 'IMA sensor'),
('FQQN4F0Y2Y4911016', 'FQQN4F0Y2Y4911016-005', 'SO-EAES0126', '159.95', 'ordered', 'Thermostat'),
('FZ1HFZ585WR955503', 'FZ1HFZ585WR955503-001', 'FH-BAE0011', '14.04', 'installed', 'Pillar and hard trim'),
('FZ1HFZ585WR955503', 'FZ1HFZ585WR955503-001', 'FH-BAE0014', '35.85', 'installed', 'Rocker panel'),
('FZ1HFZ585WR955503', 'FZ1HFZ585WR955503-001', 'FH-EAEESS0055', '25.20', 'installed', 'Battery box'),
('FZ1HFZ585WR955503', 'FZ1HFZ585WR955503-001', 'FH-EAEM0137', '7.13', 'installed', 'Door contact'),
('G05OT6PRY0O583244', 'G05OT6PRY0O583244-001', 'FH-EAEGAM0067', '3.90', 'installed', 'Odometer'),
('G05OT6PRY0O583244', 'G05OT6PRY0O583244-001', 'FH-EAEIS0078', '19.32', 'installed', 'Ignition box'),
('G05OT6PRY0O583244', 'G05OT6PRY0O583244-001', 'FH-EAES0113', '26.77', 'installed', 'Oil level sensor'),
('G05OT6PRY0O583244', 'G05OT6PRY0O583244-001', 'FH-ICS0153', '59.49', 'installed', 'Armrest'),
('G05OT6PRY0O583244', 'G05OT6PRY0O583244-002', 'XM-BAEW0036', '36.09', 'installed', 'Window motor'),
('G05OT6PRY0O583244', 'G05OT6PRY0O583244-002', 'XM-EAEAD0045', '11.94', 'installed', 'Speaker'),
('G05OT6PRY0O583244', 'G05OT6PRY0O583244-002', 'XM-EAEM0140', '10.08', 'installed', 'Fuse'),
('G05OT6PRY0O583244', 'G05OT6PRY0O583244-003', 'OA-EAELASS0086', '37.28', 'installed', 'Headlight'),
('G05OT6PRY0O583244', 'G05OT6PRY0O583244-003', 'OA-EAEM0149', '13.08', 'installed', 'Transmission computer'),
('G05OT6PRY0O583244', 'G05OT6PRY0O583244-003', 'OA-PACBS0175', '16.15', 'installed', 'Brake pedal'),
('G05OT6PRY0O583244', 'G05OT6PRY0O583244-004', 'OE-EAEAD0047', '56.94', 'installed', 'Subwoofer'),
('G0OMKKQI3ON337813', 'G0OMKKQI3ON337813-001', 'OH-EAES0108', '13.50', 'received', 'Transmission input and output sensor'),
('G0OMKKQI3ON337813', 'G0OMKKQI3ON337813-001', 'OH-EAES0122', '21.86', 'ordered', 'Power window switch'),
('G0OMKKQI3ON337813', 'G0OMKKQI3ON337813-002', 'FH-PACBS0164', '21.17', 'ordered', 'ABS steel pin'),
('G0OMKKQI3ON337813', 'G0OMKKQI3ON337813-002', 'FH-PACBS0190', '31.69', 'received', 'Hose'),
('G11UA2D181O142111', 'G11UA2D181O142111-001', 'SE-BAE0005', '82.32', 'received', 'Decklid'),
('G11UA2D181O142111', 'G11UA2D181O142111-001', 'SE-EAEGAM0074', '66.42', 'installed', 'Water temperature meter'),
('G11UA2D181O142111', 'G11UA2D181O142111-001', 'SE-PACBS0177', '68.46', 'installed', 'Brake pump'),
('G11UA2D181O142111', 'G11UA2D181O142111-002', 'ZN-EAEM0144', '88.54', 'installed', 'Relay connector'),
('G11UA2D181O142111', 'G11UA2D181O142111-003', 'GT-EAEM0146', '41.02', 'ordered', 'Shift improver'),
('G11UA2D181O142111', 'G11UA2D181O142111-003', 'GT-PACBS0188', '48.29', 'received', 'Dual circuit brake system'),
('G40AQJDVI68882229', 'G40AQJDVI68882229-001', 'SX-EAES0097', '4.38', 'installed', 'Engine sensor'),
('GG7T8HJFVBJ354520', 'GG7T8HJFVBJ354520-001', 'SS-EAECS0048', '24.22', 'received', 'Alternator'),
('GG7T8HJFVBJ354520', 'GG7T8HJFVBJ354520-001', 'SS-EAEIS0076', '3.72', 'ordered', 'Distributor'),
('GG7T8HJFVBJ354520', 'GG7T8HJFVBJ354520-001', 'SS-PACBS0175', '41.51', 'received', 'Brake pedal'),
('GG7T8HJFVBJ354520', 'GG7T8HJFVBJ354520-002', 'XM-BAEW0038', '20.41', 'installed', 'Windshield'),
('GG7T8HJFVBJ354520', 'GG7T8HJFVBJ354520-003', 'FH-BAE0001', '9.68', 'received', 'Bumper'),
('GG7T8HJFVBJ354520', 'GG7T8HJFVBJ354520-003', 'FH-BAE0006', '23.21', 'received', 'Fascia rear and support'),
('GG7T8HJFVBJ354520', 'GG7T8HJFVBJ354520-003', 'FH-PACBS0185', '15.95', 'received', 'Calibrated friction brake'),
('GG7T8HJFVBJ354520', 'GG7T8HJFVBJ354520-003', 'FH-PACBS0187', '44.36', 'received', 'Combination valve'),
('GG7T8HJFVBJ354520', 'GG7T8HJFVBJ354520-004', 'KS-EAEESS0057', '3.55', 'installed', 'Battery cable'),
('GG7T8HJFVBJ354520', 'GG7T8HJFVBJ354520-004', 'KS-EAEM0134', '32.19', 'ordered', 'Central locking system'),
('GG7T8HJFVBJ354520', 'GG7T8HJFVBJ354520-004', 'KS-EAEM0140', '7.84', 'ordered', 'Fuse'),
('GG7T8HJFVBJ354520', 'GG7T8HJFVBJ354520-004', 'KS-PACBS0168', '4.74', 'installed', 'Brake backing plate'),
('GG7T8HJFVBJ354520', 'GG7T8HJFVBJ354520-005', 'KS-EAES0124', '43.68', 'installed', 'Switch cover'),
('GG7T8HJFVBJ354520', 'GG7T8HJFVBJ354520-005', 'KS-ICS0156', '12.69', 'ordered', 'Children and baby car seat'),
('GH7NQUAAD1Z939191', 'GH7NQUAAD1Z939191-001', 'PP-EAEM0143', '2.53', 'installed', 'Performance Monitor'),
('GIKGHMM5MB3457530', 'GIKGHMM5MB3457530-001', 'ZN-BAE0000', '66.83', 'installed', 'Bonnet/hood'),
('GIKGHMM5MB3457530', 'GIKGHMM5MB3457530-001', 'ZN-EAEGAM0066', '95.65', 'installed', 'Hydrometer'),
('GIKGHMM5MB3457530', 'GIKGHMM5MB3457530-001', 'ZN-EAEM0143', '34.72', 'installed', 'Performance Monitor'),
('GIKGHMM5MB3457530', 'GIKGHMM5MB3457530-001', 'ZN-PACBS0181', '17.32', 'installed', 'Brake shoe'),
('GIOLVCOW6FP335188', 'GIOLVCOW6FP335188-001', 'FH-BAEW0040', '3.20', 'installed', 'Window seal'),
('GIOLVCOW6FP335188', 'GIOLVCOW6FP335188-001', 'FH-EAEIS0078', '12.92', 'installed', 'Ignition box'),
('GIOLVCOW6FP335188', 'GIOLVCOW6FP335188-001', 'FH-EAES0126', '34.58', 'installed', 'Thermostat'),
('GIOLVCOW6FP335188', 'GIOLVCOW6FP335188-001', 'FH-PACBS0198', '33.75', 'installed', 'Other braking system parts'),
('GIOLVCOW6FP335188', 'GIOLVCOW6FP335188-002', 'OE-BAED0030', '10.72', 'installed', 'Door and bonnet'),
('GIOLVCOW6FP335188', 'GIOLVCOW6FP335188-002', 'OE-EAESS0116', '38.66', 'installed', 'Starter drive'),
('GIOLVCOW6FP335188', 'GIOLVCOW6FP335188-002', 'OE-ICS0155', '35.46', 'installed', 'Bucket Seat'),
('GLJRT76OYH0767251', 'GLJRT76OYH0767251-001', 'GT-PACBS0189', '259.28', 'installed', 'Hold-down springs'),
('GLJRT76OYH0767251', 'GLJRT76OYH0767251-002', 'GT-BAE0006', '225.09', 'installed', 'Fascia rear and support'),
('GLJRT76OYH0767251', 'GLJRT76OYH0767251-002', 'GT-EAES0108', '198.10', 'installed', 'Transmission input and output sensor'),
('GLJRT76OYH0767251', 'GLJRT76OYH0767251-002', 'GT-EAESS0118', '216.26', 'installed', 'Starter solenoid'),
('GLJRT76OYH0767251', 'GLJRT76OYH0767251-003', 'KS-BAEW0037', '2.32', 'installed', 'Window regulator'),
('GLJRT76OYH0767251', 'GLJRT76OYH0767251-003', 'KS-EAEAD0046', '16.67', 'installed', 'Tuner'),
('GLJRT76OYH0767251', 'GLJRT76OYH0767251-003', 'KS-EAEGAM0063', '88.65', 'installed', 'Clinometer'),
('GLJRT76OYH0767251', 'GLJRT76OYH0767251-003', 'KS-EAELASS0090', '70.47', 'installed', 'Side lighting'),
('GLJRT76OYH0767251', 'GLJRT76OYH0767251-004', 'PP-BAEW0040', '16.08', 'installed', 'Window seal'),
('GLJRT76OYH0767251', 'GLJRT76OYH0767251-004', 'PP-EAES0096', '228.78', 'installed', 'Crankshaft position sensor'),
('GLJRT76OYH0767251', 'GLJRT76OYH0767251-004', 'PP-PACBS0187', '170.84', 'installed', 'Combination valve'),
('GX7M6O4V208624783', 'GX7M6O4V208624783-001', 'PP-BAE0007', '23.09', 'installed', 'Fender Musical Instruments Corporation'),
('GX7M6O4V208624783', 'GX7M6O4V208624783-002', 'OA-BAE0011', '25.61', 'installed', 'Pillar and hard trim'),
('GX7M6O4V208624783', 'GX7M6O4V208624783-002', 'OA-BAE0020', '15.51', 'installed', 'Trunk'),
('GX7M6O4V208624783', 'GX7M6O4V208624783-003', 'XM-BAEW0035', '23.04', 'installed', 'Sunroof motor'),
('GX7M6O4V208624783', 'GX7M6O4V208624783-003', 'XM-EAEESS0053', '15.37', 'installed', 'Battery'),
('GX7M6O4V208624783', 'GX7M6O4V208624783-003', 'XM-EAEIS0077', '21.87', 'installed', 'Electronic timing controller'),
('GX7M6O4V208624783', 'GX7M6O4V208624783-003', 'XM-ICS0153', '53.70', 'installed', 'Armrest'),
('GX7M6O4V208624783', 'GX7M6O4V208624783-004', 'OE-BAEW0039', '42.57', 'installed', 'Windshield washer motor'),
('GX7M6O4V208624783', 'GX7M6O4V208624783-004', 'OE-EAES0109', '6.64', 'installed', 'ABS brack sensor'),
('GX7M6O4V208624783', 'GX7M6O4V208624783-004', 'OE-EAESS0119', '45.93', 'installed', 'Spark Plug'),
('GX7M6O4V208624783', 'GX7M6O4V208624783-004', 'OE-PACBS0184', '32.60', 'installed', 'Brake warning light'),
('GX7M6O4V208624783', 'GX7M6O4V208624783-005', 'ZN-EAEM0148', '29.80', 'installed', 'Speedometer calibrator'),
('GX7M6O4V208624783', 'GX7M6O4V208624783-005', 'ZN-EAES0098', '22.33', 'installed', 'Fuel level sensor'),
('GX7M6O4V208624783', 'GX7M6O4V208624783-005', 'ZN-EAES0126', '17.12', 'installed', 'Thermostat'),
('GX7M6O4V208624783', 'GX7M6O4V208624783-005', 'ZN-ICS0154', '46.38', 'installed', 'Bench Seat'),
('GX7M6O4V208624783', 'GX7M6O4V208624783-006', 'SE-BAED0032', '45.12', 'installed', 'Centre Locking'),
('GYAJMGYERH5049742', 'GYAJMGYERH5049742-001', 'XM-PACBS0173', '44.33', 'installed', 'Brake line'),
('H0NTC0VHQRA123485', 'H0NTC0VHQRA123485-001', 'HI-EAEGAM0063', '58.70', 'installed', 'Clinometer'),
('H8V4P7W7UDF905029', 'H8V4P7W7UDF905029-001', 'ZT-BAE0013', '65.68', 'installed', 'Radiator core support'),
('H8V4P7W7UDF905029', 'H8V4P7W7UDF905029-001', 'ZT-BAED0023', '28.31', 'installed', 'Door beam and panel'),
('H8V4P7W7UDF905029', 'H8V4P7W7UDF905029-001', 'ZT-EAEM0147', '28.59', 'installed', 'Speed controller'),
('H8V4P7W7UDF905029', 'H8V4P7W7UDF905029-001', 'ZT-ICS0161', '71.89', 'installed', 'Seat cover'),
('H8V4P7W7UDF905029', 'H8V4P7W7UDF905029-002', 'RN-EAEAD0043', '48.04', 'installed', 'Radio and media player'),
('H8V4P7W7UDF905029', 'H8V4P7W7UDF905029-002', 'RN-PACBS0167', '9.91', 'installed', 'Bleed nipple'),
('H8V4P7W7UDF905029', 'H8V4P7W7UDF905029-002', 'RN-PACBS0181', '49.78', 'installed', 'Brake shoe'),
('H8V4P7W7UDF905029', 'H8V4P7W7UDF905029-002', 'RN-PACBS0186', '7.98', 'installed', 'Caliper'),
('H8V4P7W7UDF905029', 'H8V4P7W7UDF905029-003', 'SE-BAE0002', '6.73', 'installed', 'Unexposed bumper'),
('H8V4P7W7UDF905029', 'H8V4P7W7UDF905029-003', 'SE-EAELASS0083', '63.30', 'installed', 'Engine bay lighting'),
('H8V4P7W7UDF905029', 'H8V4P7W7UDF905029-003', 'SE-EAELASS0085', '13.64', 'installed', 'Halogen'),
('H8V4P7W7UDF905029', 'H8V4P7W7UDF905029-004', 'GT-EAEM0142', '46.10', 'installed', 'Performance chip'),
('HE08QS6227G217277', 'HE08QS6227G217277-001', 'PP-10141', '30.32', 'installed', 'Fuse Box: The Alternative Tribute'),
('HE08QS6227G217277', 'HE08QS6227G217277-001', 'PP-BAEW0040', '61.07', 'installed', 'Window seal'),
('HE08QS6227G217277', 'HE08QS6227G217277-001', 'PP-ICS0162', '52.99', 'installed', 'Seat track'),
('HE08QS6227G217277', 'HE08QS6227G217277-001', 'PP-IFCAP0152', '47.10', 'installed', 'Center console'),
('HF61EINCEKB377113', 'HF61EINCEKB377113-001', 'MH-EAES0100', '43.93', 'installed', 'Light sensor'),
('HF61EINCEKB377113', 'HF61EINCEKB377113-001', 'MH-PACBS0168', '51.33', 'ordered', 'Brake backing plate'),
('HF61EINCEKB377113', 'HF61EINCEKB377113-001', 'MH-PACBS0187', '54.47', 'received', 'Combination valve'),
('HF61EINCEKB377113', 'HF61EINCEKB377113-002', 'ZN-BAE0008', '56.47', 'received', 'Front clip'),
('HF61EINCEKB377113', 'HF61EINCEKB377113-002', 'ZN-EAEAD0045', '24.44', 'received', 'Speaker'),
('HF61EINCEKB377113', 'HF61EINCEKB377113-002', 'ZN-PACBS0173', '16.97', 'received', 'Brake line'),
('HF61EINCEKB377113', 'HF61EINCEKB377113-003', 'RN-EAEM0148', '19.27', 'received', 'Speedometer calibrator'),
('HF61EINCEKB377113', 'HF61EINCEKB377113-004', 'ZY-EAEAD0046', '32.37', 'ordered', 'Tuner'),
('HF61EINCEKB377113', 'HF61EINCEKB377113-004', 'ZY-EAEESS0060', '12.21', 'ordered', 'Battery tray'),
('HF61EINCEKB377113', 'HF61EINCEKB377113-004', 'ZY-EAES0099', '54.66', 'installed', 'Knock sensor'),
('HF61EINCEKB377113', 'HF61EINCEKB377113-005', 'OE-BAED0030', '17.74', 'ordered', 'Door and bonnet'),
('HF61EINCEKB377113', 'HF61EINCEKB377113-005', 'OE-EAEAD0047', '57.03', 'installed', 'Subwoofer'),
('HF61EINCEKB377113', 'HF61EINCEKB377113-005', 'OE-EAEM0144', '10.65', 'installed', 'Relay connector'),
('HF61EINCEKB377113', 'HF61EINCEKB377113-005', 'OE-EAEM0147', '47.64', 'installed', 'Speed controller'),
('HHZ4SJBSKCM132962', 'HHZ4SJBSKCM132962-001', 'KS-BAE0009', '223.17', 'installed', 'Front fascia and header panel'),
('HHZ4SJBSKCM132962', 'HHZ4SJBSKCM132962-001', 'KS-EAEAD0041', '75.07', 'received', 'Antenna assembly'),
('HHZ4SJBSKCM132962', 'HHZ4SJBSKCM132962-001', 'KS-EAELASS0087', '209.39', 'received', 'Headlight motor'),
('HIAW0SH7XKK539730', 'HIAW0SH7XKK539730-001', 'MH-EAES0112', '51.77', 'installed', 'IMA sensor'),
('HKABMRUAW8E433308', 'HKABMRUAW8E433308-001', 'RN-BAED0025', '40.28', 'installed', 'Inner door handle'),
('HKABMRUAW8E433308', 'HKABMRUAW8E433308-002', 'BX-EAELASS0085', '81.85', 'installed', 'Halogen'),
('HKABMRUAW8E433308', 'HKABMRUAW8E433308-002', 'BX-EAEM0142', '57.42', 'installed', 'Performance chip'),
('HQC4QIGI5R0047396', 'HQC4QIGI5R0047396-001', 'ZT-BAE0000', '62.51', 'installed', 'Bonnet/hood'),
('HQC4QIGI5R0047396', 'HQC4QIGI5R0047396-001', 'ZT-BAE0009', '61.62', 'installed', 'Front fascia and header panel'),
('HQC4QIGI5R0047396', 'HQC4QIGI5R0047396-001', 'ZT-EAEIS0075', '53.66', 'installed', 'Coil wire'),
('HRDP63I3VLX490165', 'HRDP63I3VLX490165-001', 'OH-BAE0018', '97.47', 'installed', 'Rear spoiler'),
('HRDP63I3VLX490165', 'HRDP63I3VLX490165-001', 'OH-EAEM0135', '49.63', 'installed', 'Chassis control computer'),
('HRDP63I3VLX490165', 'HRDP63I3VLX490165-001', 'OH-ICS0158', '78.12', 'installed', 'Headrest'),
('HRDP63I3VLX490165', 'HRDP63I3VLX490165-002', 'SO-EAECS0052', '83.80', 'installed', 'Other alternator parts'),
('HRDP63I3VLX490165', 'HRDP63I3VLX490165-002', 'SO-EAES0095', '63.08', 'installed', 'Camshaft position sensor'),
('HRDP63I3VLX490165', 'HRDP63I3VLX490165-002', 'SO-ICS0156', '3.42', 'installed', 'Children and baby car seat'),
('HRDP63I3VLX490165', 'HRDP63I3VLX490165-002', 'SO-PACBS0173', '10.71', 'installed', 'Brake line'),
('HRDP63I3VLX490165', 'HRDP63I3VLX490165-003', 'SO-EAESS0116', '75.61', 'installed', 'Starter drive'),
('HRKE60F31H6918971', 'HRKE60F31H6918971-001', 'PP-BAEW0039', '34.55', 'installed', 'Windshield washer motor'),
('HRKE60F31H6918971', 'HRKE60F31H6918971-001', 'PP-EAES0096', '21.90', 'installed', 'Crankshaft position sensor'),
('HRKE60F31H6918971', 'HRKE60F31H6918971-001', 'PP-EAES0125', '18.45', 'installed', 'Switch panel'),
('HRKE60F31H6918971', 'HRKE60F31H6918971-001', 'PP-PACBS0184', '39.53', 'installed', 'Brake warning light'),
('J2E2YCGES38415781', 'J2E2YCGES38415781-001', 'PP-BAE0004', '59.53', 'ordered', 'Cowl screen'),
('J2E2YCGES38415781', 'J2E2YCGES38415781-001', 'PP-PACBS0166', '62.81', 'received', 'Anchor'),
('J2E2YCGES38415781', 'J2E2YCGES38415781-001', 'PP-PACBS0195', '70.98', 'received', 'Load-sensing valve'),
('J2E2YCGES38415781', 'J2E2YCGES38415781-002', 'XM-BAE0001', '10.12', 'ordered', 'Bumper'),
('J2E2YCGES38415781', 'J2E2YCGES38415781-002', 'XM-EAEAD0041', '18.99', 'installed', 'Antenna assembly'),
('J2E2YCGES38415781', 'J2E2YCGES38415781-002', 'XM-EAEESS0055', '107.35', 'installed', 'Battery box'),
('J2E2YCGES38415781', 'J2E2YCGES38415781-002', 'XM-PACBS0186', '97.64', 'ordered', 'Caliper'),
('J5JOI16OKT3791181', 'J5JOI16OKT3791181-001', 'PP-EAES0094', '22.39', 'installed', 'Anti-pinch sensor'),
('J5JOI16OKT3791181', 'J5JOI16OKT3791181-001', 'PP-PACBS0175', '2.30', 'installed', 'Brake pedal'),
('JJJCTN8VPQ2786297', 'JJJCTN8VPQ2786297-001', 'RN-BAEW0033', '30.17', 'installed', 'Glass'),
('JJJCTN8VPQ2786297', 'JJJCTN8VPQ2786297-001', 'RN-EAES0100', '20.25', 'installed', 'Light sensor'),
('JJJCTN8VPQ2786297', 'JJJCTN8VPQ2786297-001', 'RN-PACBS0188', '20.36', 'installed', 'Dual circuit brake system'),
('JJJCTN8VPQ2786297', 'JJJCTN8VPQ2786297-002', 'DN-EAECS0052', '42.28', 'installed', 'Other alternator parts'),
('JJJCTN8VPQ2786297', 'JJJCTN8VPQ2786297-002', 'DN-EAES0099', '29.92', 'installed', 'Knock sensor'),
('JJJCTN8VPQ2786297', 'JJJCTN8VPQ2786297-002', 'DN-PACBS0181', '45.02', 'installed', 'Brake shoe'),
('JJJCTN8VPQ2786297', 'JJJCTN8VPQ2786297-003', 'MH-BAE0001', '3.90', 'installed', 'Bumper'),
('JJJCTN8VPQ2786297', 'JJJCTN8VPQ2786297-003', 'MH-EAEAD0044', '27.64', 'installed', 'Other devices'),
('JJJCTN8VPQ2786297', 'JJJCTN8VPQ2786297-003', 'MH-EAEM0137', '0.14', 'installed', 'Door contact'),
('JJJCTN8VPQ2786297', 'JJJCTN8VPQ2786297-003', 'MH-PACBS0175', '9.15', 'installed', 'Brake pedal'),
('JQWZHRE1QQC616191', 'JQWZHRE1QQC616191-001', 'ZN-EAES0126', '9.55', 'installed', 'Thermostat');
INSERT INTO `Parts` (`vin`, `burdells_purchase_order_number`, `part_number`, `part_cost`, `part_status`, `description_of_the_part`) VALUES
('JQWZHRE1QQC616191', 'JQWZHRE1QQC616191-002', 'RN-10141', '26.02', 'installed', 'Fuse Box: The Alternative Tribute'),
('JQWZHRE1QQC616191', 'JQWZHRE1QQC616191-002', 'RN-BAE0012', '8.93', 'installed', 'Quarter panel'),
('JQWZHRE1QQC616191', 'JQWZHRE1QQC616191-002', 'RN-EAES0094', '36.16', 'installed', 'Anti-pinch sensor'),
('JQWZHRE1QQC616191', 'JQWZHRE1QQC616191-003', 'GT-BAED0028', '18.01', 'installed', 'Door watershield'),
('K0JT3JN6GHR755604', 'K0JT3JN6GHR755604-001', 'SE-PACBS0189', '44.52', 'installed', 'Hold-down springs'),
('K0JT3JN6GHR755604', 'K0JT3JN6GHR755604-002', 'ZN-EAEAD0042', '51.70', 'installed', 'Antenna cable'),
('K0JT3JN6GHR755604', 'K0JT3JN6GHR755604-002', 'ZN-EAEAD0043', '3.95', 'installed', 'Radio and media player'),
('K0JT3JN6GHR755604', 'K0JT3JN6GHR755604-002', 'ZN-EAEESS0053', '38.99', 'installed', 'Battery'),
('K0JT3JN6GHR755604', 'K0JT3JN6GHR755604-002', 'ZN-EAEIS0077', '27.76', 'installed', 'Electronic timing controller'),
('K0JT3JN6GHR755604', 'K0JT3JN6GHR755604-003', 'MH-EAEAD0041', '33.79', 'installed', 'Antenna assembly'),
('K0JT3JN6GHR755604', 'K0JT3JN6GHR755604-003', 'MH-PACBS0169', '15.91', 'installed', 'Brake backing pad'),
('K0JT3JN6GHR755604', 'K0JT3JN6GHR755604-004', 'ZY-BAE0012', '56.76', 'installed', 'Quarter panel'),
('K0JT3JN6GHR755604', 'K0JT3JN6GHR755604-004', 'ZY-EAES0105', '41.77', 'installed', 'Rain sensor'),
('K0JT3JN6GHR755604', 'K0JT3JN6GHR755604-005', 'FH-BAE0015', '48.50', 'installed', 'Roof Rack'),
('K0JT3JN6GHR755604', 'K0JT3JN6GHR755604-005', 'FH-EAESS0119', '3.57', 'installed', 'Spark Plug'),
('K3E2NL0ALH6201724', 'K3E2NL0ALH6201724-001', 'DN-EAELASS0088', '35.00', 'installed', 'Interior light and lamp'),
('K3E2NL0ALH6201724', 'K3E2NL0ALH6201724-002', 'FH-EAEM0136', '1.57', 'ordered', 'Cruise control computer'),
('K3E2NL0ALH6201724', 'K3E2NL0ALH6201724-003', 'DN-BAEW0040', '102.23', 'installed', 'Window seal'),
('K3E2NL0ALH6201724', 'K3E2NL0ALH6201724-003', 'DN-EAECS0048', '42.64', 'installed', 'Alternator'),
('K3E2NL0ALH6201724', 'K3E2NL0ALH6201724-003', 'DN-PACBS0182', '17.37', 'installed', 'Brake lining'),
('K3E2NL0ALH6201724', 'K3E2NL0ALH6201724-003', 'DN-PACBS0186', '32.47', 'received', 'Caliper'),
('KFWC2DGXLXB344224', 'KFWC2DGXLXB344224-001', 'FH-EAEAD0047', '22.74', 'received', 'Subwoofer'),
('KFWC2DGXLXB344224', 'KFWC2DGXLXB344224-001', 'FH-EAEIS0075', '35.10', 'ordered', 'Coil wire'),
('KFWC2DGXLXB344224', 'KFWC2DGXLXB344224-001', 'FH-EAEM0136', '0.34', 'installed', 'Cruise control computer'),
('KFWC2DGXLXB344224', 'KFWC2DGXLXB344224-001', 'FH-PACBS0193', '33.04', 'received', 'Brake duct hose'),
('KGXXM02N16Y917081', 'KGXXM02N16Y917081-001', 'OH-BAEW0037', '66.96', 'installed', 'Window regulator'),
('KGXXM02N16Y917081', 'KGXXM02N16Y917081-001', 'OH-EAEIS0076', '60.60', 'installed', 'Distributor'),
('KGXXM02N16Y917081', 'KGXXM02N16Y917081-001', 'OH-EAES0111', '85.65', 'installed', 'MAP sensor'),
('KGXXM02N16Y917081', 'KGXXM02N16Y917081-002', 'RN-PACBS0169', '19.79', 'installed', 'Brake backing pad'),
('KGZT23UL65F408436', 'KGZT23UL65F408436-001', 'OA-EAEGAM0068', '2.48', 'installed', 'Speedometer'),
('KGZT23UL65F408436', 'KGZT23UL65F408436-001', 'OA-ICS0155', '25.54', 'received', 'Bucket Seat'),
('KGZT23UL65F408436', 'KGZT23UL65F408436-001', 'OA-PACBS0174', '40.77', 'installed', 'Brake pad'),
('KIYLR1R5Q58616843', 'KIYLR1R5Q58616843-001', 'ZN-EAEIS0077', '2.47', 'ordered', 'Electronic timing controller'),
('KIYLR1R5Q58616843', 'KIYLR1R5Q58616843-002', 'DN-10141', '21.67', 'ordered', 'Fuse Box: The Alternative Tribute'),
('KIYLR1R5Q58616843', 'KIYLR1R5Q58616843-002', 'DN-BAEW0033', '31.36', 'ordered', 'Glass'),
('KIYLR1R5Q58616843', 'KIYLR1R5Q58616843-002', 'DN-EAELASS0086', '21.67', 'installed', 'Headlight'),
('KIYLR1R5Q58616843', 'KIYLR1R5Q58616843-002', 'DN-PACBS0174', '45.84', 'ordered', 'Brake pad'),
('KIYLR1R5Q58616843', 'KIYLR1R5Q58616843-003', 'BX-EAEGAM0069', '38.33', 'ordered', 'Tachometer'),
('KU7WAYY7WVW387657', 'KU7WAYY7WVW387657-001', 'OE-EAEESS0059', '92.45', 'installed', 'Battery plate'),
('KU7WAYY7WVW387657', 'KU7WAYY7WVW387657-001', 'OE-EAEIS0075', '39.22', 'installed', 'Coil wire'),
('KU7WAYY7WVW387657', 'KU7WAYY7WVW387657-001', 'OE-PACBS0167', '33.60', 'installed', 'Bleed nipple'),
('KU7WAYY7WVW387657', 'KU7WAYY7WVW387657-002', 'OA-EAEM0147', '31.84', 'installed', 'Speed controller'),
('KU7WAYY7WVW387657', 'KU7WAYY7WVW387657-003', 'OA-BAE0014', '26.28', 'installed', 'Rocker panel'),
('KU7WAYY7WVW387657', 'KU7WAYY7WVW387657-003', 'OA-BAE0021', '65.94', 'installed', 'Valance'),
('KU7WAYY7WVW387657', 'KU7WAYY7WVW387657-003', 'OA-EAEAD0046', '71.62', 'installed', 'Tuner'),
('KU7WAYY7WVW387657', 'KU7WAYY7WVW387657-003', 'OA-EAELASS0085', '14.66', 'installed', 'Halogen'),
('KUQE1AIER17796884', 'KUQE1AIER17796884-001', 'ZT-BAE0017', '37.42', 'installed', 'Front spoiler'),
('KUQE1AIER17796884', 'KUQE1AIER17796884-001', 'ZT-EAEGAM0064', '83.66', 'installed', 'Dynamometer'),
('KUQE1AIER17796884', 'KUQE1AIER17796884-001', 'ZT-EAEIS0076', '59.61', 'installed', 'Distributor'),
('KUQE1AIER17796884', 'KUQE1AIER17796884-002', 'ZN-EAES0112', '55.57', 'installed', 'IMA sensor'),
('KY0VD426W8P596125', 'KY0VD426W8P596125-001', 'SO-EAEM0139', '46.43', 'installed', 'Engine control unit'),
('KY0VD426W8P596125', 'KY0VD426W8P596125-001', 'SO-EAES0101', '24.97', 'installed', 'Manifold absolute pressure sensor'),
('KY0VD426W8P596125', 'KY0VD426W8P596125-001', 'SO-PACBS0169', '9.92', 'installed', 'Brake backing pad'),
('KZS5B30QSTV993892', 'KZS5B30QSTV993892-001', 'OE-BAE0018', '11.34', 'installed', 'Rear spoiler'),
('KZS5B30QSTV993892', 'KZS5B30QSTV993892-002', 'ZN-BAED0024', '136.10', 'received', 'Outer door handle'),
('KZS5B30QSTV993892', 'KZS5B30QSTV993892-002', 'ZN-BAED0032', '119.86', 'received', 'Centre Locking'),
('KZS5B30QSTV993892', 'KZS5B30QSTV993892-002', 'ZN-EAELASS0092', '113.25', 'received', 'Tail light cover'),
('KZS5B30QSTV993892', 'KZS5B30QSTV993892-003', 'ZT-BAE0011', '103.94', 'installed', 'Pillar and hard trim'),
('KZS5B30QSTV993892', 'KZS5B30QSTV993892-003', 'ZT-EAEAD0044', '25.63', 'installed', 'Other devices'),
('KZS5B30QSTV993892', 'KZS5B30QSTV993892-003', 'ZT-EAES0112', '124.30', 'ordered', 'IMA sensor'),
('KZS5B30QSTV993892', 'KZS5B30QSTV993892-003', 'ZT-ICS0158', '95.33', 'received', 'Headrest'),
('KZS5B30QSTV993892', 'KZS5B30QSTV993892-004', 'ZN-BAE0019', '53.82', 'received', 'Trim package'),
('KZS5B30QSTV993892', 'KZS5B30QSTV993892-004', 'ZN-EAES0093', '155.86', 'received', 'Airbag sensor'),
('LLDC1OCSTQ1651823', 'LLDC1OCSTQ1651823-001', 'HI-BAE0006', '47.32', 'ordered', 'Fascia rear and support'),
('LLDC1OCSTQ1651823', 'LLDC1OCSTQ1651823-001', 'HI-EAEM0144', '20.23', 'ordered', 'Relay connector'),
('LLDC1OCSTQ1651823', 'LLDC1OCSTQ1651823-001', 'HI-PACBS0164', '43.81', 'installed', 'ABS steel pin'),
('LLDC1OCSTQ1651823', 'LLDC1OCSTQ1651823-001', 'HI-PACBS0181', '61.43', 'received', 'Brake shoe'),
('M6J2KWLLUKW587077', 'M6J2KWLLUKW587077-001', 'MH-BAE0010', '74.85', 'installed', 'Grille'),
('M6J2KWLLUKW587077', 'M6J2KWLLUKW587077-001', 'MH-EAEESS0053', '14.94', 'installed', 'Battery'),
('M6J2KWLLUKW587077', 'M6J2KWLLUKW587077-002', 'ZN-BAE0017', '64.06', 'installed', 'Front spoiler'),
('M6J2KWLLUKW587077', 'M6J2KWLLUKW587077-002', 'ZN-EAEIS0082', '71.28', 'installed', 'Magneto'),
('M6J2KWLLUKW587077', 'M6J2KWLLUKW587077-002', 'ZN-PACBS0163', '160.01', 'installed', 'Anti-lock braking system'),
('M6J2KWLLUKW587077', 'M6J2KWLLUKW587077-003', 'XM-BAE0018', '21.37', 'installed', 'Rear spoiler'),
('M8D0UVAUJWA611757', 'M8D0UVAUJWA611757-001', 'DN-PACBS0197', '10.95', 'ordered', 'Metering valve'),
('M8D0UVAUJWA611757', 'M8D0UVAUJWA611757-002', 'ZN-EAEIS0080', '96.79', 'installed', 'Ignition coil parts'),
('M8D0UVAUJWA611757', 'M8D0UVAUJWA611757-002', 'ZN-IFCAP0152', '88.35', 'received', 'Center console'),
('M8D0UVAUJWA611757', 'M8D0UVAUJWA611757-002', 'ZN-PACBS0193', '86.36', 'installed', 'Brake duct hose'),
('M8D0UVAUJWA611757', 'M8D0UVAUJWA611757-003', 'KS-PACBS0173', '32.29', 'ordered', 'Brake line'),
('M8D0UVAUJWA611757', 'M8D0UVAUJWA611757-003', 'KS-PACBS0189', '23.23', 'ordered', 'Hold-down springs'),
('MAMDBMJQE5N094237', 'MAMDBMJQE5N094237-001', 'SX-BAE0020', '21.08', 'installed', 'Trunk'),
('MAMDBMJQE5N094237', 'MAMDBMJQE5N094237-001', 'SX-EAEGAM0073', '37.82', 'installed', 'Voltmeter'),
('MAMDBMJQE5N094237', 'MAMDBMJQE5N094237-002', 'XM-BAED0027', '37.61', 'installed', 'Door seal'),
('MAMDBMJQE5N094237', 'MAMDBMJQE5N094237-002', 'XM-EAEIS0082', '18.81', 'installed', 'Magneto'),
('MAMDBMJQE5N094237', 'MAMDBMJQE5N094237-002', 'XM-PACBS0179', '49.94', 'installed', 'Brake rotor'),
('MAMDBMJQE5N094237', 'MAMDBMJQE5N094237-002', 'XM-PACBS0181', '0.63', 'installed', 'Brake shoe'),
('MML51CMHAQ5564453', 'MML51CMHAQ5564453-001', 'MH-EAES0112', '91.20', 'installed', 'IMA sensor'),
('MNBU50BFAWY569945', 'MNBU50BFAWY569945-001', 'SO-EAEESS0060', '7.95', 'installed', 'Battery tray'),
('MNBU50BFAWY569945', 'MNBU50BFAWY569945-001', 'SO-EAEM0132', '53.27', 'installed', 'Air bag control module'),
('MNBU50BFAWY569945', 'MNBU50BFAWY569945-001', 'SO-EAES0120', '51.27', 'installed', 'Door switch'),
('MNUX8DKOOQR070763', 'MNUX8DKOOQR070763-001', 'ZT-BAED0032', '26.69', 'installed', 'Centre Locking'),
('MNUX8DKOOQR070763', 'MNUX8DKOOQR070763-001', 'ZT-EAELASS0091', '12.89', 'installed', 'Tail light'),
('MNUX8DKOOQR070763', 'MNUX8DKOOQR070763-001', 'ZT-PACBS0198', '103.31', 'installed', 'Other braking system parts'),
('MNUX8DKOOQR070763', 'MNUX8DKOOQR070763-002', 'OA-EAELASS0086', '94.72', 'installed', 'Headlight'),
('MNUX8DKOOQR070763', 'MNUX8DKOOQR070763-002', 'OA-EAEWH0129', '112.73', 'installed', 'Engine compartment harness'),
('MQRWSH8TDSA328716', 'MQRWSH8TDSA328716-001', 'FH-EAEGAM0072', '31.49', 'installed', 'Vacuum gauge'),
('MQRWSH8TDSA328716', 'MQRWSH8TDSA328716-001', 'FH-EAEIS0075', '47.28', 'installed', 'Coil wire'),
('MQRWSH8TDSA328716', 'MQRWSH8TDSA328716-001', 'FH-PACBS0194', '24.42', 'installed', 'Hydraulic booster unit'),
('MQRWSH8TDSA328716', 'MQRWSH8TDSA328716-002', 'XM-10141', '5.03', 'installed', 'Fuse Box: The Alternative Tribute'),
('MQRWSH8TDSA328716', 'MQRWSH8TDSA328716-002', 'XM-BAE0006', '24.68', 'installed', 'Fascia rear and support'),
('MSCYTFN5DLQ797580', 'MSCYTFN5DLQ797580-001', 'RN-EAEIS0076', '43.04', 'installed', 'Distributor'),
('MSCYTFN5DLQ797580', 'MSCYTFN5DLQ797580-001', 'RN-PACBS0183', '30.09', 'installed', 'Shoe web'),
('MSCYTFN5DLQ797580', 'MSCYTFN5DLQ797580-002', 'PP-10141', '14.22', 'installed', 'Fuse Box: The Alternative Tribute'),
('MSCYTFN5DLQ797580', 'MSCYTFN5DLQ797580-003', 'ZN-EAELASS0089', '29.21', 'installed', 'License plate lamp'),
('N5W5FFXWBXO904639', 'N5W5FFXWBXO904639-001', 'BX-BAE0011', '21.15', 'installed', 'Pillar and hard trim'),
('N5W5FFXWBXO904639', 'N5W5FFXWBXO904639-001', 'BX-EAEAD0041', '31.27', 'installed', 'Antenna assembly'),
('N5W5FFXWBXO904639', 'N5W5FFXWBXO904639-001', 'BX-EAEAD0043', '8.23', 'installed', 'Radio and media player'),
('N5W5FFXWBXO904639', 'N5W5FFXWBXO904639-001', 'BX-EAELASS0090', '34.43', 'installed', 'Side lighting'),
('N5W5FFXWBXO904639', 'N5W5FFXWBXO904639-002', 'OE-EAES0106', '26.26', 'installed', 'Rotational sensor'),
('N75ES1SYYPY249965', 'N75ES1SYYPY249965-001', 'KS-EAELASS0085', '67.84', 'installed', 'Halogen'),
('N75ES1SYYPY249965', 'N75ES1SYYPY249965-002', 'SO-EAEAD0044', '56.40', 'installed', 'Other devices'),
('N75ES1SYYPY249965', 'N75ES1SYYPY249965-002', 'SO-IFCAP0152', '156.49', 'installed', 'Center console'),
('N7UGS5V1OX0015212', 'N7UGS5V1OX0015212-001', 'SX-BAED0027', '39.97', 'ordered', 'Door seal'),
('N7UGS5V1OX0015212', 'N7UGS5V1OX0015212-001', 'SX-ICS0155', '100.18', 'ordered', 'Bucket Seat'),
('N7UGS5V1OX0015212', 'N7UGS5V1OX0015212-001', 'SX-ICS0162', '75.19', 'ordered', 'Seat track'),
('N7UGS5V1OX0015212', 'N7UGS5V1OX0015212-002', 'BX-EAEAD0041', '96.04', 'received', 'Antenna assembly'),
('N7UGS5V1OX0015212', 'N7UGS5V1OX0015212-003', 'SS-EAEIS0075', '53.25', 'ordered', 'Coil wire'),
('N7UGS5V1OX0015212', 'N7UGS5V1OX0015212-003', 'SS-EAES0125', '94.44', 'ordered', 'Switch panel'),
('N7UGS5V1OX0015212', 'N7UGS5V1OX0015212-003', 'SS-PACBS0174', '24.35', 'installed', 'Brake pad'),
('NC0WM0W6U38530017', 'NC0WM0W6U38530017-001', 'SX-PACBS0191', '25.94', 'installed', 'Brake booster hose'),
('NC0WM0W6U38530017', 'NC0WM0W6U38530017-002', 'ZY-BAE0010', '19.63', 'installed', 'Grille'),
('NC0WM0W6U38530017', 'NC0WM0W6U38530017-002', 'ZY-EAES0113', '28.24', 'installed', 'Oil level sensor'),
('NC0WM0W6U38530017', 'NC0WM0W6U38530017-002', 'ZY-PACBS0165', '13.92', 'installed', 'Adjusting mechanism'),
('NC0WM0W6U38530017', 'NC0WM0W6U38530017-003', 'ZN-ICS0160', '12.43', 'installed', 'Seat bracket'),
('NC50WA1NW00659248', 'NC50WA1NW00659248-001', 'SS-EAES0102', '29.62', 'installed', 'Oxygen sensor'),
('NC50WA1NW00659248', 'NC50WA1NW00659248-001', 'SS-ICS0158', '48.13', 'received', 'Headrest'),
('NC50WA1NW00659248', 'NC50WA1NW00659248-001', 'SS-PACBS0163', '55.36', 'installed', 'Anti-lock braking system'),
('ND31ETCB3XK917122', 'ND31ETCB3XK917122-001', 'MH-EAEESS0056', '51.66', 'received', 'Battery cable terminal'),
('ND31ETCB3XK917122', 'ND31ETCB3XK917122-001', 'MH-EAEM0149', '5.43', 'installed', 'Transmission computer'),
('ND31ETCB3XK917122', 'ND31ETCB3XK917122-001', 'MH-EAEWH0131', '54.57', 'installed', 'Underfloor harness'),
('ND31ETCB3XK917122', 'ND31ETCB3XK917122-002', 'MH-BAE0007', '40.90', 'received', 'Fender Musical Instruments Corporation'),
('ND31ETCB3XK917122', 'ND31ETCB3XK917122-002', 'MH-EAEM0150', '19.67', 'ordered', 'Wiring connector'),
('ND31ETCB3XK917122', 'ND31ETCB3XK917122-002', 'MH-EAES0125', '27.64', 'received', 'Switch panel'),
('NIVJT1I8VH1312956', 'NIVJT1I8VH1312956-001', 'OH-ICS0158', '4.85', 'installed', 'Headrest'),
('NLS6KSCMBLK635055', 'NLS6KSCMBLK635055-001', 'OE-EAEGAM0072', '33.44', 'installed', 'Vacuum gauge'),
('NLS6KSCMBLK635055', 'NLS6KSCMBLK635055-001', 'OE-EAELASS0088', '65.91', 'installed', 'Interior light and lamp'),
('NLS6KSCMBLK635055', 'NLS6KSCMBLK635055-001', 'OE-EAEM0136', '42.97', 'installed', 'Cruise control computer'),
('NLS6KSCMBLK635055', 'NLS6KSCMBLK635055-002', 'SX-BAE0002', '14.67', 'installed', 'Unexposed bumper'),
('NSMNR56SEOU091726', 'NSMNR56SEOU091726-001', 'XM-EAEIS0077', '29.09', 'installed', 'Electronic timing controller'),
('NSMNR56SEOU091726', 'NSMNR56SEOU091726-001', 'XM-EAES0093', '103.93', 'installed', 'Airbag sensor'),
('NSMNR56SEOU091726', 'NSMNR56SEOU091726-001', 'XM-IFCAP0151', '18.73', 'installed', 'Carpet and other floor material'),
('NSMNR56SEOU091726', 'NSMNR56SEOU091726-002', 'OA-BAE0020', '56.33', 'installed', 'Trunk'),
('NSMNR56SEOU091726', 'NSMNR56SEOU091726-002', 'OA-BAED0031', '147.93', 'installed', 'Lock'),
('NSMNR56SEOU091726', 'NSMNR56SEOU091726-002', 'OA-EAES0100', '111.66', 'installed', 'Light sensor'),
('NSMNR56SEOU091726', 'NSMNR56SEOU091726-002', 'OA-ICS0156', '129.23', 'installed', 'Children and baby car seat'),
('NSMNR56SEOU091726', 'NSMNR56SEOU091726-003', 'OE-EAECS0050', '156.66', 'installed', 'Alternator bracket'),
('NSMNR56SEOU091726', 'NSMNR56SEOU091726-003', 'OE-EAEM0147', '45.15', 'installed', 'Speed controller'),
('NTLNBNESY0F523188', 'NTLNBNESY0F523188-001', 'SE-EAEGAM0064', '5.44', 'installed', 'Dynamometer'),
('NTLNBNESY0F523188', 'NTLNBNESY0F523188-001', 'SE-EAEGAM0073', '107.55', 'installed', 'Voltmeter'),
('NTLNBNESY0F523188', 'NTLNBNESY0F523188-001', 'SE-EAES0126', '103.96', 'installed', 'Thermostat'),
('O05A7ND5MR4856060', 'O05A7ND5MR4856060-001', 'SS-EAEAD0047', '45.89', 'installed', 'Subwoofer'),
('O05A7ND5MR4856060', 'O05A7ND5MR4856060-001', 'SS-EAES0103', '5.43', 'installed', 'Power-steering pressure sensor'),
('O05A7ND5MR4856060', 'O05A7ND5MR4856060-001', 'SS-PACBS0191', '38.11', 'installed', 'Brake booster hose'),
('O05A7ND5MR4856060', 'O05A7ND5MR4856060-002', 'OA-BAEW0036', '81.49', 'installed', 'Window motor'),
('O05A7ND5MR4856060', 'O05A7ND5MR4856060-002', 'OA-EAECS0048', '93.57', 'installed', 'Alternator'),
('O05A7ND5MR4856060', 'O05A7ND5MR4856060-002', 'OA-EAEIS0077', '94.98', 'installed', 'Electronic timing controller'),
('O05A7ND5MR4856060', 'O05A7ND5MR4856060-002', 'OA-EAEM0142', '31.92', 'installed', 'Performance chip'),
('O05A7ND5MR4856060', 'O05A7ND5MR4856060-003', 'DN-PACBS0176', '93.93', 'installed', 'Brake piston'),
('O05A7ND5MR4856060', 'O05A7ND5MR4856060-004', 'OE-10141', '72.68', 'installed', 'Fuse Box: The Alternative Tribute'),
('O05A7ND5MR4856060', 'O05A7ND5MR4856060-004', 'OE-BAED0024', '105.78', 'installed', 'Outer door handle'),
('O4YTYHUUGAY861024', 'O4YTYHUUGAY861024-001', 'KS-EAEGAM0069', '142.25', 'received', 'Tachometer'),
('O4YTYHUUGAY861024', 'O4YTYHUUGAY861024-001', 'KS-PACBS0182', '0.21', 'installed', 'Brake lining'),
('O4YTYHUUGAY861024', 'O4YTYHUUGAY861024-002', 'HI-EAEIS0080', '72.76', 'received', 'Ignition coil parts'),
('O4YTYHUUGAY861024', 'O4YTYHUUGAY861024-002', 'HI-EAELASS0086', '68.15', 'installed', 'Headlight'),
('O4YTYHUUGAY861024', 'O4YTYHUUGAY861024-002', 'HI-EAELASS0087', '80.27', 'received', 'Headlight motor'),
('O4YTYHUUGAY861024', 'O4YTYHUUGAY861024-002', 'HI-PACBS0181', '195.83', 'installed', 'Brake shoe'),
('O4YTYHUUGAY861024', 'O4YTYHUUGAY861024-003', 'SS-EAEIS0077', '182.41', 'received', 'Electronic timing controller'),
('O4YTYHUUGAY861024', 'O4YTYHUUGAY861024-003', 'SS-EAEM0146', '4.19', 'ordered', 'Shift improver'),
('O4YTYHUUGAY861024', 'O4YTYHUUGAY861024-004', 'SE-EAEESS0060', '208.55', 'installed', 'Battery tray'),
('O5TDAJX7MJE979632', 'O5TDAJX7MJE979632-001', 'SS-BAEW0038', '35.29', 'installed', 'Windshield'),
('O5TDAJX7MJE979632', 'O5TDAJX7MJE979632-001', 'SS-EAEAD0043', '2.97', 'installed', 'Radio and media player'),
('O5TDAJX7MJE979632', 'O5TDAJX7MJE979632-001', 'SS-EAES0094', '17.07', 'installed', 'Anti-pinch sensor'),
('O5TDAJX7MJE979632', 'O5TDAJX7MJE979632-001', 'SS-PACBS0193', '33.44', 'installed', 'Brake duct hose'),
('O6FN2LHJYJP625193', 'O6FN2LHJYJP625193-001', 'DN-EAELASS0084', '72.69', 'installed', 'Fog Light'),
('O6FN2LHJYJP625193', 'O6FN2LHJYJP625193-001', 'DN-EAELASS0089', '40.19', 'installed', 'License plate lamp'),
('O6FN2LHJYJP625193', 'O6FN2LHJYJP625193-001', 'DN-EAESS0115', '92.75', 'installed', 'Starter'),
('O6FN2LHJYJP625193', 'O6FN2LHJYJP625193-001', 'DN-PACBS0185', '5.14', 'installed', 'Calibrated friction brake'),
('O6FN2LHJYJP625193', 'O6FN2LHJYJP625193-002', 'XM-BAED0031', '68.30', 'installed', 'Lock'),
('O6FN2LHJYJP625193', 'O6FN2LHJYJP625193-002', 'XM-EAEGAM0069', '123.03', 'installed', 'Tachometer'),
('O6FN2LHJYJP625193', 'O6FN2LHJYJP625193-002', 'XM-EAEIS0076', '41.16', 'installed', 'Distributor'),
('O6FN2LHJYJP625193', 'O6FN2LHJYJP625193-002', 'XM-EAEWH0131', '59.46', 'installed', 'Underfloor harness'),
('OA2AULLS70C156569', 'OA2AULLS70C156569-001', 'HI-BAED0026', '37.10', 'installed', 'Door control module'),
('OA2AULLS70C156569', 'OA2AULLS70C156569-001', 'HI-BAEW0040', '5.04', 'installed', 'Window seal'),
('OA2AULLS70C156569', 'OA2AULLS70C156569-001', 'HI-EAEIS0078', '12.77', 'installed', 'Ignition box'),
('OA2AULLS70C156569', 'OA2AULLS70C156569-001', 'HI-EAES0105', '0.05', 'installed', 'Rain sensor'),
('OA2AULLS70C156569', 'OA2AULLS70C156569-002', 'OE-BAE0006', '30.45', 'installed', 'Fascia rear and support'),
('OA2AULLS70C156569', 'OA2AULLS70C156569-002', 'OE-EAES0097', '34.83', 'installed', 'Engine sensor'),
('OA2AULLS70C156569', 'OA2AULLS70C156569-002', 'OE-EAES0125', '15.91', 'installed', 'Switch panel'),
('OENGRAALQH3524656', 'OENGRAALQH3524656-001', 'FH-BAE0022', '2.26', 'ordered', 'Welded assembly'),
('OENGRAALQH3524656', 'OENGRAALQH3524656-001', 'FH-EAES0106', '117.58', 'received', 'Rotational sensor'),
('OENGRAALQH3524656', 'OENGRAALQH3524656-002', 'RN-BAE0006', '73.45', 'installed', 'Fascia rear and support'),
('OENGRAALQH3524656', 'OENGRAALQH3524656-002', 'RN-EAEIS0080', '96.84', 'installed', 'Ignition coil parts'),
('OENGRAALQH3524656', 'OENGRAALQH3524656-002', 'RN-EAES0109', '123.18', 'installed', 'ABS brack sensor'),
('OENGRAALQH3524656', 'OENGRAALQH3524656-002', 'RN-ICS0156', '99.95', 'received', 'Children and baby car seat'),
('OEZQ7C5Q4IU531061', 'OEZQ7C5Q4IU531061-001', 'OH-BAE0006', '31.74', 'installed', 'Fascia rear and support'),
('OEZQ7C5Q4IU531061', 'OEZQ7C5Q4IU531061-001', 'OH-ICS0156', '28.21', 'installed', 'Children and baby car seat'),
('OEZQ7C5Q4IU531061', 'OEZQ7C5Q4IU531061-001', 'OH-PACBS0187', '33.55', 'installed', 'Combination valve'),
('OEZQ7C5Q4IU531061', 'OEZQ7C5Q4IU531061-002', 'HI-PACBS0191', '28.92', 'installed', 'Brake booster hose'),
('OLSEKFK5ZQ6130350', 'OLSEKFK5ZQ6130350-001', 'OA-BAEW0040', '44.79', 'installed', 'Window seal'),
('OLSEKFK5ZQ6130350', 'OLSEKFK5ZQ6130350-001', 'OA-EAEESS0053', '17.89', 'installed', 'Battery'),
('OLSEKFK5ZQ6130350', 'OLSEKFK5ZQ6130350-002', 'RN-EAELASS0089', '1.48', 'installed', 'License plate lamp'),
('OLSEKFK5ZQ6130350', 'OLSEKFK5ZQ6130350-002', 'RN-PACBS0168', '26.59', 'installed', 'Brake backing plate'),
('OLSEKFK5ZQ6130350', 'OLSEKFK5ZQ6130350-003', 'OE-BAEW0035', '23.67', 'installed', 'Sunroof motor'),
('OLSEKFK5ZQ6130350', 'OLSEKFK5ZQ6130350-003', 'OE-EAEM0135', '41.82', 'installed', 'Chassis control computer'),
('OLSEKFK5ZQ6130350', 'OLSEKFK5ZQ6130350-003', 'OE-PACBS0168', '0.39', 'installed', 'Brake backing plate'),
('OLSEKFK5ZQ6130350', 'OLSEKFK5ZQ6130350-003', 'OE-PACBS0188', '18.55', 'installed', 'Dual circuit brake system'),
('OLSEKFK5ZQ6130350', 'OLSEKFK5ZQ6130350-004', 'SE-EAEGAM0062', '20.81', 'installed', 'Ammeter'),
('OLSEKFK5ZQ6130350', 'OLSEKFK5ZQ6130350-004', 'SE-EAES0101', '0.09', 'installed', 'Manifold absolute pressure sensor'),
('OLSEKFK5ZQ6130350', 'OLSEKFK5ZQ6130350-004', 'SE-EAES0124', '23.11', 'installed', 'Switch cover'),
('OLSEKFK5ZQ6130350', 'OLSEKFK5ZQ6130350-004', 'SE-PACBS0186', '22.59', 'installed', 'Caliper'),
('OLSEKFK5ZQ6130350', 'OLSEKFK5ZQ6130350-005', 'OH-EAEAD0041', '4.00', 'installed', 'Antenna assembly'),
('OLSEKFK5ZQ6130350', 'OLSEKFK5ZQ6130350-005', 'OH-EAEM0139', '28.51', 'installed', 'Engine control unit'),
('ONCCSRDH8DG971376', 'ONCCSRDH8DG971376-001', 'ZT-BAE0017', '43.62', 'installed', 'Front spoiler'),
('ONCCSRDH8DG971376', 'ONCCSRDH8DG971376-001', 'ZT-EAESS0119', '33.49', 'installed', 'Spark Plug'),
('ONCCSRDH8DG971376', 'ONCCSRDH8DG971376-001', 'ZT-ICS0158', '12.93', 'received', 'Headrest'),
('ONCCSRDH8DG971376', 'ONCCSRDH8DG971376-001', 'ZT-PACBS0195', '23.35', 'installed', 'Load-sensing valve'),
('ONCCSRDH8DG971376', 'ONCCSRDH8DG971376-002', 'ZN-EAEWH0128', '37.24', 'ordered', 'Air conditioning harness'),
('ONCCSRDH8DG971376', 'ONCCSRDH8DG971376-002', 'ZN-PACBS0177', '41.41', 'ordered', 'Brake pump'),
('ONCCSRDH8DG971376', 'ONCCSRDH8DG971376-002', 'ZN-PACBS0187', '8.20', 'ordered', 'Combination valve'),
('OOXPL1JMKRX336822', 'OOXPL1JMKRX336822-001', 'SX-EAEIS0076', '85.36', 'installed', 'Distributor'),
('OOXPL1JMKRX336822', 'OOXPL1JMKRX336822-001', 'SX-EAEIS0077', '102.28', 'installed', 'Electronic timing controller'),
('OOXPL1JMKRX336822', 'OOXPL1JMKRX336822-001', 'SX-EAEM0143', '31.37', 'installed', 'Performance Monitor'),
('OOXPL1JMKRX336822', 'OOXPL1JMKRX336822-001', 'SX-PACBS0181', '7.50', 'installed', 'Brake shoe'),
('OOXPL1JMKRX336822', 'OOXPL1JMKRX336822-002', 'RN-BAEW0034', '65.87', 'installed', 'Sunroof'),
('OOXPL1JMKRX336822', 'OOXPL1JMKRX336822-002', 'RN-EAEESS0055', '64.71', 'installed', 'Battery box'),
('OOXPL1JMKRX336822', 'OOXPL1JMKRX336822-002', 'RN-PACBS0192', '16.87', 'installed', 'Air brake nylon hose'),
('OTU0G7AR2Y1800976', 'OTU0G7AR2Y1800976-001', 'RN-EAEM0142', '5.66', 'installed', 'Performance chip'),
('OTU0G7AR2Y1800976', 'OTU0G7AR2Y1800976-001', 'RN-EAES0112', '64.94', 'installed', 'IMA sensor'),
('OTU0G7AR2Y1800976', 'OTU0G7AR2Y1800976-001', 'RN-ICS0160', '53.81', 'installed', 'Seat bracket'),
('OTU0G7AR2Y1800976', 'OTU0G7AR2Y1800976-002', 'HI-EAEGAM0065', '24.83', 'installed', 'Fuel gauge'),
('OTU0G7AR2Y1800976', 'OTU0G7AR2Y1800976-002', 'HI-EAEWH0128', '36.52', 'installed', 'Air conditioning harness'),
('OWWSKLAS7QX817356', 'OWWSKLAS7QX817356-001', 'OH-BAEW0037', '32.15', 'installed', 'Window regulator'),
('OWWSKLAS7QX817356', 'OWWSKLAS7QX817356-001', 'OH-EAEM0140', '31.22', 'installed', 'Fuse'),
('OWWSKLAS7QX817356', 'OWWSKLAS7QX817356-001', 'OH-EAES0110', '58.94', 'installed', 'TDC sensor'),
('OWWSKLAS7QX817356', 'OWWSKLAS7QX817356-001', 'OH-PACBS0174', '60.22', 'installed', 'Brake pad'),
('OWWSKLAS7QX817356', 'OWWSKLAS7QX817356-002', 'FH-BAE0011', '60.33', 'installed', 'Pillar and hard trim'),
('OWWSKLAS7QX817356', 'OWWSKLAS7QX817356-002', 'FH-EAEAD0045', '51.94', 'installed', 'Speaker'),
('OWWSKLAS7QX817356', 'OWWSKLAS7QX817356-003', 'OH-EAELASS0085', '5.39', 'installed', 'Halogen'),
('OWWSKLAS7QX817356', 'OWWSKLAS7QX817356-004', 'ZY-BAEW0038', '70.32', 'installed', 'Windshield'),
('OWWSKLAS7QX817356', 'OWWSKLAS7QX817356-004', 'ZY-EAEAD0047', '71.56', 'installed', 'Subwoofer'),
('OWWSKLAS7QX817356', 'OWWSKLAS7QX817356-004', 'ZY-EAEGAM0062', '20.34', 'installed', 'Ammeter'),
('OWWSKLAS7QX817356', 'OWWSKLAS7QX817356-005', 'SS-BAE0022', '52.65', 'installed', 'Welded assembly'),
('OWWSKLAS7QX817356', 'OWWSKLAS7QX817356-005', 'SS-BAED0028', '70.19', 'installed', 'Door watershield'),
('OYSBYKKMW7W431727', 'OYSBYKKMW7W431727-001', 'SS-BAED0030', '4.33', 'ordered', 'Door and bonnet'),
('OYSBYKKMW7W431727', 'OYSBYKKMW7W431727-001', 'SS-BAEW0039', '11.38', 'installed', 'Windshield washer motor'),
('OYSBYKKMW7W431727', 'OYSBYKKMW7W431727-001', 'SS-EAELASS0090', '10.16', 'installed', 'Side lighting'),
('OYSBYKKMW7W431727', 'OYSBYKKMW7W431727-001', 'SS-IFCAP0151', '3.18', 'received', 'Carpet and other floor material'),
('OYSBYKKMW7W431727', 'OYSBYKKMW7W431727-002', 'FH-BAE0007', '7.16', 'ordered', 'Fender Musical Instruments Corporation'),
('OYSBYKKMW7W431727', 'OYSBYKKMW7W431727-002', 'FH-EAEM0137', '5.14', 'ordered', 'Door contact'),
('OYSBYKKMW7W431727', 'OYSBYKKMW7W431727-002', 'FH-IFCAP0151', '7.55', 'ordered', 'Carpet and other floor material'),
('OYSBYKKMW7W431727', 'OYSBYKKMW7W431727-003', 'DN-EAES0094', '39.03', 'ordered', 'Anti-pinch sensor'),
('P7JYBE6FM26738497', 'P7JYBE6FM26738497-001', 'GT-EAEGAM0065', '30.12', 'installed', 'Fuel gauge'),
('P7JYBE6FM26738497', 'P7JYBE6FM26738497-002', 'MH-EAECS0049', '12.73', 'installed', 'Alternator bearing'),
('P7JYBE6FM26738497', 'P7JYBE6FM26738497-002', 'MH-EAES0098', '20.25', 'installed', 'Fuel level sensor'),
('PA2KWUOB26B493992', 'PA2KWUOB26B493992-001', 'ZN-BAE0003', '5.51', 'installed', 'Exposed bumper'),
('PA2KWUOB26B493992', 'PA2KWUOB26B493992-001', 'ZN-BAED0032', '76.65', 'installed', 'Centre Locking'),
('PA2KWUOB26B493992', 'PA2KWUOB26B493992-001', 'ZN-EAECS0051', '92.72', 'installed', 'Alternator fan'),
('PA2KWUOB26B493992', 'PA2KWUOB26B493992-001', 'ZN-EAES0105', '45.54', 'installed', 'Rain sensor'),
('PA2KWUOB26B493992', 'PA2KWUOB26B493992-002', 'OH-PACBS0196', '11.26', 'installed', 'Master Cylinder'),
('PFWLPE5OM20960896', 'PFWLPE5OM20960896-001', 'RN-EAEM0140', '30.63', 'installed', 'Fuse'),
('PFWLPE5OM20960896', 'PFWLPE5OM20960896-001', 'RN-EAES0125', '6.73', 'installed', 'Switch panel'),
('PHRGFZ1JX1M009627', 'PHRGFZ1JX1M009627-001', 'OH-BAE0012', '47.06', 'installed', 'Quarter panel'),
('PHRGFZ1JX1M009627', 'PHRGFZ1JX1M009627-001', 'OH-BAED0025', '11.35', 'installed', 'Inner door handle'),
('PHRGFZ1JX1M009627', 'PHRGFZ1JX1M009627-001', 'OH-EAEIS0077', '19.01', 'installed', 'Electronic timing controller'),
('PHRGFZ1JX1M009627', 'PHRGFZ1JX1M009627-001', 'OH-PACBS0196', '56.03', 'installed', 'Master Cylinder'),
('PHRGFZ1JX1M009627', 'PHRGFZ1JX1M009627-002', 'SO-BAEW0034', '61.74', 'installed', 'Sunroof'),
('PHRGFZ1JX1M009627', 'PHRGFZ1JX1M009627-002', 'SO-PACBS0187', '47.98', 'installed', 'Combination valve'),
('PHRGFZ1JX1M009627', 'PHRGFZ1JX1M009627-003', 'SE-EAEGAM0068', '61.29', 'installed', 'Speedometer'),
('PHRGFZ1JX1M009627', 'PHRGFZ1JX1M009627-003', 'SE-EAES0125', '67.52', 'installed', 'Switch panel'),
('PT0IZH2QSM5433241', 'PT0IZH2QSM5433241-001', 'RN-BAE0010', '0.02', 'installed', 'Grille'),
('PT0IZH2QSM5433241', 'PT0IZH2QSM5433241-002', 'ZY-EAEESS0053', '16.22', 'installed', 'Battery'),
('PXZGV28A8KN434243', 'PXZGV28A8KN434243-001', 'BX-EAEAD0041', '35.93', 'installed', 'Antenna assembly'),
('PXZGV28A8KN434243', 'PXZGV28A8KN434243-001', 'BX-ICS0153', '63.49', 'installed', 'Armrest'),
('PXZGV28A8KN434243', 'PXZGV28A8KN434243-001', 'BX-PACBS0179', '47.92', 'installed', 'Brake rotor'),
('PXZGV28A8KN434243', 'PXZGV28A8KN434243-002', 'BX-BAE0017', '63.08', 'installed', 'Front spoiler'),
('PXZGV28A8KN434243', 'PXZGV28A8KN434243-002', 'BX-EAES0114', '19.99', 'installed', 'ABS sensor'),
('PXZGV28A8KN434243', 'PXZGV28A8KN434243-002', 'BX-ICS0153', '51.81', 'installed', 'Armrest'),
('PXZGV28A8KN434243', 'PXZGV28A8KN434243-002', 'BX-ICS0160', '70.96', 'installed', 'Seat bracket'),
('PXZGV28A8KN434243', 'PXZGV28A8KN434243-003', 'OA-EAEGAM0066', '53.46', 'installed', 'Hydrometer'),
('PXZGV28A8KN434243', 'PXZGV28A8KN434243-003', 'OA-EAEM0134', '43.37', 'installed', 'Central locking system'),
('PXZGV28A8KN434243', 'PXZGV28A8KN434243-003', 'OA-PACBS0189', '41.89', 'installed', 'Hold-down springs'),
('PXZGV28A8KN434243', 'PXZGV28A8KN434243-004', 'ZY-EAES0107', '32.28', 'installed', 'Temperature sensor'),
('PXZGV28A8KN434243', 'PXZGV28A8KN434243-005', 'DN-BAE0022', '13.02', 'installed', 'Welded assembly'),
('Q1JHCKXK6DM600820', 'Q1JHCKXK6DM600820-001', 'XM-EAEAD0042', '10.33', 'installed', 'Antenna cable'),
('Q1JHCKXK6DM600820', 'Q1JHCKXK6DM600820-001', 'XM-EAEESS0057', '50.37', 'installed', 'Battery cable'),
('Q1JHCKXK6DM600820', 'Q1JHCKXK6DM600820-002', 'SO-BAED0026', '54.52', 'installed', 'Door control module'),
('Q1JHCKXK6DM600820', 'Q1JHCKXK6DM600820-002', 'SO-EAEGAM0066', '10.99', 'installed', 'Hydrometer'),
('QI0DMNKRDZJ539897', 'QI0DMNKRDZJ539897-001', 'ZY-PACBS0177', '9.44', 'received', 'Brake pump'),
('QI0DMNKRDZJ539897', 'QI0DMNKRDZJ539897-002', 'MH-BAED0024', '7.56', 'ordered', 'Outer door handle'),
('QI0DMNKRDZJ539897', 'QI0DMNKRDZJ539897-002', 'MH-EAEM0132', '19.44', 'installed', 'Air bag control module'),
('QI0DMNKRDZJ539897', 'QI0DMNKRDZJ539897-002', 'MH-EAES0107', '33.63', 'installed', 'Temperature sensor'),
('QI0DMNKRDZJ539897', 'QI0DMNKRDZJ539897-002', 'MH-PACBS0184', '16.40', 'ordered', 'Brake warning light'),
('QI0DMNKRDZJ539897', 'QI0DMNKRDZJ539897-003', 'BX-EAES0095', '22.69', 'installed', 'Camshaft position sensor'),
('QI0DMNKRDZJ539897', 'QI0DMNKRDZJ539897-003', 'BX-ICS0160', '10.87', 'received', 'Seat bracket'),
('QI0DMNKRDZJ539897', 'QI0DMNKRDZJ539897-003', 'BX-PACBS0188', '1.34', 'ordered', 'Dual circuit brake system'),
('QI0DMNKRDZJ539897', 'QI0DMNKRDZJ539897-003', 'BX-PACBS0194', '15.54', 'ordered', 'Hydraulic booster unit'),
('QI0DMNKRDZJ539897', 'QI0DMNKRDZJ539897-004', 'ZY-ICS0155', '34.35', 'installed', 'Bucket Seat'),
('QI0DMNKRDZJ539897', 'QI0DMNKRDZJ539897-004', 'ZY-PACBS0169', '17.43', 'received', 'Brake backing pad'),
('QI0DMNKRDZJ539897', 'QI0DMNKRDZJ539897-005', 'SX-EAEM0149', '30.32', 'installed', 'Transmission computer'),
('QI0DMNKRDZJ539897', 'QI0DMNKRDZJ539897-006', 'SO-BAE0012', '4.47', 'installed', 'Quarter panel'),
('QI0DMNKRDZJ539897', 'QI0DMNKRDZJ539897-006', 'SO-BAED0030', '1.57', 'received', 'Door and bonnet'),
('QI0DMNKRDZJ539897', 'QI0DMNKRDZJ539897-006', 'SO-EAES0123', '0.91', 'ordered', 'Steering column switch'),
('QI0DMNKRDZJ539897', 'QI0DMNKRDZJ539897-006', 'SO-PACBS0171', '22.94', 'ordered', 'Brake disc'),
('QS3WIP530WT059941', 'QS3WIP530WT059941-001', 'KS-BAE0017', '95.09', 'installed', 'Front spoiler'),
('QS3WIP530WT059941', 'QS3WIP530WT059941-002', 'SX-EAEM0134', '39.37', 'installed', 'Central locking system'),
('QS3WIP530WT059941', 'QS3WIP530WT059941-002', 'SX-EAEWH0130', '74.82', 'installed', 'Interior harness'),
('QS3WIP530WT059941', 'QS3WIP530WT059941-002', 'SX-ICS0162', '34.45', 'installed', 'Seat track'),
('QS3WIP530WT059941', 'QS3WIP530WT059941-003', 'SO-BAED0027', '43.57', 'installed', 'Door seal'),
('QS3WIP530WT059941', 'QS3WIP530WT059941-003', 'SO-ICS0161', '21.84', 'installed', 'Seat cover'),
('QX26HKQMAEQ650690', 'QX26HKQMAEQ650690-001', 'ZN-EAECS0052', '10.45', 'installed', 'Other alternator parts'),
('QX26HKQMAEQ650690', 'QX26HKQMAEQ650690-001', 'ZN-EAEESS0056', '36.40', 'installed', 'Battery cable terminal'),
('QX26HKQMAEQ650690', 'QX26HKQMAEQ650690-002', 'HI-EAECS0052', '29.63', 'ordered', 'Other alternator parts'),
('QX26HKQMAEQ650690', 'QX26HKQMAEQ650690-002', 'HI-EAEM0147', '22.98', 'received', 'Speed controller'),
('QX26HKQMAEQ650690', 'QX26HKQMAEQ650690-002', 'HI-EAES0106', '15.18', 'received', 'Rotational sensor'),
('QX26HKQMAEQ650690', 'QX26HKQMAEQ650690-002', 'HI-PACBS0165', '25.38', 'ordered', 'Adjusting mechanism'),
('QX26HKQMAEQ650690', 'QX26HKQMAEQ650690-003', 'OA-EAEESS0055', '2.28', 'installed', 'Battery box'),
('QYJ40J7KB2A426113', 'QYJ40J7KB2A426113-001', 'ZN-EAEGAM0067', '73.90', 'installed', 'Odometer'),
('QYJ40J7KB2A426113', 'QYJ40J7KB2A426113-001', 'ZN-EAEGAM0069', '37.83', 'installed', 'Tachometer'),
('QYJ40J7KB2A426113', 'QYJ40J7KB2A426113-001', 'ZN-EAEM0139', '1.30', 'installed', 'Engine control unit'),
('QYJ40J7KB2A426113', 'QYJ40J7KB2A426113-001', 'ZN-EAEM0144', '98.02', 'installed', 'Relay connector'),
('QYJ40J7KB2A426113', 'QYJ40J7KB2A426113-002', 'DN-BAE0000', '5.55', 'installed', 'Bonnet/hood'),
('QYJ40J7KB2A426113', 'QYJ40J7KB2A426113-002', 'DN-BAE0009', '19.82', 'installed', 'Front fascia and header panel'),
('QYJ40J7KB2A426113', 'QYJ40J7KB2A426113-003', 'HI-EAES0122', '13.28', 'installed', 'Power window switch'),
('QYJ40J7KB2A426113', 'QYJ40J7KB2A426113-003', 'HI-ICS0156', '83.00', 'installed', 'Children and baby car seat'),
('QYJ40J7KB2A426113', 'QYJ40J7KB2A426113-004', 'ZY-EAEM0149', '94.81', 'installed', 'Transmission computer'),
('QYJ40J7KB2A426113', 'QYJ40J7KB2A426113-004', 'ZY-IFCAP0151', '66.64', 'installed', 'Carpet and other floor material'),
('R2WXKMHKPXO142205', 'R2WXKMHKPXO142205-001', 'ZN-EAEAD0041', '90.30', 'ordered', 'Antenna assembly'),
('R2WXKMHKPXO142205', 'R2WXKMHKPXO142205-001', 'ZN-EAEAD0045', '116.97', 'ordered', 'Speaker'),
('R2WXKMHKPXO142205', 'R2WXKMHKPXO142205-001', 'ZN-EAES0107', '127.14', 'received', 'Temperature sensor'),
('R2WXKMHKPXO142205', 'R2WXKMHKPXO142205-001', 'ZN-PACBS0169', '107.90', 'received', 'Brake backing pad'),
('R2WXKMHKPXO142205', 'R2WXKMHKPXO142205-002', 'BX-EAEM0138', '146.29', 'received', 'Engine computer and management system'),
('R2WXKMHKPXO142205', 'R2WXKMHKPXO142205-002', 'BX-EAEM0146', '91.79', 'ordered', 'Shift improver'),
('R2WXKMHKPXO142205', 'R2WXKMHKPXO142205-002', 'BX-PACBS0197', '63.26', 'ordered', 'Metering valve'),
('R5CKHASBUY3271404', 'R5CKHASBUY3271404-001', 'OH-EAELASS0088', '61.43', 'ordered', 'Interior light and lamp'),
('R5CKHASBUY3271404', 'R5CKHASBUY3271404-001', 'OH-EAES0096', '1.69', 'received', 'Crankshaft position sensor'),
('R5CKHASBUY3271404', 'R5CKHASBUY3271404-001', 'OH-EAES0114', '31.77', 'received', 'ABS sensor'),
('R5CKHASBUY3271404', 'R5CKHASBUY3271404-001', 'OH-PACBS0187', '73.54', 'ordered', 'Combination valve'),
('R5CKHASBUY3271404', 'R5CKHASBUY3271404-002', 'MH-BAEW0033', '55.00', 'installed', 'Glass'),
('R5CKHASBUY3271404', 'R5CKHASBUY3271404-002', 'MH-EAES0122', '34.66', 'installed', 'Power window switch'),
('R5CKHASBUY3271404', 'R5CKHASBUY3271404-002', 'MH-PACBS0166', '77.57', 'received', 'Anchor'),
('RIZTDYYGYS8802889', 'RIZTDYYGYS8802889-001', 'SO-BAED0023', '120.65', 'ordered', 'Door beam and panel'),
('RIZTDYYGYS8802889', 'RIZTDYYGYS8802889-001', 'SO-EAES0110', '86.18', 'received', 'TDC sensor'),
('RIZTDYYGYS8802889', 'RIZTDYYGYS8802889-001', 'SO-EAESS0116', '33.24', 'installed', 'Starter drive'),
('RIZTDYYGYS8802889', 'RIZTDYYGYS8802889-001', 'SO-ICS0155', '35.67', 'installed', 'Bucket Seat'),
('RIZTDYYGYS8802889', 'RIZTDYYGYS8802889-002', 'SS-EAES0101', '38.16', 'received', 'Manifold absolute pressure sensor'),
('RIZTDYYGYS8802889', 'RIZTDYYGYS8802889-002', 'SS-PACBS0169', '15.95', 'installed', 'Brake backing pad'),
('RIZTDYYGYS8802889', 'RIZTDYYGYS8802889-003', 'KS-EAEIS0078', '91.26', 'ordered', 'Ignition box'),
('RIZTDYYGYS8802889', 'RIZTDYYGYS8802889-003', 'KS-EAESS0119', '14.02', 'installed', 'Spark Plug'),
('RIZTDYYGYS8802889', 'RIZTDYYGYS8802889-004', 'PP-BAED0029', '17.11', 'ordered', 'Hinge'),
('RIZTDYYGYS8802889', 'RIZTDYYGYS8802889-004', 'PP-PACBS0164', '64.05', 'received', 'ABS steel pin'),
('RIZTDYYGYS8802889', 'RIZTDYYGYS8802889-004', 'PP-PACBS0173', '124.23', 'received', 'Brake line'),
('RIZTDYYGYS8802889', 'RIZTDYYGYS8802889-004', 'PP-PACBS0197', '85.31', 'received', 'Metering valve'),
('RKZ4SH0SHZI670624', 'RKZ4SH0SHZI670624-001', 'HI-ICS0155', '11.45', 'installed', 'Bucket Seat'),
('RKZ4SH0SHZI670624', 'RKZ4SH0SHZI670624-001', 'HI-IFCAP0151', '48.95', 'installed', 'Carpet and other floor material'),
('RKZ4SH0SHZI670624', 'RKZ4SH0SHZI670624-001', 'HI-PACBS0180', '56.52', 'installed', 'Brake servo'),
('RKZ4SH0SHZI670624', 'RKZ4SH0SHZI670624-002', 'SX-EAES0121', '49.66', 'installed', 'Ignition Switch'),
('RKZ4SH0SHZI670624', 'RKZ4SH0SHZI670624-002', 'SX-PACBS0190', '54.63', 'installed', 'Hose'),
('RM7H44T3Y51383174', 'RM7H44T3Y51383174-001', 'SS-EAEESS0056', '92.08', 'installed', 'Battery cable terminal'),
('RM7H44T3Y51383174', 'RM7H44T3Y51383174-001', 'SS-EAEESS0060', '67.47', 'ordered', 'Battery tray'),
('RM7H44T3Y51383174', 'RM7H44T3Y51383174-001', 'SS-EAEM0144', '145.31', 'ordered', 'Relay connector'),
('RM7H44T3Y51383174', 'RM7H44T3Y51383174-001', 'SS-EAES0114', '130.27', 'installed', 'ABS sensor'),
('RY17GJBS8P0724570', 'RY17GJBS8P0724570-001', 'SE-PACBS0173', '72.30', 'installed', 'Brake line'),
('S125FSF82QY167812', 'S125FSF82QY167812-001', 'GT-BAED0023', '71.41', 'installed', 'Door beam and panel'),
('S125FSF82QY167812', 'S125FSF82QY167812-001', 'GT-EAEGAM0070', '15.39', 'installed', 'Temperature gauge'),
('S125FSF82QY167812', 'S125FSF82QY167812-001', 'GT-EAES0102', '38.31', 'installed', 'Oxygen sensor'),
('S125FSF82QY167812', 'S125FSF82QY167812-001', 'GT-EAEWH0129', '118.86', 'installed', 'Engine compartment harness'),
('S125FSF82QY167812', 'S125FSF82QY167812-002', 'SO-BAE0000', '84.05', 'installed', 'Bonnet/hood'),
('S125FSF82QY167812', 'S125FSF82QY167812-002', 'SO-ICS0160', '64.97', 'installed', 'Seat bracket'),
('S125FSF82QY167812', 'S125FSF82QY167812-003', 'OE-EAEGAM0069', '105.29', 'installed', 'Tachometer'),
('S125FSF82QY167812', 'S125FSF82QY167812-003', 'OE-PACBS0198', '49.05', 'installed', 'Other braking system parts'),
('S125FSF82QY167812', 'S125FSF82QY167812-004', 'MH-EAEESS0053', '108.28', 'installed', 'Battery'),
('S125FSF82QY167812', 'S125FSF82QY167812-005', 'SO-BAE0015', '56.31', 'installed', 'Roof Rack'),
('S125FSF82QY167812', 'S125FSF82QY167812-005', 'SO-EAEESS0058', '46.62', 'installed', 'Battery control system'),
('S125FSF82QY167812', 'S125FSF82QY167812-005', 'SO-EAELASS0090', '25.50', 'installed', 'Side lighting'),
('S4JI8BAZK6A762603', 'S4JI8BAZK6A762603-001', 'PP-EAELASS0092', '45.15', 'installed', 'Tail light cover'),
('S8IG7CS13D3171231', 'S8IG7CS13D3171231-001', 'OE-EAES0103', '29.63', 'installed', 'Power-steering pressure sensor'),
('S8IG7CS13D3171231', 'S8IG7CS13D3171231-001', 'OE-EAES0123', '27.33', 'installed', 'Steering column switch'),
('S8IG7CS13D3171231', 'S8IG7CS13D3171231-001', 'OE-PACBS0196', '31.72', 'installed', 'Master Cylinder'),
('S8IG7CS13D3171231', 'S8IG7CS13D3171231-002', 'XM-BAE0011', '13.00', 'installed', 'Pillar and hard trim'),
('S8IG7CS13D3171231', 'S8IG7CS13D3171231-002', 'XM-EAEM0146', '54.47', 'installed', 'Shift improver'),
('SB0II3RK4J8108311', 'SB0II3RK4J8108311-001', 'SE-EAESS0119', '22.73', 'installed', 'Spark Plug'),
('SB0II3RK4J8108311', 'SB0II3RK4J8108311-002', 'SE-EAEIS0075', '115.79', 'installed', 'Coil wire'),
('SB0II3RK4J8108311', 'SB0II3RK4J8108311-002', 'SE-PACBS0172', '99.23', 'installed', 'Brake drum'),
('SB0II3RK4J8108311', 'SB0II3RK4J8108311-002', 'SE-PACBS0178', '23.84', 'installed', 'Brake roll'),
('SYZI0ZHYVNY547468', 'SYZI0ZHYVNY547468-001', 'ZN-EAEIS0082', '61.01', 'installed', 'Magneto'),
('T2QRUXJS5OY889240', 'T2QRUXJS5OY889240-001', 'GT-BAE0000', '15.72', 'received', 'Bonnet/hood'),
('T2QRUXJS5OY889240', 'T2QRUXJS5OY889240-001', 'GT-BAED0023', '26.92', 'installed', 'Door beam and panel'),
('T2QRUXJS5OY889240', 'T2QRUXJS5OY889240-001', 'GT-EAEIS0078', '95.05', 'ordered', 'Ignition box'),
('T2QRUXJS5OY889240', 'T2QRUXJS5OY889240-002', 'ZY-EAELASS0092', '52.77', 'received', 'Tail light cover'),
('T2QRUXJS5OY889240', 'T2QRUXJS5OY889240-002', 'ZY-EAEM0138', '59.46', 'ordered', 'Engine computer and management system'),
('T2QRUXJS5OY889240', 'T2QRUXJS5OY889240-002', 'ZY-EAES0120', '42.27', 'received', 'Door switch'),
('T2QRUXJS5OY889240', 'T2QRUXJS5OY889240-003', 'RN-EAEGAM0067', '54.40', 'received', 'Odometer'),
('T2QRUXJS5OY889240', 'T2QRUXJS5OY889240-003', 'RN-EAEM0146', '15.43', 'received', 'Shift improver'),
('T2QRUXJS5OY889240', 'T2QRUXJS5OY889240-003', 'RN-EAES0096', '77.22', 'installed', 'Crankshaft position sensor'),
('T2QRUXJS5OY889240', 'T2QRUXJS5OY889240-003', 'RN-PACBS0172', '92.43', 'installed', 'Brake drum'),
('T2QRUXJS5OY889240', 'T2QRUXJS5OY889240-004', 'OA-EAEIS0078', '83.46', 'received', 'Ignition box'),
('T2QRUXJS5OY889240', 'T2QRUXJS5OY889240-005', 'PP-PACBS0163', '30.65', 'ordered', 'Anti-lock braking system'),
('T8VKW8BVR4S799169', 'T8VKW8BVR4S799169-001', 'ZY-BAE0004', '41.43', 'installed', 'Cowl screen'),
('T8VKW8BVR4S799169', 'T8VKW8BVR4S799169-001', 'ZY-BAE0014', '103.00', 'installed', 'Rocker panel'),
('T8VKW8BVR4S799169', 'T8VKW8BVR4S799169-001', 'ZY-BAEW0038', '117.54', 'installed', 'Windshield'),
('T8VKW8BVR4S799169', 'T8VKW8BVR4S799169-002', 'BX-EAEM0132', '56.63', 'installed', 'Air bag control module'),
('T8VKW8BVR4S799169', 'T8VKW8BVR4S799169-002', 'BX-EAEM0137', '12.96', 'installed', 'Door contact'),
('T8VKW8BVR4S799169', 'T8VKW8BVR4S799169-003', 'OE-EAEAD0045', '8.98', 'installed', 'Speaker'),
('T8VKW8BVR4S799169', 'T8VKW8BVR4S799169-003', 'OE-EAEGAM0071', '87.87', 'installed', 'Tire pressure gauge'),
('T8VKW8BVR4S799169', 'T8VKW8BVR4S799169-003', 'OE-EAES0097', '108.08', 'installed', 'Engine sensor'),
('T8VKW8BVR4S799169', 'T8VKW8BVR4S799169-003', 'OE-EAES0100', '125.06', 'installed', 'Light sensor'),
('TD41PRPBYNQ799837', 'TD41PRPBYNQ799837-001', 'SS-ICS0153', '65.14', 'ordered', 'Armrest'),
('TD41PRPBYNQ799837', 'TD41PRPBYNQ799837-001', 'SS-PACBS0186', '91.83', 'installed', 'Caliper'),
('TD41PRPBYNQ799837', 'TD41PRPBYNQ799837-002', 'SE-ICS0156', '12.07', 'installed', 'Children and baby car seat'),
('TD41PRPBYNQ799837', 'TD41PRPBYNQ799837-003', 'SO-EAEM0139', '72.52', 'ordered', 'Engine control unit'),
('TEMYOH4852J438131', 'TEMYOH4852J438131-001', 'OH-BAED0028', '66.11', 'installed', 'Door watershield'),
('TEMYOH4852J438131', 'TEMYOH4852J438131-001', 'OH-EAES0111', '70.75', 'ordered', 'MAP sensor'),
('TEMYOH4852J438131', 'TEMYOH4852J438131-001', 'OH-EAES0122', '65.68', 'installed', 'Power window switch'),
('TEMYOH4852J438131', 'TEMYOH4852J438131-001', 'OH-EAESS0119', '28.52', 'installed', 'Spark Plug'),
('TEMYOH4852J438131', 'TEMYOH4852J438131-002', 'OE-EAES0098', '43.47', 'installed', 'Fuel level sensor'),
('TEMYOH4852J438131', 'TEMYOH4852J438131-002', 'OE-PACBS0193', '32.01', 'received', 'Brake duct hose'),
('U0IW6RMXF3E643006', 'U0IW6RMXF3E643006-001', 'ZT-PACBS0172', '56.38', 'installed', 'Brake drum'),
('U0IW6RMXF3E643006', 'U0IW6RMXF3E643006-001', 'ZT-PACBS0193', '86.59', 'installed', 'Brake duct hose'),
('U0IW6RMXF3E643006', 'U0IW6RMXF3E643006-002', 'FH-BAE0020', '59.31', 'installed', 'Trunk'),
('U0IW6RMXF3E643006', 'U0IW6RMXF3E643006-002', 'FH-EAEGAM0064', '89.03', 'installed', 'Dynamometer'),
('U0IW6RMXF3E643006', 'U0IW6RMXF3E643006-002', 'FH-EAESS0116', '108.20', 'installed', 'Starter drive'),
('U18BDQFC4ZV145556', 'U18BDQFC4ZV145556-001', 'KS-EAEESS0056', '18.92', 'installed', 'Battery cable terminal'),
('U18BDQFC4ZV145556', 'U18BDQFC4ZV145556-001', 'KS-EAEESS0059', '14.11', 'installed', 'Battery plate'),
('U18BDQFC4ZV145556', 'U18BDQFC4ZV145556-001', 'KS-EAELASS0089', '0.95', 'installed', 'License plate lamp'),
('U18BDQFC4ZV145556', 'U18BDQFC4ZV145556-001', 'KS-ICS0156', '3.99', 'installed', 'Children and baby car seat'),
('U18BDQFC4ZV145556', 'U18BDQFC4ZV145556-002', 'KS-EAES0100', '30.46', 'installed', 'Light sensor'),
('U18BDQFC4ZV145556', 'U18BDQFC4ZV145556-002', 'KS-PACBS0163', '28.69', 'installed', 'Anti-lock braking system'),
('U18BDQFC4ZV145556', 'U18BDQFC4ZV145556-003', 'OE-BAE0019', '23.95', 'installed', 'Trim package'),
('U18BDQFC4ZV145556', 'U18BDQFC4ZV145556-003', 'OE-EAEAD0047', '0.47', 'installed', 'Subwoofer'),
('U18BDQFC4ZV145556', 'U18BDQFC4ZV145556-003', 'OE-EAELASS0086', '29.22', 'installed', 'Headlight'),
('U18BDQFC4ZV145556', 'U18BDQFC4ZV145556-003', 'OE-PACBS0181', '11.07', 'installed', 'Brake shoe'),
('UDI7LAGS7QL483060', 'UDI7LAGS7QL483060-001', 'XM-EAEM0149', '98.55', 'installed', 'Transmission computer'),
('UDI7LAGS7QL483060', 'UDI7LAGS7QL483060-001', 'XM-EAES0112', '12.40', 'installed', 'IMA sensor'),
('UDI7LAGS7QL483060', 'UDI7LAGS7QL483060-001', 'XM-PACBS0172', '51.23', 'installed', 'Brake drum'),
('UDI7LAGS7QL483060', 'UDI7LAGS7QL483060-002', 'ZY-BAE0009', '21.96', 'installed', 'Front fascia and header panel'),
('UDI7LAGS7QL483060', 'UDI7LAGS7QL483060-002', 'ZY-BAE0010', '112.51', 'installed', 'Grille'),
('UDI7LAGS7QL483060', 'UDI7LAGS7QL483060-003', 'BX-BAED0023', '80.39', 'installed', 'Door beam and panel'),
('UDI7LAGS7QL483060', 'UDI7LAGS7QL483060-003', 'BX-EAEM0143', '124.83', 'installed', 'Performance Monitor'),
('UDI7LAGS7QL483060', 'UDI7LAGS7QL483060-003', 'BX-EAEWH0130', '47.93', 'installed', 'Interior harness'),
('UDI7LAGS7QL483060', 'UDI7LAGS7QL483060-004', 'FH-EAECS0051', '39.92', 'installed', 'Alternator fan'),
('UDI7LAGS7QL483060', 'UDI7LAGS7QL483060-004', 'FH-PACBS0164', '85.32', 'installed', 'ABS steel pin'),
('UE0HIIE583S680065', 'UE0HIIE583S680065-001', 'FH-EAES0100', '14.58', 'installed', 'Light sensor'),
('UE0HIIE583S680065', 'UE0HIIE583S680065-001', 'FH-EAES0103', '49.49', 'installed', 'Power-steering pressure sensor'),
('UE0HIIE583S680065', 'UE0HIIE583S680065-001', 'FH-PACBS0198', '34.27', 'installed', 'Other braking system parts'),
('UFU8XLWSHBR469828', 'UFU8XLWSHBR469828-001', 'SE-BAE0005', '36.55', 'installed', 'Decklid'),
('UFU8XLWSHBR469828', 'UFU8XLWSHBR469828-001', 'SE-EAECS0049', '20.87', 'installed', 'Alternator bearing'),
('UFU8XLWSHBR469828', 'UFU8XLWSHBR469828-001', 'SE-PACBS0192', '19.27', 'installed', 'Air brake nylon hose'),
('UFU8XLWSHBR469828', 'UFU8XLWSHBR469828-002', 'OH-EAES0096', '28.13', 'installed', 'Crankshaft position sensor'),
('UFU8XLWSHBR469828', 'UFU8XLWSHBR469828-002', 'OH-PACBS0191', '1.70', 'installed', 'Brake booster hose'),
('UFU8XLWSHBR469828', 'UFU8XLWSHBR469828-003', 'XM-EAEIS0076', '11.79', 'installed', 'Distributor'),
('UFU8XLWSHBR469828', 'UFU8XLWSHBR469828-004', 'SE-BAE0012', '16.39', 'installed', 'Quarter panel'),
('UFU8XLWSHBR469828', 'UFU8XLWSHBR469828-004', 'SE-EAEESS0058', '12.81', 'installed', 'Battery control system'),
('UFU8XLWSHBR469828', 'UFU8XLWSHBR469828-004', 'SE-EAES0096', '26.31', 'installed', 'Crankshaft position sensor'),
('UHTZCO50NI6402584', 'UHTZCO50NI6402584-001', 'SO-ICS0162', '147.76', 'installed', 'Seat track'),
('UHTZCO50NI6402584', 'UHTZCO50NI6402584-002', 'SO-BAE0016', '110.32', 'installed', 'Spoiler'),
('UHTZCO50NI6402584', 'UHTZCO50NI6402584-002', 'SO-EAEM0149', '46.55', 'installed', 'Transmission computer'),
('UHTZCO50NI6402584', 'UHTZCO50NI6402584-002', 'SO-EAES0109', '23.12', 'installed', 'ABS brack sensor'),
('UHTZCO50NI6402584', 'UHTZCO50NI6402584-003', 'SE-BAE0004', '4.72', 'installed', 'Cowl screen'),
('UHTZCO50NI6402584', 'UHTZCO50NI6402584-003', 'SE-EAEGAM0066', '204.67', 'installed', 'Hydrometer'),
('UHTZCO50NI6402584', 'UHTZCO50NI6402584-003', 'SE-EAEM0139', '47.06', 'installed', 'Engine control unit'),
('UHTZCO50NI6402584', 'UHTZCO50NI6402584-003', 'SE-EAES0120', '93.14', 'installed', 'Door switch'),
('UHTZCO50NI6402584', 'UHTZCO50NI6402584-004', 'SS-PACBS0167', '97.67', 'installed', 'Bleed nipple'),
('UQHSQ06Y242436882', 'UQHSQ06Y242436882-001', 'PP-BAED0028', '2.98', 'received', 'Door watershield'),
('UQHSQ06Y242436882', 'UQHSQ06Y242436882-001', 'PP-EAES0126', '27.22', 'received', 'Thermostat'),
('UQHSQ06Y242436882', 'UQHSQ06Y242436882-001', 'PP-PACBS0174', '13.87', 'ordered', 'Brake pad'),
('UQHSQ06Y242436882', 'UQHSQ06Y242436882-001', 'PP-PACBS0198', '39.18', 'ordered', 'Other braking system parts'),
('UUWQM04TSAR411514', 'UUWQM04TSAR411514-001', 'KS-EAEIS0082', '25.30', 'installed', 'Magneto'),
('UUWQM04TSAR411514', 'UUWQM04TSAR411514-001', 'KS-EAESS0118', '19.87', 'installed', 'Starter solenoid'),
('UUWQM04TSAR411514', 'UUWQM04TSAR411514-002', 'OA-EAES0113', '1.77', 'installed', 'Oil level sensor'),
('UUWQM04TSAR411514', 'UUWQM04TSAR411514-003', 'HI-EAEM0145', '18.51', 'installed', 'Remote lock'),
('UUWQM04TSAR411514', 'UUWQM04TSAR411514-003', 'HI-EAES0127', '5.45', 'installed', 'Frame Switch'),
('UUWQM04TSAR411514', 'UUWQM04TSAR411514-003', 'HI-EAESS0115', '48.23', 'installed', 'Starter'),
('UUWQM04TSAR411514', 'UUWQM04TSAR411514-003', 'HI-PACBS0179', '49.60', 'installed', 'Brake rotor'),
('UVZX51MOHHZ350304', 'UVZX51MOHHZ350304-001', 'OA-BAE0004', '63.90', 'installed', 'Cowl screen'),
('UVZX51MOHHZ350304', 'UVZX51MOHHZ350304-001', 'OA-EAEAD0046', '22.98', 'installed', 'Tuner'),
('UVZX51MOHHZ350304', 'UVZX51MOHHZ350304-001', 'OA-EAEESS0056', '9.13', 'received', 'Battery cable terminal'),
('UVZX51MOHHZ350304', 'UVZX51MOHHZ350304-002', 'SS-EAEGAM0074', '54.52', 'installed', 'Water temperature meter'),
('UVZX51MOHHZ350304', 'UVZX51MOHHZ350304-002', 'SS-PACBS0178', '16.69', 'ordered', 'Brake roll'),
('UVZX51MOHHZ350304', 'UVZX51MOHHZ350304-003', 'DN-EAEGAM0062', '10.91', 'ordered', 'Ammeter'),
('UVZX51MOHHZ350304', 'UVZX51MOHHZ350304-003', 'DN-EAELASS0091', '37.74', 'ordered', 'Tail light'),
('UVZX51MOHHZ350304', 'UVZX51MOHHZ350304-003', 'DN-ICS0161', '10.14', 'ordered', 'Seat cover'),
('UY0J2ZE2WC4929234', 'UY0J2ZE2WC4929234-001', 'PP-BAE0022', '21.43', 'received', 'Welded assembly'),
('UY0J2ZE2WC4929234', 'UY0J2ZE2WC4929234-001', 'PP-EAEGAM0067', '26.83', 'received', 'Odometer'),
('UY0J2ZE2WC4929234', 'UY0J2ZE2WC4929234-002', 'XM-EAEGAM0064', '163.59', 'installed', 'Dynamometer'),
('UY0J2ZE2WC4929234', 'UY0J2ZE2WC4929234-002', 'XM-ICS0159', '69.99', 'ordered', 'Seat Belt'),
('UY0J2ZE2WC4929234', 'UY0J2ZE2WC4929234-002', 'XM-PACBS0171', '58.06', 'received', 'Brake disc'),
('UY0J2ZE2WC4929234', 'UY0J2ZE2WC4929234-002', 'XM-PACBS0178', '161.34', 'installed', 'Brake roll'),
('V0CS6FK0F2L619952', 'V0CS6FK0F2L619952-001', 'DN-EAEAD0046', '20.08', 'installed', 'Tuner'),
('V0CS6FK0F2L619952', 'V0CS6FK0F2L619952-001', 'DN-EAES0104', '11.27', 'installed', 'Pressure sensor');
INSERT INTO `Parts` (`vin`, `burdells_purchase_order_number`, `part_number`, `part_cost`, `part_status`, `description_of_the_part`) VALUES
('V0Y7R3VOND6385099', 'V0Y7R3VOND6385099-001', 'ZY-EAEM0147', '47.21', 'installed', 'Speed controller'),
('V0Y7R3VOND6385099', 'V0Y7R3VOND6385099-001', 'ZY-PACBS0198', '77.15', 'installed', 'Other braking system parts'),
('V0Y7R3VOND6385099', 'V0Y7R3VOND6385099-002', 'MH-BAED0023', '58.79', 'installed', 'Door beam and panel'),
('V0Y7R3VOND6385099', 'V0Y7R3VOND6385099-002', 'MH-EAEIS0082', '53.64', 'installed', 'Magneto'),
('V4JVFR4YRS7140562', 'V4JVFR4YRS7140562-001', 'SS-EAES0105', '68.17', 'ordered', 'Rain sensor'),
('V4JVFR4YRS7140562', 'V4JVFR4YRS7140562-001', 'SS-PACBS0180', '200.36', 'received', 'Brake servo'),
('V4JVFR4YRS7140562', 'V4JVFR4YRS7140562-001', 'SS-PACBS0192', '63.85', 'installed', 'Air brake nylon hose'),
('V8TT1Z53XJ3351609', 'V8TT1Z53XJ3351609-001', 'HI-EAELASS0090', '70.40', 'installed', 'Side lighting'),
('VFRZ3NRGP3T720592', 'VFRZ3NRGP3T720592-001', 'MH-BAEW0039', '17.47', 'installed', 'Windshield washer motor'),
('VFRZ3NRGP3T720592', 'VFRZ3NRGP3T720592-001', 'MH-EAES0104', '23.61', 'installed', 'Pressure sensor'),
('VFRZ3NRGP3T720592', 'VFRZ3NRGP3T720592-001', 'MH-PACBS0177', '19.08', 'installed', 'Brake pump'),
('VFRZ3NRGP3T720592', 'VFRZ3NRGP3T720592-001', 'MH-PACBS0178', '21.82', 'installed', 'Brake roll'),
('VGDTPF85FW3798103', 'VGDTPF85FW3798103-001', 'ZY-EAEIS0080', '38.01', 'installed', 'Ignition coil parts'),
('VGDTPF85FW3798103', 'VGDTPF85FW3798103-001', 'ZY-EAES0093', '36.04', 'installed', 'Airbag sensor'),
('VGDTPF85FW3798103', 'VGDTPF85FW3798103-002', 'GT-BAE0018', '54.04', 'installed', 'Rear spoiler'),
('VGDTPF85FW3798103', 'VGDTPF85FW3798103-003', 'GT-EAEM0140', '21.35', 'installed', 'Fuse'),
('VGDTPF85FW3798103', 'VGDTPF85FW3798103-003', 'GT-PACBS0179', '46.48', 'installed', 'Brake rotor'),
('VGDTPF85FW3798103', 'VGDTPF85FW3798103-004', 'OE-BAE0014', '23.09', 'installed', 'Rocker panel'),
('VGDTPF85FW3798103', 'VGDTPF85FW3798103-004', 'OE-EAEESS0057', '1.12', 'installed', 'Battery cable'),
('VGDTPF85FW3798103', 'VGDTPF85FW3798103-004', 'OE-EAEM0133', '13.39', 'installed', 'Alarm and siren'),
('VGDTPF85FW3798103', 'VGDTPF85FW3798103-005', 'ZT-BAE0005', '33.87', 'installed', 'Decklid'),
('VGDTPF85FW3798103', 'VGDTPF85FW3798103-005', 'ZT-EAES0104', '45.17', 'installed', 'Pressure sensor'),
('VGDTPF85FW3798103', 'VGDTPF85FW3798103-005', 'ZT-EAES0121', '55.34', 'installed', 'Ignition Switch'),
('VGDTPF85FW3798103', 'VGDTPF85FW3798103-005', 'ZT-PACBS0182', '9.52', 'installed', 'Brake lining'),
('VLB5X8345HA615648', 'VLB5X8345HA615648-001', 'MH-EAEWH0129', '16.35', 'received', 'Engine compartment harness'),
('VLB5X8345HA615648', 'VLB5X8345HA615648-002', 'FH-BAED0030', '46.85', 'ordered', 'Door and bonnet'),
('VLB5X8345HA615648', 'VLB5X8345HA615648-002', 'FH-EAELASS0083', '57.71', 'ordered', 'Engine bay lighting'),
('VP0U4FNOL1Q272112', 'VP0U4FNOL1Q272112-001', 'SX-EAEAD0045', '76.28', 'installed', 'Speaker'),
('VP0U4FNOL1Q272112', 'VP0U4FNOL1Q272112-001', 'SX-EAECS0049', '76.60', 'installed', 'Alternator bearing'),
('VP0U4FNOL1Q272112', 'VP0U4FNOL1Q272112-001', 'SX-EAEGAM0069', '99.76', 'installed', 'Tachometer'),
('VP0U4FNOL1Q272112', 'VP0U4FNOL1Q272112-001', 'SX-PACBS0187', '49.84', 'installed', 'Combination valve'),
('VP0U4FNOL1Q272112', 'VP0U4FNOL1Q272112-002', 'SO-BAE0017', '130.85', 'installed', 'Front spoiler'),
('VP0U4FNOL1Q272112', 'VP0U4FNOL1Q272112-002', 'SO-EAEM0135', '97.00', 'installed', 'Chassis control computer'),
('VP0U4FNOL1Q272112', 'VP0U4FNOL1Q272112-002', 'SO-EAEM0137', '72.51', 'installed', 'Door contact'),
('VP0U4FNOL1Q272112', 'VP0U4FNOL1Q272112-002', 'SO-ICS0158', '35.69', 'installed', 'Headrest'),
('VP0U4FNOL1Q272112', 'VP0U4FNOL1Q272112-003', 'SX-EAES0093', '96.11', 'installed', 'Airbag sensor'),
('VP0U4FNOL1Q272112', 'VP0U4FNOL1Q272112-003', 'SX-EAES0095', '37.22', 'installed', 'Camshaft position sensor'),
('VP0U4FNOL1Q272112', 'VP0U4FNOL1Q272112-003', 'SX-EAES0097', '107.52', 'installed', 'Engine sensor'),
('VP0U4FNOL1Q272112', 'VP0U4FNOL1Q272112-003', 'SX-PACBS0174', '128.88', 'installed', 'Brake pad'),
('VP0U4FNOL1Q272112', 'VP0U4FNOL1Q272112-004', 'SE-EAEM0133', '123.24', 'installed', 'Alarm and siren'),
('VP0U4FNOL1Q272112', 'VP0U4FNOL1Q272112-005', 'SX-PACBS0195', '44.45', 'installed', 'Load-sensing valve'),
('VX5ONWMXOWC092241', 'VX5ONWMXOWC092241-001', 'ZY-EAES0111', '46.66', 'installed', 'MAP sensor'),
('VYTVYSIRWI8110696', 'VYTVYSIRWI8110696-001', 'ZN-EAESS0117', '6.22', 'installed', 'Starter Motor'),
('VYTVYSIRWI8110696', 'VYTVYSIRWI8110696-001', 'ZN-PACBS0168', '42.28', 'received', 'Brake backing plate'),
('VYTVYSIRWI8110696', 'VYTVYSIRWI8110696-002', 'ZT-EAES0097', '52.71', 'received', 'Engine sensor'),
('VYTVYSIRWI8110696', 'VYTVYSIRWI8110696-002', 'ZT-IFCAP0151', '41.33', 'received', 'Carpet and other floor material'),
('VYTVYSIRWI8110696', 'VYTVYSIRWI8110696-002', 'ZT-PACBS0192', '46.89', 'received', 'Air brake nylon hose'),
('W0568WGO5WJ438874', 'W0568WGO5WJ438874-001', 'HI-BAE0006', '2.93', 'installed', 'Fascia rear and support'),
('W0568WGO5WJ438874', 'W0568WGO5WJ438874-001', 'HI-EAES0096', '60.54', 'received', 'Crankshaft position sensor'),
('W0568WGO5WJ438874', 'W0568WGO5WJ438874-001', 'HI-EAES0124', '4.16', 'ordered', 'Switch cover'),
('W0568WGO5WJ438874', 'W0568WGO5WJ438874-001', 'HI-PACBS0173', '10.75', 'ordered', 'Brake line'),
('W0568WGO5WJ438874', 'W0568WGO5WJ438874-002', 'GT-BAED0026', '37.26', 'installed', 'Door control module'),
('W0568WGO5WJ438874', 'W0568WGO5WJ438874-002', 'GT-EAEM0142', '39.84', 'installed', 'Performance chip'),
('W0568WGO5WJ438874', 'W0568WGO5WJ438874-002', 'GT-EAES0110', '31.98', 'ordered', 'TDC sensor'),
('W0568WGO5WJ438874', 'W0568WGO5WJ438874-002', 'GT-EAEWH0131', '32.09', 'received', 'Underfloor harness'),
('W0VVANUKDUY874182', 'W0VVANUKDUY874182-001', 'PP-BAE0014', '10.01', 'installed', 'Rocker panel'),
('W0VVANUKDUY874182', 'W0VVANUKDUY874182-001', 'PP-EAEM0144', '56.35', 'installed', 'Relay connector'),
('W0VVANUKDUY874182', 'W0VVANUKDUY874182-002', 'HI-BAEW0035', '27.56', 'installed', 'Sunroof motor'),
('W0VVANUKDUY874182', 'W0VVANUKDUY874182-002', 'HI-EAEIS0077', '58.22', 'installed', 'Electronic timing controller'),
('W0VVANUKDUY874182', 'W0VVANUKDUY874182-002', 'HI-EAELASS0091', '15.53', 'installed', 'Tail light'),
('W0VVANUKDUY874182', 'W0VVANUKDUY874182-002', 'HI-EAES0109', '48.79', 'installed', 'ABS brack sensor'),
('W237VB7JQCR328314', 'W237VB7JQCR328314-001', 'HI-EAEESS0053', '11.25', 'installed', 'Battery'),
('W237VB7JQCR328314', 'W237VB7JQCR328314-001', 'HI-EAEGAM0070', '29.45', 'installed', 'Temperature gauge'),
('W237VB7JQCR328314', 'W237VB7JQCR328314-001', 'HI-EAELASS0083', '20.81', 'installed', 'Engine bay lighting'),
('W237VB7JQCR328314', 'W237VB7JQCR328314-001', 'HI-EAELASS0085', '39.50', 'installed', 'Halogen'),
('W237VB7JQCR328314', 'W237VB7JQCR328314-002', 'SS-BAE0016', '23.35', 'installed', 'Spoiler'),
('W237VB7JQCR328314', 'W237VB7JQCR328314-002', 'SS-EAEGAM0072', '54.64', 'installed', 'Vacuum gauge'),
('W237VB7JQCR328314', 'W237VB7JQCR328314-002', 'SS-EAES0108', '22.59', 'installed', 'Transmission input and output sensor'),
('W237VB7JQCR328314', 'W237VB7JQCR328314-002', 'SS-PACBS0166', '29.40', 'installed', 'Anchor'),
('W237VB7JQCR328314', 'W237VB7JQCR328314-003', 'ZY-EAES0104', '42.13', 'installed', 'Pressure sensor'),
('W237VB7JQCR328314', 'W237VB7JQCR328314-003', 'ZY-EAEWH0130', '13.28', 'installed', 'Interior harness'),
('W237VB7JQCR328314', 'W237VB7JQCR328314-004', 'HI-EAEWH0129', '47.99', 'installed', 'Engine compartment harness'),
('W65LU27EIAI574094', 'W65LU27EIAI574094-001', 'FH-BAE0008', '75.16', 'installed', 'Front clip'),
('W65LU27EIAI574094', 'W65LU27EIAI574094-001', 'FH-EAEIS0080', '22.01', 'installed', 'Ignition coil parts'),
('W65LU27EIAI574094', 'W65LU27EIAI574094-001', 'FH-EAELASS0086', '98.84', 'installed', 'Headlight'),
('W65LU27EIAI574094', 'W65LU27EIAI574094-001', 'FH-EAES0123', '121.64', 'installed', 'Steering column switch'),
('W65LU27EIAI574094', 'W65LU27EIAI574094-002', 'FH-EAEIS0079', '77.55', 'installed', 'Ignition Coil'),
('W65LU27EIAI574094', 'W65LU27EIAI574094-002', 'FH-PACBS0175', '31.69', 'installed', 'Brake pedal'),
('W65LU27EIAI574094', 'W65LU27EIAI574094-002', 'FH-PACBS0177', '135.67', 'installed', 'Brake pump'),
('W65LU27EIAI574094', 'W65LU27EIAI574094-003', 'ZY-EAES0114', '83.48', 'installed', 'ABS sensor'),
('W7BJ0WMT3F1988589', 'W7BJ0WMT3F1988589-001', 'OH-EAEGAM0069', '72.55', 'installed', 'Tachometer'),
('W7BJ0WMT3F1988589', 'W7BJ0WMT3F1988589-001', 'OH-EAEIS0080', '39.97', 'installed', 'Ignition coil parts'),
('W7BJ0WMT3F1988589', 'W7BJ0WMT3F1988589-001', 'OH-EAES0114', '45.44', 'installed', 'ABS sensor'),
('W7BJ0WMT3F1988589', 'W7BJ0WMT3F1988589-001', 'OH-PACBS0178', '14.19', 'installed', 'Brake roll'),
('W7BJ0WMT3F1988589', 'W7BJ0WMT3F1988589-002', 'ZY-EAES0102', '30.42', 'installed', 'Oxygen sensor'),
('W7BJ0WMT3F1988589', 'W7BJ0WMT3F1988589-002', 'ZY-EAES0123', '18.64', 'installed', 'Steering column switch'),
('W7BJ0WMT3F1988589', 'W7BJ0WMT3F1988589-003', 'FH-BAE0022', '46.24', 'installed', 'Welded assembly'),
('W7BJ0WMT3F1988589', 'W7BJ0WMT3F1988589-003', 'FH-EAEM0146', '34.41', 'installed', 'Shift improver'),
('W7BJ0WMT3F1988589', 'W7BJ0WMT3F1988589-003', 'FH-EAEM0149', '57.54', 'installed', 'Transmission computer'),
('W7BJ0WMT3F1988589', 'W7BJ0WMT3F1988589-003', 'FH-PACBS0191', '37.71', 'installed', 'Brake booster hose'),
('W7BJ0WMT3F1988589', 'W7BJ0WMT3F1988589-004', 'ZY-BAE0016', '70.90', 'installed', 'Spoiler'),
('W7BJ0WMT3F1988589', 'W7BJ0WMT3F1988589-004', 'ZY-EAES0120', '11.81', 'installed', 'Door switch'),
('X3SCPDYFXR1281696', 'X3SCPDYFXR1281696-001', 'XM-EAEESS0061', '47.46', 'installed', 'Voltage regulator'),
('X3SCPDYFXR1281696', 'X3SCPDYFXR1281696-001', 'XM-EAEGAM0074', '2.69', 'installed', 'Water temperature meter'),
('X3SCPDYFXR1281696', 'X3SCPDYFXR1281696-001', 'XM-EAES0095', '34.68', 'installed', 'Camshaft position sensor'),
('X6PGCLX142L353015', 'X6PGCLX142L353015-001', 'XM-BAED0026', '2.04', 'installed', 'Door control module'),
('X6PGCLX142L353015', 'X6PGCLX142L353015-001', 'XM-EAES0099', '27.07', 'installed', 'Knock sensor'),
('X6PGCLX142L353015', 'X6PGCLX142L353015-001', 'XM-PACBS0165', '51.64', 'installed', 'Adjusting mechanism'),
('X6PGCLX142L353015', 'X6PGCLX142L353015-001', 'XM-PACBS0190', '27.12', 'installed', 'Hose'),
('X6PGCLX142L353015', 'X6PGCLX142L353015-002', 'FH-ICS0161', '37.78', 'installed', 'Seat cover'),
('X6PGCLX142L353015', 'X6PGCLX142L353015-003', 'DN-EAEGAM0072', '24.98', 'installed', 'Vacuum gauge'),
('X6PGCLX142L353015', 'X6PGCLX142L353015-003', 'DN-EAES0099', '30.82', 'installed', 'Knock sensor'),
('X6PGCLX142L353015', 'X6PGCLX142L353015-003', 'DN-PACBS0179', '3.47', 'installed', 'Brake rotor'),
('X6PGCLX142L353015', 'X6PGCLX142L353015-004', 'ZT-EAEM0150', '40.23', 'installed', 'Wiring connector'),
('X6PGCLX142L353015', 'X6PGCLX142L353015-004', 'ZT-EAES0098', '6.28', 'installed', 'Fuel level sensor'),
('X6PGCLX142L353015', 'X6PGCLX142L353015-004', 'ZT-EAES0102', '8.52', 'installed', 'Oxygen sensor'),
('X6PGCLX142L353015', 'X6PGCLX142L353015-004', 'ZT-EAES0114', '13.95', 'installed', 'ABS sensor'),
('XJZQEGWAV7Q033418', 'XJZQEGWAV7Q033418-001', 'DN-BAEW0037', '2.85', 'installed', 'Window regulator'),
('XJZQEGWAV7Q033418', 'XJZQEGWAV7Q033418-001', 'DN-EAEESS0059', '27.64', 'installed', 'Battery plate'),
('XJZQEGWAV7Q033418', 'XJZQEGWAV7Q033418-002', 'ZY-BAE0014', '5.00', 'installed', 'Rocker panel'),
('XJZQEGWAV7Q033418', 'XJZQEGWAV7Q033418-002', 'ZY-EAEESS0057', '6.90', 'installed', 'Battery cable'),
('XJZQEGWAV7Q033418', 'XJZQEGWAV7Q033418-002', 'ZY-EAEM0138', '11.58', 'installed', 'Engine computer and management system'),
('XJZQEGWAV7Q033418', 'XJZQEGWAV7Q033418-003', 'MH-BAE0015', '19.52', 'installed', 'Roof Rack'),
('XJZQEGWAV7Q033418', 'XJZQEGWAV7Q033418-003', 'MH-EAEGAM0064', '3.80', 'installed', 'Dynamometer'),
('XJZQEGWAV7Q033418', 'XJZQEGWAV7Q033418-003', 'MH-EAES0102', '2.54', 'installed', 'Oxygen sensor'),
('XJZQEGWAV7Q033418', 'XJZQEGWAV7Q033418-003', 'MH-ICS0158', '19.11', 'installed', 'Headrest'),
('XJZQEGWAV7Q033418', 'XJZQEGWAV7Q033418-004', 'SO-BAE0015', '26.57', 'installed', 'Roof Rack'),
('XJZQEGWAV7Q033418', 'XJZQEGWAV7Q033418-004', 'SO-BAE0022', '38.59', 'installed', 'Welded assembly'),
('XJZQEGWAV7Q033418', 'XJZQEGWAV7Q033418-004', 'SO-EAESS0119', '18.42', 'installed', 'Spark Plug'),
('XJZQEGWAV7Q033418', 'XJZQEGWAV7Q033418-004', 'SO-PACBS0197', '11.56', 'installed', 'Metering valve'),
('XJZQEGWAV7Q033418', 'XJZQEGWAV7Q033418-005', 'PP-BAE0000', '28.59', 'installed', 'Bonnet/hood'),
('XJZQEGWAV7Q033418', 'XJZQEGWAV7Q033418-005', 'PP-BAEW0037', '10.03', 'installed', 'Window regulator'),
('XJZQEGWAV7Q033418', 'XJZQEGWAV7Q033418-005', 'PP-EAEWH0130', '31.61', 'installed', 'Interior harness'),
('XNXLS5I71MA658964', 'XNXLS5I71MA658964-001', 'ZN-ICS0159', '49.72', 'installed', 'Seat Belt'),
('XNXLS5I71MA658964', 'XNXLS5I71MA658964-002', 'HI-BAE0007', '85.00', 'installed', 'Fender Musical Instruments Corporation'),
('XNXLS5I71MA658964', 'XNXLS5I71MA658964-002', 'HI-PACBS0166', '80.52', 'installed', 'Anchor'),
('XVHDHEYM76N276701', 'XVHDHEYM76N276701-001', 'OE-BAED0031', '72.87', 'installed', 'Lock'),
('XVHDHEYM76N276701', 'XVHDHEYM76N276701-002', 'ZY-EAEESS0054', '61.70', 'installed', 'Performance battery'),
('XVHDHEYM76N276701', 'XVHDHEYM76N276701-002', 'ZY-PACBS0177', '57.55', 'installed', 'Brake pump'),
('XZ0NAXD65PB590052', 'XZ0NAXD65PB590052-001', 'OE-BAED0031', '64.59', 'installed', 'Lock'),
('XZ0ZPNB3K0B900136', 'XZ0ZPNB3K0B900136-001', 'ZN-EAES0105', '60.58', 'installed', 'Rain sensor'),
('Y1DN8H2LGE6552424', 'Y1DN8H2LGE6552424-001', 'KS-BAE0007', '26.43', 'installed', 'Fender Musical Instruments Corporation'),
('Y1DN8H2LGE6552424', 'Y1DN8H2LGE6552424-001', 'KS-EAEM0143', '27.22', 'installed', 'Performance Monitor'),
('Y1DN8H2LGE6552424', 'Y1DN8H2LGE6552424-001', 'KS-EAES0094', '65.04', 'installed', 'Anti-pinch sensor'),
('Y1DN8H2LGE6552424', 'Y1DN8H2LGE6552424-001', 'KS-EAES0108', '77.45', 'installed', 'Transmission input and output sensor'),
('YB15CELIOAD030337', 'YB15CELIOAD030337-001', 'RN-BAE0005', '23.77', 'installed', 'Decklid'),
('YB15CELIOAD030337', 'YB15CELIOAD030337-001', 'RN-EAEM0143', '23.97', 'installed', 'Performance Monitor'),
('YB15CELIOAD030337', 'YB15CELIOAD030337-001', 'RN-ICS0161', '4.67', 'installed', 'Seat cover'),
('YB15CELIOAD030337', 'YB15CELIOAD030337-001', 'RN-PACBS0188', '25.89', 'installed', 'Dual circuit brake system'),
('YB15CELIOAD030337', 'YB15CELIOAD030337-002', 'MH-BAED0029', '50.35', 'installed', 'Hinge'),
('YB15CELIOAD030337', 'YB15CELIOAD030337-002', 'MH-EAEGAM0070', '2.93', 'installed', 'Temperature gauge'),
('YB15CELIOAD030337', 'YB15CELIOAD030337-002', 'MH-EAES0127', '25.40', 'installed', 'Frame Switch'),
('YB15CELIOAD030337', 'YB15CELIOAD030337-003', 'FH-BAE0000', '7.06', 'installed', 'Bonnet/hood'),
('YB15CELIOAD030337', 'YB15CELIOAD030337-003', 'FH-PACBS0167', '25.12', 'installed', 'Bleed nipple'),
('YB15CELIOAD030337', 'YB15CELIOAD030337-003', 'FH-PACBS0187', '47.26', 'installed', 'Combination valve'),
('YKDLFUYBDYA762942', 'YKDLFUYBDYA762942-001', 'SE-BAED0032', '9.81', 'installed', 'Centre Locking'),
('YKDLFUYBDYA762942', 'YKDLFUYBDYA762942-001', 'SE-EAEIS0079', '39.59', 'installed', 'Ignition Coil'),
('YKDLFUYBDYA762942', 'YKDLFUYBDYA762942-001', 'SE-PACBS0178', '89.58', 'installed', 'Brake roll'),
('YKDLFUYBDYA762942', 'YKDLFUYBDYA762942-002', 'GT-PACBS0166', '68.68', 'installed', 'Anchor'),
('YOIOCT8QVK8729970', 'YOIOCT8QVK8729970-001', 'ZN-BAE0005', '29.79', 'installed', 'Decklid'),
('YOIOCT8QVK8729970', 'YOIOCT8QVK8729970-001', 'ZN-EAEESS0055', '7.63', 'installed', 'Battery box'),
('YOIOCT8QVK8729970', 'YOIOCT8QVK8729970-001', 'ZN-EAEESS0061', '28.04', 'installed', 'Voltage regulator'),
('YOIOCT8QVK8729970', 'YOIOCT8QVK8729970-001', 'ZN-EAES0093', '15.41', 'installed', 'Airbag sensor'),
('YOIOCT8QVK8729970', 'YOIOCT8QVK8729970-002', 'KS-EAEWH0131', '33.90', 'installed', 'Underfloor harness'),
('YOIOCT8QVK8729970', 'YOIOCT8QVK8729970-003', 'KS-EAELASS0087', '25.42', 'installed', 'Headlight motor'),
('YOIOCT8QVK8729970', 'YOIOCT8QVK8729970-004', 'SS-BAE0017', '34.54', 'installed', 'Front spoiler'),
('YOIOCT8QVK8729970', 'YOIOCT8QVK8729970-004', 'SS-EAES0095', '16.23', 'installed', 'Camshaft position sensor'),
('YQPUSK3G3TY698091', 'YQPUSK3G3TY698091-001', 'SO-EAEGAM0069', '122.23', 'installed', 'Tachometer'),
('YQPUSK3G3TY698091', 'YQPUSK3G3TY698091-001', 'SO-EAELASS0089', '20.59', 'installed', 'License plate lamp'),
('YQPUSK3G3TY698091', 'YQPUSK3G3TY698091-001', 'SO-EAES0103', '80.85', 'installed', 'Power-steering pressure sensor'),
('YRAKHFEO0D1858938', 'YRAKHFEO0D1858938-001', 'XM-BAED0023', '44.10', 'installed', 'Door beam and panel'),
('YRAKHFEO0D1858938', 'YRAKHFEO0D1858938-001', 'XM-EAEGAM0074', '46.66', 'installed', 'Water temperature meter'),
('YRAKHFEO0D1858938', 'YRAKHFEO0D1858938-001', 'XM-EAES0121', '4.95', 'installed', 'Ignition Switch'),
('YRAKHFEO0D1858938', 'YRAKHFEO0D1858938-001', 'XM-PACBS0191', '57.31', 'installed', 'Brake booster hose'),
('YRAKHFEO0D1858938', 'YRAKHFEO0D1858938-002', 'MH-EAEESS0058', '103.88', 'installed', 'Battery control system'),
('YT768PDJ0NU591276', 'YT768PDJ0NU591276-001', 'OE-EAES0110', '13.72', 'installed', 'TDC sensor'),
('YT768PDJ0NU591276', 'YT768PDJ0NU591276-001', 'OE-ICS0156', '75.61', 'installed', 'Children and baby car seat'),
('YUSPPHQSZAJ981823', 'YUSPPHQSZAJ981823-001', 'SS-BAED0025', '17.83', 'ordered', 'Inner door handle'),
('YUSPPHQSZAJ981823', 'YUSPPHQSZAJ981823-001', 'SS-EAELASS0083', '4.05', 'received', 'Engine bay lighting'),
('YUSPPHQSZAJ981823', 'YUSPPHQSZAJ981823-001', 'SS-EAEM0133', '10.59', 'ordered', 'Alarm and siren'),
('YUSPPHQSZAJ981823', 'YUSPPHQSZAJ981823-001', 'SS-EAES0114', '13.67', 'ordered', 'ABS sensor'),
('YUSPPHQSZAJ981823', 'YUSPPHQSZAJ981823-002', 'SS-EAEM0136', '111.36', 'installed', 'Cruise control computer'),
('YUSPPHQSZAJ981823', 'YUSPPHQSZAJ981823-002', 'SS-EAES0100', '51.92', 'installed', 'Light sensor'),
('Z7SSR7QXU3H868079', 'Z7SSR7QXU3H868079-001', 'HI-EAEWH0129', '27.09', 'installed', 'Engine compartment harness'),
('Z7SSR7QXU3H868079', 'Z7SSR7QXU3H868079-002', 'RN-PACBS0195', '22.76', 'installed', 'Load-sensing valve'),
('ZHWDPEKYMVO700411', 'ZHWDPEKYMVO700411-001', 'BX-EAEESS0056', '381.83', 'installed', 'Battery cable terminal'),
('ZHWDPEKYMVO700411', 'ZHWDPEKYMVO700411-001', 'BX-EAEGAM0066', '319.16', 'installed', 'Hydrometer'),
('ZHWDPEKYMVO700411', 'ZHWDPEKYMVO700411-002', 'XM-BAE0015', '235.18', 'installed', 'Roof Rack'),
('ZHWDPEKYMVO700411', 'ZHWDPEKYMVO700411-002', 'XM-EAEGAM0070', '328.06', 'installed', 'Temperature gauge'),
('ZHWDPEKYMVO700411', 'ZHWDPEKYMVO700411-003', 'FH-EAEM0143', '319.23', 'installed', 'Performance Monitor'),
('ZHWDPEKYMVO700411', 'ZHWDPEKYMVO700411-003', 'FH-EAES0095', '8.61', 'installed', 'Camshaft position sensor'),
('ZHWDPEKYMVO700411', 'ZHWDPEKYMVO700411-004', 'RN-EAEESS0055', '216.76', 'installed', 'Battery box'),
('ZHWDPEKYMVO700411', 'ZHWDPEKYMVO700411-004', 'RN-EAEWH0130', '13.96', 'installed', 'Interior harness'),
('ZHWDPEKYMVO700411', 'ZHWDPEKYMVO700411-004', 'RN-ICS0155', '332.00', 'installed', 'Bucket Seat'),
('ZIOUZCIZ0X5709697', 'ZIOUZCIZ0X5709697-001', 'GT-EAECS0048', '30.54', 'installed', 'Alternator'),
('ZIOUZCIZ0X5709697', 'ZIOUZCIZ0X5709697-001', 'GT-EAELASS0092', '53.23', 'installed', 'Tail light cover'),
('ZIOUZCIZ0X5709697', 'ZIOUZCIZ0X5709697-001', 'GT-EAEM0134', '11.45', 'installed', 'Central locking system'),
('ZIOUZCIZ0X5709697', 'ZIOUZCIZ0X5709697-001', 'GT-ICS0159', '17.30', 'installed', 'Seat Belt'),
('ZIOUZCIZ0X5709697', 'ZIOUZCIZ0X5709697-002', 'ZY-EAEM0132', '12.00', 'installed', 'Air bag control module'),
('ZIOUZCIZ0X5709697', 'ZIOUZCIZ0X5709697-002', 'ZY-EAEWH0130', '52.60', 'installed', 'Interior harness'),
('ZIOUZCIZ0X5709697', 'ZIOUZCIZ0X5709697-003', 'RN-EAES0114', '8.15', 'installed', 'ABS sensor'),
('ZIOUZCIZ0X5709697', 'ZIOUZCIZ0X5709697-004', 'DN-PACBS0193', '11.14', 'installed', 'Brake duct hose'),
('ZWW7VOTXOEE355574', 'ZWW7VOTXOEE355574-001', 'DN-PACBS0165', '46.54', 'installed', 'Adjusting mechanism'),
('ZWW7VOTXOEE355574', 'ZWW7VOTXOEE355574-002', 'SS-EAEESS0053', '95.04', 'installed', 'Battery'),
('ZWW7VOTXOEE355574', 'ZWW7VOTXOEE355574-002', 'SS-EAELASS0086', '86.67', 'installed', 'Headlight'),
('ZWW7VOTXOEE355574', 'ZWW7VOTXOEE355574-002', 'SS-PACBS0179', '20.81', 'installed', 'Brake rotor'),
('ZWW7VOTXOEE355574', 'ZWW7VOTXOEE355574-003', 'ZY-EAESS0116', '27.94', 'installed', 'Starter drive'),
('ZWW7VOTXOEE355574', 'ZWW7VOTXOEE355574-003', 'ZY-PACBS0193', '59.40', 'installed', 'Brake duct hose'),
('ZXLGMAQXH21862670', 'ZXLGMAQXH21862670-001', 'SS-BAE0003', '118.60', 'installed', 'Exposed bumper'),
('ZXLGMAQXH21862670', 'ZXLGMAQXH21862670-002', 'PP-BAE0007', '91.47', 'received', 'Fender Musical Instruments Corporation'),
('ZYJSI0PV1BK763098', 'ZYJSI0PV1BK763098-001', 'OH-EAEESS0055', '110.97', 'ordered', 'Battery box'),
('ZYJSI0PV1BK763098', 'ZYJSI0PV1BK763098-001', 'OH-EAES0108', '155.56', 'ordered', 'Transmission input and output sensor');

-- --------------------------------------------------------

--
-- Table structure for table `Parts_Order`
--

CREATE TABLE `Parts_Order` (
  `vin` varchar(20) NOT NULL,
  `burdells_purchase_order_number` varchar(25) NOT NULL,
  `vendor_name` varchar(100) NOT NULL
) ENGINE=InnoDB DEFAULT CHARSET=utf8mb4;

--
-- Dumping data for table `Parts_Order`
--

INSERT INTO `Parts_Order` (`vin`, `burdells_purchase_order_number`, `vendor_name`) VALUES
('16VZ2D5K2UA224265', '16VZ2D5K2UA224265-002', 'Bioplex'),
('1IXFVT6SR0P763165', '1IXFVT6SR0P763165-001', 'Bioplex'),
('1PHWGTVKSC5888281', '1PHWGTVKSC5888281-001', 'Bioplex'),
('1TYZPWJUY8S534217', '1TYZPWJUY8S534217-002', 'Bioplex'),
('2A8QZNBMXTP305324', '2A8QZNBMXTP305324-001', 'Bioplex'),
('30TKOS7OOZE898754', '30TKOS7OOZE898754-003', 'Bioplex'),
('3LMQEJ637DV562400', '3LMQEJ637DV562400-002', 'Bioplex'),
('3LMQEJ637DV562400', '3LMQEJ637DV562400-005', 'Bioplex'),
('4PQ5C344WM2161232', '4PQ5C344WM2161232-001', 'Bioplex'),
('4TSP05XM3T7777863', '4TSP05XM3T7777863-002', 'Bioplex'),
('5JK48AIE01F557082', '5JK48AIE01F557082-005', 'Bioplex'),
('5N8JUSLD214397601', '5N8JUSLD214397601-003', 'Bioplex'),
('6U7HLHZK3GP057957', '6U7HLHZK3GP057957-002', 'Bioplex'),
('7O8R4N0I445396787', '7O8R4N0I445396787-001', 'Bioplex'),
('8HVXXFQ4M58279132', '8HVXXFQ4M58279132-002', 'Bioplex'),
('8KJNJ10WXLA842695', '8KJNJ10WXLA842695-004', 'Bioplex'),
('8QC0CE5XB6N801356', '8QC0CE5XB6N801356-003', 'Bioplex'),
('A7LI8UIU28Q222693', 'A7LI8UIU28Q222693-003', 'Bioplex'),
('CKP0OYNPTQV900997', 'CKP0OYNPTQV900997-005', 'Bioplex'),
('DF6PFCH0AEX087065', 'DF6PFCH0AEX087065-005', 'Bioplex'),
('FF386522UXW088260', 'FF386522UXW088260-001', 'Bioplex'),
('FLFOADSEVDJ743887', 'FLFOADSEVDJ743887-002', 'Bioplex'),
('HKABMRUAW8E433308', 'HKABMRUAW8E433308-002', 'Bioplex'),
('KIYLR1R5Q58616843', 'KIYLR1R5Q58616843-003', 'Bioplex'),
('N5W5FFXWBXO904639', 'N5W5FFXWBXO904639-001', 'Bioplex'),
('N7UGS5V1OX0015212', 'N7UGS5V1OX0015212-002', 'Bioplex'),
('PXZGV28A8KN434243', 'PXZGV28A8KN434243-001', 'Bioplex'),
('PXZGV28A8KN434243', 'PXZGV28A8KN434243-002', 'Bioplex'),
('QI0DMNKRDZJ539897', 'QI0DMNKRDZJ539897-003', 'Bioplex'),
('R2WXKMHKPXO142205', 'R2WXKMHKPXO142205-002', 'Bioplex'),
('T8VKW8BVR4S799169', 'T8VKW8BVR4S799169-002', 'Bioplex'),
('UDI7LAGS7QL483060', 'UDI7LAGS7QL483060-003', 'Bioplex'),
('ZHWDPEKYMVO700411', 'ZHWDPEKYMVO700411-001', 'Bioplex'),
('0S57SUJ4IC1640897', '0S57SUJ4IC1640897-001', 'Doncon'),
('1NVXI5JXG3Q330243', '1NVXI5JXG3Q330243-001', 'Doncon'),
('1NVXI5JXG3Q330243', '1NVXI5JXG3Q330243-002', 'Doncon'),
('24PJSOHL7AV555541', '24PJSOHL7AV555541-001', 'Doncon'),
('24PJSOHL7AV555541', '24PJSOHL7AV555541-002', 'Doncon'),
('3DKKMGIZ7YP000949', '3DKKMGIZ7YP000949-002', 'Doncon'),
('53WEVPX7H4X102116', '53WEVPX7H4X102116-005', 'Doncon'),
('6KWLNKZW7TB480162', '6KWLNKZW7TB480162-001', 'Doncon'),
('75JPSZY0BUP284256', '75JPSZY0BUP284256-002', 'Doncon'),
('7E5LCY5NETS057532', '7E5LCY5NETS057532-004', 'Doncon'),
('8KJNJ10WXLA842695', '8KJNJ10WXLA842695-002', 'Doncon'),
('8SL0YJUFMTV627191', '8SL0YJUFMTV627191-001', 'Doncon'),
('8XV8E2COQQ0978402', '8XV8E2COQQ0978402-001', 'Doncon'),
('A1NMYTKAQVI515298', 'A1NMYTKAQVI515298-002', 'Doncon'),
('A1NMYTKAQVI515298', 'A1NMYTKAQVI515298-003', 'Doncon'),
('AHCTXZIUNLT990408', 'AHCTXZIUNLT990408-003', 'Doncon'),
('AXEV4VONGOV055454', 'AXEV4VONGOV055454-002', 'Doncon'),
('BKMITEBY1EN848184', 'BKMITEBY1EN848184-003', 'Doncon'),
('EBZZN84J0L1163524', 'EBZZN84J0L1163524-001', 'Doncon'),
('EBZZN84J0L1163524', 'EBZZN84J0L1163524-003', 'Doncon'),
('FQQN4F0Y2Y4911016', 'FQQN4F0Y2Y4911016-003', 'Doncon'),
('JJJCTN8VPQ2786297', 'JJJCTN8VPQ2786297-002', 'Doncon'),
('K3E2NL0ALH6201724', 'K3E2NL0ALH6201724-001', 'Doncon'),
('K3E2NL0ALH6201724', 'K3E2NL0ALH6201724-003', 'Doncon'),
('KIYLR1R5Q58616843', 'KIYLR1R5Q58616843-002', 'Doncon'),
('M8D0UVAUJWA611757', 'M8D0UVAUJWA611757-001', 'Doncon'),
('O05A7ND5MR4856060', 'O05A7ND5MR4856060-003', 'Doncon'),
('O6FN2LHJYJP625193', 'O6FN2LHJYJP625193-001', 'Doncon'),
('OYSBYKKMW7W431727', 'OYSBYKKMW7W431727-003', 'Doncon'),
('PXZGV28A8KN434243', 'PXZGV28A8KN434243-005', 'Doncon'),
('QYJ40J7KB2A426113', 'QYJ40J7KB2A426113-002', 'Doncon'),
('UVZX51MOHHZ350304', 'UVZX51MOHHZ350304-003', 'Doncon'),
('V0CS6FK0F2L619952', 'V0CS6FK0F2L619952-001', 'Doncon'),
('X6PGCLX142L353015', 'X6PGCLX142L353015-003', 'Doncon'),
('XJZQEGWAV7Q033418', 'XJZQEGWAV7Q033418-001', 'Doncon'),
('ZIOUZCIZ0X5709697', 'ZIOUZCIZ0X5709697-004', 'Doncon'),
('ZWW7VOTXOEE355574', 'ZWW7VOTXOEE355574-001', 'Doncon'),
('1TYZPWJUY8S534217', '1TYZPWJUY8S534217-001', 'Finhigh'),
('24PJSOHL7AV555541', '24PJSOHL7AV555541-005', 'Finhigh'),
('2P0M0KIT617709587', '2P0M0KIT617709587-004', 'Finhigh'),
('2P0M0KIT617709587', '2P0M0KIT617709587-005', 'Finhigh'),
('3LMQEJ637DV562400', '3LMQEJ637DV562400-001', 'Finhigh'),
('4MXLVV84A6C633165', '4MXLVV84A6C633165-003', 'Finhigh'),
('68OADH2QPOS933812', '68OADH2QPOS933812-001', 'Finhigh'),
('6DBY3C036JZ509895', '6DBY3C036JZ509895-005', 'Finhigh'),
('73MVKB63GMJ964569', '73MVKB63GMJ964569-001', 'Finhigh'),
('8OU7JH0IJU6315337', '8OU7JH0IJU6315337-002', 'Finhigh'),
('A2YAQD6KDWM503404', 'A2YAQD6KDWM503404-002', 'Finhigh'),
('B6DYAUVZOLO290932', 'B6DYAUVZOLO290932-001', 'Finhigh'),
('CLEGAGVNX62265577', 'CLEGAGVNX62265577-001', 'Finhigh'),
('DF6PFCH0AEX087065', 'DF6PFCH0AEX087065-004', 'Finhigh'),
('EEC7DB0AVX8841803', 'EEC7DB0AVX8841803-005', 'Finhigh'),
('FH3BO3MF7F8943017', 'FH3BO3MF7F8943017-003', 'Finhigh'),
('FZ1HFZ585WR955503', 'FZ1HFZ585WR955503-001', 'Finhigh'),
('G05OT6PRY0O583244', 'G05OT6PRY0O583244-001', 'Finhigh'),
('G0OMKKQI3ON337813', 'G0OMKKQI3ON337813-002', 'Finhigh'),
('GG7T8HJFVBJ354520', 'GG7T8HJFVBJ354520-003', 'Finhigh'),
('GIOLVCOW6FP335188', 'GIOLVCOW6FP335188-001', 'Finhigh'),
('K0JT3JN6GHR755604', 'K0JT3JN6GHR755604-005', 'Finhigh'),
('K3E2NL0ALH6201724', 'K3E2NL0ALH6201724-002', 'Finhigh'),
('KFWC2DGXLXB344224', 'KFWC2DGXLXB344224-001', 'Finhigh'),
('MQRWSH8TDSA328716', 'MQRWSH8TDSA328716-001', 'Finhigh'),
('OENGRAALQH3524656', 'OENGRAALQH3524656-001', 'Finhigh'),
('OWWSKLAS7QX817356', 'OWWSKLAS7QX817356-002', 'Finhigh'),
('OYSBYKKMW7W431727', 'OYSBYKKMW7W431727-002', 'Finhigh'),
('U0IW6RMXF3E643006', 'U0IW6RMXF3E643006-002', 'Finhigh'),
('UDI7LAGS7QL483060', 'UDI7LAGS7QL483060-004', 'Finhigh'),
('UE0HIIE583S680065', 'UE0HIIE583S680065-001', 'Finhigh'),
('VLB5X8345HA615648', 'VLB5X8345HA615648-002', 'Finhigh'),
('W65LU27EIAI574094', 'W65LU27EIAI574094-001', 'Finhigh'),
('W65LU27EIAI574094', 'W65LU27EIAI574094-002', 'Finhigh'),
('W7BJ0WMT3F1988589', 'W7BJ0WMT3F1988589-003', 'Finhigh'),
('X6PGCLX142L353015', 'X6PGCLX142L353015-002', 'Finhigh'),
('YB15CELIOAD030337', 'YB15CELIOAD030337-003', 'Finhigh'),
('ZHWDPEKYMVO700411', 'ZHWDPEKYMVO700411-003', 'Finhigh'),
('0JF8RY7F203586325', '0JF8RY7F203586325-001', 'Groovestreet'),
('2JJYDSM8ONT301410', '2JJYDSM8ONT301410-001', 'Groovestreet'),
('2JJYDSM8ONT301410', '2JJYDSM8ONT301410-003', 'Groovestreet'),
('2P0M0KIT617709587', '2P0M0KIT617709587-001', 'Groovestreet'),
('31WBMVJRBOT808956', '31WBMVJRBOT808956-001', 'Groovestreet'),
('35F4JXSH0HA820194', '35F4JXSH0HA820194-001', 'Groovestreet'),
('4MXLVV84A6C633165', '4MXLVV84A6C633165-004', 'Groovestreet'),
('635UCNTTHIF575495', '635UCNTTHIF575495-002', 'Groovestreet'),
('6KWLNKZW7TB480162', '6KWLNKZW7TB480162-002', 'Groovestreet'),
('761PGMYLX0T843950', '761PGMYLX0T843950-004', 'Groovestreet'),
('7E5LCY5NETS057532', '7E5LCY5NETS057532-006', 'Groovestreet'),
('7QIC6ZYHPQP552709', '7QIC6ZYHPQP552709-002', 'Groovestreet'),
('7UNLIZIDGDO334562', '7UNLIZIDGDO334562-004', 'Groovestreet'),
('8KJNJ10WXLA842695', '8KJNJ10WXLA842695-003', 'Groovestreet'),
('8QC0CE5XB6N801356', '8QC0CE5XB6N801356-002', 'Groovestreet'),
('A7LI8UIU28Q222693', 'A7LI8UIU28Q222693-004', 'Groovestreet'),
('C3FOQPRK48B009537', 'C3FOQPRK48B009537-002', 'Groovestreet'),
('CZIU7B73Q86955353', 'CZIU7B73Q86955353-004', 'Groovestreet'),
('EEC7DB0AVX8841803', 'EEC7DB0AVX8841803-001', 'Groovestreet'),
('G11UA2D181O142111', 'G11UA2D181O142111-003', 'Groovestreet'),
('GLJRT76OYH0767251', 'GLJRT76OYH0767251-001', 'Groovestreet'),
('GLJRT76OYH0767251', 'GLJRT76OYH0767251-002', 'Groovestreet'),
('H8V4P7W7UDF905029', 'H8V4P7W7UDF905029-004', 'Groovestreet'),
('JQWZHRE1QQC616191', 'JQWZHRE1QQC616191-003', 'Groovestreet'),
('P7JYBE6FM26738497', 'P7JYBE6FM26738497-001', 'Groovestreet'),
('S125FSF82QY167812', 'S125FSF82QY167812-001', 'Groovestreet'),
('T2QRUXJS5OY889240', 'T2QRUXJS5OY889240-001', 'Groovestreet'),
('VGDTPF85FW3798103', 'VGDTPF85FW3798103-002', 'Groovestreet'),
('VGDTPF85FW3798103', 'VGDTPF85FW3798103-003', 'Groovestreet'),
('W0568WGO5WJ438874', 'W0568WGO5WJ438874-002', 'Groovestreet'),
('YKDLFUYBDYA762942', 'YKDLFUYBDYA762942-002', 'Groovestreet'),
('ZIOUZCIZ0X5709697', 'ZIOUZCIZ0X5709697-001', 'Groovestreet'),
('014YJPHOCI4928433', '014YJPHOCI4928433-001', 'Hottechi'),
('0S57SUJ4IC1640897', '0S57SUJ4IC1640897-003', 'Hottechi'),
('1PHWGTVKSC5888281', '1PHWGTVKSC5888281-002', 'Hottechi'),
('2MHCSVAPEB8589057', '2MHCSVAPEB8589057-002', 'Hottechi'),
('3DKKMGIZ7YP000949', '3DKKMGIZ7YP000949-001', 'Hottechi'),
('3LMQEJ637DV562400', '3LMQEJ637DV562400-003', 'Hottechi'),
('3LQVMGKNRTE915571', '3LQVMGKNRTE915571-002', 'Hottechi'),
('3ZQSQH7KCWX963150', '3ZQSQH7KCWX963150-001', 'Hottechi'),
('4TSP05XM3T7777863', '4TSP05XM3T7777863-001', 'Hottechi'),
('5A77A0KQT4Q738091', '5A77A0KQT4Q738091-001', 'Hottechi'),
('5KP0CNPH5CW303661', '5KP0CNPH5CW303661-001', 'Hottechi'),
('618DR7M1L2G015076', '618DR7M1L2G015076-002', 'Hottechi'),
('8KJNJ10WXLA842695', '8KJNJ10WXLA842695-001', 'Hottechi'),
('AXEV4VONGOV055454', 'AXEV4VONGOV055454-003', 'Hottechi'),
('B8SSPH58WRS521686', 'B8SSPH58WRS521686-004', 'Hottechi'),
('CLEGAGVNX62265577', 'CLEGAGVNX62265577-005', 'Hottechi'),
('EBDPUOZW0UW750384', 'EBDPUOZW0UW750384-001', 'Hottechi'),
('ESYSVDN5WUF888037', 'ESYSVDN5WUF888037-003', 'Hottechi'),
('FLFOADSEVDJ743887', 'FLFOADSEVDJ743887-001', 'Hottechi'),
('H0NTC0VHQRA123485', 'H0NTC0VHQRA123485-001', 'Hottechi'),
('LLDC1OCSTQ1651823', 'LLDC1OCSTQ1651823-001', 'Hottechi'),
('O4YTYHUUGAY861024', 'O4YTYHUUGAY861024-002', 'Hottechi'),
('OA2AULLS70C156569', 'OA2AULLS70C156569-001', 'Hottechi'),
('OEZQ7C5Q4IU531061', 'OEZQ7C5Q4IU531061-002', 'Hottechi'),
('OTU0G7AR2Y1800976', 'OTU0G7AR2Y1800976-002', 'Hottechi'),
('QX26HKQMAEQ650690', 'QX26HKQMAEQ650690-002', 'Hottechi'),
('QYJ40J7KB2A426113', 'QYJ40J7KB2A426113-003', 'Hottechi'),
('RKZ4SH0SHZI670624', 'RKZ4SH0SHZI670624-001', 'Hottechi'),
('UUWQM04TSAR411514', 'UUWQM04TSAR411514-003', 'Hottechi'),
('V8TT1Z53XJ3351609', 'V8TT1Z53XJ3351609-001', 'Hottechi'),
('W0568WGO5WJ438874', 'W0568WGO5WJ438874-001', 'Hottechi'),
('W0VVANUKDUY874182', 'W0VVANUKDUY874182-002', 'Hottechi'),
('W237VB7JQCR328314', 'W237VB7JQCR328314-001', 'Hottechi'),
('W237VB7JQCR328314', 'W237VB7JQCR328314-004', 'Hottechi'),
('XNXLS5I71MA658964', 'XNXLS5I71MA658964-002', 'Hottechi'),
('Z7SSR7QXU3H868079', 'Z7SSR7QXU3H868079-001', 'Hottechi'),
('0O3JJPHBUAP199412', '0O3JJPHBUAP199412-002', 'Kinnamplus'),
('0OE58G1RATR240921', '0OE58G1RATR240921-001', 'Kinnamplus'),
('1NVXI5JXG3Q330243', '1NVXI5JXG3Q330243-003', 'Kinnamplus'),
('1P4CYBF55BZ319515', '1P4CYBF55BZ319515-001', 'Kinnamplus'),
('1P4CYBF55BZ319515', '1P4CYBF55BZ319515-002', 'Kinnamplus'),
('22IBT631ZQB560111', '22IBT631ZQB560111-004', 'Kinnamplus'),
('2P0M0KIT617709587', '2P0M0KIT617709587-003', 'Kinnamplus'),
('31WBMVJRBOT808956', '31WBMVJRBOT808956-002', 'Kinnamplus'),
('37HKK6A8BK4624844', '37HKK6A8BK4624844-001', 'Kinnamplus'),
('46B8UPAQCVW796829', '46B8UPAQCVW796829-002', 'Kinnamplus'),
('4G1Z11HOQ3P797692', '4G1Z11HOQ3P797692-001', 'Kinnamplus'),
('4YXU2TN1NJU843634', '4YXU2TN1NJU843634-002', 'Kinnamplus'),
('5A77A0KQT4Q738091', '5A77A0KQT4Q738091-002', 'Kinnamplus'),
('5GJZF82LII6385235', '5GJZF82LII6385235-003', 'Kinnamplus'),
('5N8JUSLD214397601', '5N8JUSLD214397601-002', 'Kinnamplus'),
('5R18GDSB3CM032341', '5R18GDSB3CM032341-003', 'Kinnamplus'),
('6U7HLHZK3GP057957', '6U7HLHZK3GP057957-003', 'Kinnamplus'),
('7O8R4N0I445396787', '7O8R4N0I445396787-003', 'Kinnamplus'),
('AJW0OF78HVS865152', 'AJW0OF78HVS865152-003', 'Kinnamplus'),
('BKMITEBY1EN848184', 'BKMITEBY1EN848184-002', 'Kinnamplus'),
('CKP0OYNPTQV900997', 'CKP0OYNPTQV900997-001', 'Kinnamplus'),
('CKP0OYNPTQV900997', 'CKP0OYNPTQV900997-003', 'Kinnamplus'),
('D4G0CTZMD2X930012', 'D4G0CTZMD2X930012-002', 'Kinnamplus'),
('DBX6KOCPLNA744149', 'DBX6KOCPLNA744149-001', 'Kinnamplus'),
('EEC7DB0AVX8841803', 'EEC7DB0AVX8841803-003', 'Kinnamplus'),
('EEC7DB0AVX8841803', 'EEC7DB0AVX8841803-006', 'Kinnamplus'),
('F2Q618FX05Z072513', 'F2Q618FX05Z072513-001', 'Kinnamplus'),
('F4N3GC225MT163583', 'F4N3GC225MT163583-001', 'Kinnamplus'),
('FF386522UXW088260', 'FF386522UXW088260-003', 'Kinnamplus'),
('GG7T8HJFVBJ354520', 'GG7T8HJFVBJ354520-004', 'Kinnamplus'),
('GG7T8HJFVBJ354520', 'GG7T8HJFVBJ354520-005', 'Kinnamplus'),
('GLJRT76OYH0767251', 'GLJRT76OYH0767251-003', 'Kinnamplus'),
('HHZ4SJBSKCM132962', 'HHZ4SJBSKCM132962-001', 'Kinnamplus'),
('M8D0UVAUJWA611757', 'M8D0UVAUJWA611757-003', 'Kinnamplus'),
('N75ES1SYYPY249965', 'N75ES1SYYPY249965-001', 'Kinnamplus'),
('O4YTYHUUGAY861024', 'O4YTYHUUGAY861024-001', 'Kinnamplus'),
('QS3WIP530WT059941', 'QS3WIP530WT059941-001', 'Kinnamplus'),
('RIZTDYYGYS8802889', 'RIZTDYYGYS8802889-003', 'Kinnamplus'),
('U18BDQFC4ZV145556', 'U18BDQFC4ZV145556-001', 'Kinnamplus'),
('U18BDQFC4ZV145556', 'U18BDQFC4ZV145556-002', 'Kinnamplus'),
('UUWQM04TSAR411514', 'UUWQM04TSAR411514-001', 'Kinnamplus'),
('Y1DN8H2LGE6552424', 'Y1DN8H2LGE6552424-001', 'Kinnamplus'),
('YOIOCT8QVK8729970', 'YOIOCT8QVK8729970-002', 'Kinnamplus'),
('YOIOCT8QVK8729970', 'YOIOCT8QVK8729970-003', 'Kinnamplus'),
('0O3JJPHBUAP199412', '0O3JJPHBUAP199412-001', 'Mathtouch'),
('22IBT631ZQB560111', '22IBT631ZQB560111-001', 'Mathtouch'),
('34LPXEKDI4K738049', '34LPXEKDI4K738049-001', 'Mathtouch'),
('3LQVMGKNRTE915571', '3LQVMGKNRTE915571-003', 'Mathtouch'),
('5HJ7JGARQY7410384', '5HJ7JGARQY7410384-001', 'Mathtouch'),
('5KP0CNPH5CW303661', '5KP0CNPH5CW303661-002', 'Mathtouch'),
('6DBY3C036JZ509895', '6DBY3C036JZ509895-001', 'Mathtouch'),
('7QIC6ZYHPQP552709', '7QIC6ZYHPQP552709-001', 'Mathtouch'),
('8OU7JH0IJU6315337', '8OU7JH0IJU6315337-001', 'Mathtouch'),
('A7LI8UIU28Q222693', 'A7LI8UIU28Q222693-002', 'Mathtouch'),
('B6DYAUVZOLO290932', 'B6DYAUVZOLO290932-003', 'Mathtouch'),
('BKMITEBY1EN848184', 'BKMITEBY1EN848184-004', 'Mathtouch'),
('CB7NB6TBLMD840841', 'CB7NB6TBLMD840841-001', 'Mathtouch'),
('CLEGAGVNX62265577', 'CLEGAGVNX62265577-003', 'Mathtouch'),
('CZIU7B73Q86955353', 'CZIU7B73Q86955353-002', 'Mathtouch'),
('HF61EINCEKB377113', 'HF61EINCEKB377113-001', 'Mathtouch'),
('HIAW0SH7XKK539730', 'HIAW0SH7XKK539730-001', 'Mathtouch'),
('JJJCTN8VPQ2786297', 'JJJCTN8VPQ2786297-003', 'Mathtouch'),
('K0JT3JN6GHR755604', 'K0JT3JN6GHR755604-003', 'Mathtouch'),
('M6J2KWLLUKW587077', 'M6J2KWLLUKW587077-001', 'Mathtouch'),
('MML51CMHAQ5564453', 'MML51CMHAQ5564453-001', 'Mathtouch'),
('ND31ETCB3XK917122', 'ND31ETCB3XK917122-001', 'Mathtouch'),
('ND31ETCB3XK917122', 'ND31ETCB3XK917122-002', 'Mathtouch'),
('P7JYBE6FM26738497', 'P7JYBE6FM26738497-002', 'Mathtouch'),
('QI0DMNKRDZJ539897', 'QI0DMNKRDZJ539897-002', 'Mathtouch'),
('R5CKHASBUY3271404', 'R5CKHASBUY3271404-002', 'Mathtouch'),
('S125FSF82QY167812', 'S125FSF82QY167812-004', 'Mathtouch'),
('V0Y7R3VOND6385099', 'V0Y7R3VOND6385099-002', 'Mathtouch'),
('VFRZ3NRGP3T720592', 'VFRZ3NRGP3T720592-001', 'Mathtouch'),
('VLB5X8345HA615648', 'VLB5X8345HA615648-001', 'Mathtouch'),
('XJZQEGWAV7Q033418', 'XJZQEGWAV7Q033418-003', 'Mathtouch'),
('YB15CELIOAD030337', 'YB15CELIOAD030337-002', 'Mathtouch'),
('YRAKHFEO0D1858938', 'YRAKHFEO0D1858938-002', 'Mathtouch'),
('13AVT0QCFFF714899', '13AVT0QCFFF714899-001', 'Ontomedia'),
('22IBT631ZQB560111', '22IBT631ZQB560111-003', 'Ontomedia'),
('24PJSOHL7AV555541', '24PJSOHL7AV555541-006', 'Ontomedia'),
('30TKOS7OOZE898754', '30TKOS7OOZE898754-001', 'Ontomedia'),
('53WEVPX7H4X102116', '53WEVPX7H4X102116-003', 'Ontomedia'),
('5HIL3GKIIB7639416', '5HIL3GKIIB7639416-001', 'Ontomedia'),
('5JK48AIE01F557082', '5JK48AIE01F557082-003', 'Ontomedia'),
('6U7HLHZK3GP057957', '6U7HLHZK3GP057957-001', 'Ontomedia'),
('761PGMYLX0T843950', '761PGMYLX0T843950-003', 'Ontomedia'),
('7UNLIZIDGDO334562', '7UNLIZIDGDO334562-003', 'Ontomedia'),
('AEDKYKWVSR5009618', 'AEDKYKWVSR5009618-001', 'Ontomedia'),
('AHCTXZIUNLT990408', 'AHCTXZIUNLT990408-002', 'Ontomedia'),
('B6DYAUVZOLO290932', 'B6DYAUVZOLO290932-004', 'Ontomedia'),
('CKP0OYNPTQV900997', 'CKP0OYNPTQV900997-002', 'Ontomedia'),
('D4G0CTZMD2X930012', 'D4G0CTZMD2X930012-004', 'Ontomedia'),
('EBZZN84J0L1163524', 'EBZZN84J0L1163524-004', 'Ontomedia'),
('EEC7DB0AVX8841803', 'EEC7DB0AVX8841803-002', 'Ontomedia'),
('EFWM866BVP1512173', 'EFWM866BVP1512173-001', 'Ontomedia'),
('ELXTVDBEOKI657593', 'ELXTVDBEOKI657593-001', 'Ontomedia'),
('G05OT6PRY0O583244', 'G05OT6PRY0O583244-003', 'Ontomedia'),
('GX7M6O4V208624783', 'GX7M6O4V208624783-002', 'Ontomedia'),
('KGZT23UL65F408436', 'KGZT23UL65F408436-001', 'Ontomedia'),
('KU7WAYY7WVW387657', 'KU7WAYY7WVW387657-002', 'Ontomedia'),
('KU7WAYY7WVW387657', 'KU7WAYY7WVW387657-003', 'Ontomedia'),
('MNUX8DKOOQR070763', 'MNUX8DKOOQR070763-002', 'Ontomedia'),
('NSMNR56SEOU091726', 'NSMNR56SEOU091726-002', 'Ontomedia'),
('O05A7ND5MR4856060', 'O05A7ND5MR4856060-002', 'Ontomedia'),
('OLSEKFK5ZQ6130350', 'OLSEKFK5ZQ6130350-001', 'Ontomedia'),
('PXZGV28A8KN434243', 'PXZGV28A8KN434243-003', 'Ontomedia'),
('QX26HKQMAEQ650690', 'QX26HKQMAEQ650690-003', 'Ontomedia'),
('T2QRUXJS5OY889240', 'T2QRUXJS5OY889240-004', 'Ontomedia'),
('UUWQM04TSAR411514', 'UUWQM04TSAR411514-002', 'Ontomedia'),
('UVZX51MOHHZ350304', 'UVZX51MOHHZ350304-001', 'Ontomedia'),
('13AVT0QCFFF714899', '13AVT0QCFFF714899-002', 'Openlane'),
('22IBT631ZQB560111', '22IBT631ZQB560111-002', 'Openlane'),
('5HJ7JGARQY7410384', '5HJ7JGARQY7410384-002', 'Openlane'),
('5JK48AIE01F557082', '5JK48AIE01F557082-002', 'Openlane'),
('6DBY3C036JZ509895', '6DBY3C036JZ509895-003', 'Openlane'),
('6DBY3C036JZ509895', '6DBY3C036JZ509895-004', 'Openlane'),
('7E5LCY5NETS057532', '7E5LCY5NETS057532-001', 'Openlane'),
('7UNLIZIDGDO334562', '7UNLIZIDGDO334562-001', 'Openlane'),
('AC4ZIL5XS7B075565', 'AC4ZIL5XS7B075565-001', 'Openlane'),
('AGIIPKOGTOH069031', 'AGIIPKOGTOH069031-002', 'Openlane'),
('AHCTXZIUNLT990408', 'AHCTXZIUNLT990408-006', 'Openlane'),
('C3FOQPRK48B009537', 'C3FOQPRK48B009537-001', 'Openlane'),
('DF6PFCH0AEX087065', 'DF6PFCH0AEX087065-003', 'Openlane'),
('EBZZN84J0L1163524', 'EBZZN84J0L1163524-006', 'Openlane'),
('G05OT6PRY0O583244', 'G05OT6PRY0O583244-004', 'Openlane'),
('GIOLVCOW6FP335188', 'GIOLVCOW6FP335188-002', 'Openlane'),
('GX7M6O4V208624783', 'GX7M6O4V208624783-004', 'Openlane'),
('HF61EINCEKB377113', 'HF61EINCEKB377113-005', 'Openlane'),
('KU7WAYY7WVW387657', 'KU7WAYY7WVW387657-001', 'Openlane'),
('KZS5B30QSTV993892', 'KZS5B30QSTV993892-001', 'Openlane'),
('N5W5FFXWBXO904639', 'N5W5FFXWBXO904639-002', 'Openlane'),
('NLS6KSCMBLK635055', 'NLS6KSCMBLK635055-001', 'Openlane'),
('NSMNR56SEOU091726', 'NSMNR56SEOU091726-003', 'Openlane'),
('O05A7ND5MR4856060', 'O05A7ND5MR4856060-004', 'Openlane'),
('OA2AULLS70C156569', 'OA2AULLS70C156569-002', 'Openlane'),
('OLSEKFK5ZQ6130350', 'OLSEKFK5ZQ6130350-003', 'Openlane'),
('S125FSF82QY167812', 'S125FSF82QY167812-003', 'Openlane'),
('S8IG7CS13D3171231', 'S8IG7CS13D3171231-001', 'Openlane'),
('T8VKW8BVR4S799169', 'T8VKW8BVR4S799169-003', 'Openlane'),
('TEMYOH4852J438131', 'TEMYOH4852J438131-002', 'Openlane'),
('U18BDQFC4ZV145556', 'U18BDQFC4ZV145556-003', 'Openlane'),
('VGDTPF85FW3798103', 'VGDTPF85FW3798103-004', 'Openlane'),
('XVHDHEYM76N276701', 'XVHDHEYM76N276701-001', 'Openlane'),
('XZ0NAXD65PB590052', 'XZ0NAXD65PB590052-001', 'Openlane'),
('YT768PDJ0NU591276', 'YT768PDJ0NU591276-001', 'Openlane'),
('16VZ2D5K2UA224265', '16VZ2D5K2UA224265-003', 'Opentech'),
('2P0M0KIT617709587', '2P0M0KIT617709587-002', 'Opentech'),
('4MXLVV84A6C633165', '4MXLVV84A6C633165-001', 'Opentech'),
('5GJZF82LII6385235', '5GJZF82LII6385235-001', 'Opentech'),
('5N8JUSLD214397601', '5N8JUSLD214397601-004', 'Opentech'),
('5N8JUSLD214397601', '5N8JUSLD214397601-005', 'Opentech'),
('635UCNTTHIF575495', '635UCNTTHIF575495-001', 'Opentech'),
('68OADH2QPOS933812', '68OADH2QPOS933812-004', 'Opentech'),
('75JPSZY0BUP284256', '75JPSZY0BUP284256-001', 'Opentech'),
('8ER23OFXZ1E916228', '8ER23OFXZ1E916228-001', 'Opentech'),
('8QC0CE5XB6N801356', '8QC0CE5XB6N801356-001', 'Opentech'),
('AGIIPKOGTOH069031', 'AGIIPKOGTOH069031-001', 'Opentech'),
('AHCTXZIUNLT990408', 'AHCTXZIUNLT990408-004', 'Opentech'),
('B0VBO26AVSF452216', 'B0VBO26AVSF452216-002', 'Opentech'),
('B8SSPH58WRS521686', 'B8SSPH58WRS521686-002', 'Opentech'),
('CLEGAGVNX62265577', 'CLEGAGVNX62265577-002', 'Opentech'),
('G0OMKKQI3ON337813', 'G0OMKKQI3ON337813-001', 'Opentech'),
('HRDP63I3VLX490165', 'HRDP63I3VLX490165-001', 'Opentech'),
('KGXXM02N16Y917081', 'KGXXM02N16Y917081-001', 'Opentech'),
('NIVJT1I8VH1312956', 'NIVJT1I8VH1312956-001', 'Opentech'),
('OEZQ7C5Q4IU531061', 'OEZQ7C5Q4IU531061-001', 'Opentech'),
('OLSEKFK5ZQ6130350', 'OLSEKFK5ZQ6130350-005', 'Opentech'),
('OWWSKLAS7QX817356', 'OWWSKLAS7QX817356-001', 'Opentech'),
('OWWSKLAS7QX817356', 'OWWSKLAS7QX817356-003', 'Opentech'),
('PA2KWUOB26B493992', 'PA2KWUOB26B493992-002', 'Opentech'),
('PHRGFZ1JX1M009627', 'PHRGFZ1JX1M009627-001', 'Opentech'),
('R5CKHASBUY3271404', 'R5CKHASBUY3271404-001', 'Opentech'),
('TEMYOH4852J438131', 'TEMYOH4852J438131-001', 'Opentech'),
('UFU8XLWSHBR469828', 'UFU8XLWSHBR469828-002', 'Opentech'),
('W7BJ0WMT3F1988589', 'W7BJ0WMT3F1988589-001', 'Opentech'),
('ZYJSI0PV1BK763098', 'ZYJSI0PV1BK763098-001', 'Opentech'),
('0S57SUJ4IC1640897', '0S57SUJ4IC1640897-002', 'Plusstrip'),
('0S57SUJ4IC1640897', '0S57SUJ4IC1640897-005', 'Plusstrip'),
('1RYAWHVZXTT082005', '1RYAWHVZXTT082005-002', 'Plusstrip'),
('1TY0OZ6776O551065', '1TY0OZ6776O551065-002', 'Plusstrip'),
('30TKOS7OOZE898754', '30TKOS7OOZE898754-002', 'Plusstrip'),
('5R18GDSB3CM032341', '5R18GDSB3CM032341-001', 'Plusstrip'),
('60BMLFB8XK5792806', '60BMLFB8XK5792806-001', 'Plusstrip'),
('6U7HLHZK3GP057957', '6U7HLHZK3GP057957-004', 'Plusstrip'),
('7E5LCY5NETS057532', '7E5LCY5NETS057532-002', 'Plusstrip'),
('7E5LCY5NETS057532', '7E5LCY5NETS057532-003', 'Plusstrip'),
('7O8R4N0I445396787', '7O8R4N0I445396787-002', 'Plusstrip'),
('8HVXXFQ4M58279132', '8HVXXFQ4M58279132-001', 'Plusstrip'),
('AB8O6IWO8YG995749', 'AB8O6IWO8YG995749-002', 'Plusstrip'),
('AXEV4VONGOV055454', 'AXEV4VONGOV055454-004', 'Plusstrip'),
('B8SSPH58WRS521686', 'B8SSPH58WRS521686-003', 'Plusstrip'),
('C15HS5VBR7W535537', 'C15HS5VBR7W535537-002', 'Plusstrip'),
('EEC7DB0AVX8841803', 'EEC7DB0AVX8841803-004', 'Plusstrip'),
('FQQN4F0Y2Y4911016', 'FQQN4F0Y2Y4911016-002', 'Plusstrip'),
('FQQN4F0Y2Y4911016', 'FQQN4F0Y2Y4911016-004', 'Plusstrip'),
('GH7NQUAAD1Z939191', 'GH7NQUAAD1Z939191-001', 'Plusstrip'),
('GLJRT76OYH0767251', 'GLJRT76OYH0767251-004', 'Plusstrip'),
('GX7M6O4V208624783', 'GX7M6O4V208624783-001', 'Plusstrip'),
('HE08QS6227G217277', 'HE08QS6227G217277-001', 'Plusstrip'),
('HRKE60F31H6918971', 'HRKE60F31H6918971-001', 'Plusstrip'),
('J2E2YCGES38415781', 'J2E2YCGES38415781-001', 'Plusstrip'),
('J5JOI16OKT3791181', 'J5JOI16OKT3791181-001', 'Plusstrip'),
('MSCYTFN5DLQ797580', 'MSCYTFN5DLQ797580-002', 'Plusstrip'),
('RIZTDYYGYS8802889', 'RIZTDYYGYS8802889-004', 'Plusstrip'),
('S4JI8BAZK6A762603', 'S4JI8BAZK6A762603-001', 'Plusstrip'),
('T2QRUXJS5OY889240', 'T2QRUXJS5OY889240-005', 'Plusstrip'),
('UQHSQ06Y242436882', 'UQHSQ06Y242436882-001', 'Plusstrip'),
('UY0J2ZE2WC4929234', 'UY0J2ZE2WC4929234-001', 'Plusstrip'),
('W0VVANUKDUY874182', 'W0VVANUKDUY874182-001', 'Plusstrip'),
('XJZQEGWAV7Q033418', 'XJZQEGWAV7Q033418-005', 'Plusstrip'),
('ZXLGMAQXH21862670', 'ZXLGMAQXH21862670-002', 'Plusstrip'),
('2MHCSVAPEB8589057', '2MHCSVAPEB8589057-001', 'Rangreen'),
('4YXU2TN1NJU843634', '4YXU2TN1NJU843634-001', 'Rangreen'),
('5A12HXO5U8T698581', '5A12HXO5U8T698581-001', 'Rangreen'),
('5GJZF82LII6385235', '5GJZF82LII6385235-004', 'Rangreen'),
('5JK48AIE01F557082', '5JK48AIE01F557082-004', 'Rangreen'),
('7E5LCY5NETS057532', '7E5LCY5NETS057532-005', 'Rangreen'),
('8SL0YJUFMTV627191', '8SL0YJUFMTV627191-002', 'Rangreen'),
('8SL0YJUFMTV627191', '8SL0YJUFMTV627191-003', 'Rangreen'),
('8T3FRD4XLHS244610', '8T3FRD4XLHS244610-002', 'Rangreen'),
('A7LI8UIU28Q222693', 'A7LI8UIU28Q222693-001', 'Rangreen'),
('CB7NB6TBLMD840841', 'CB7NB6TBLMD840841-002', 'Rangreen'),
('D4G0CTZMD2X930012', 'D4G0CTZMD2X930012-003', 'Rangreen'),
('EYJA4KTGDYQ015061', 'EYJA4KTGDYQ015061-001', 'Rangreen'),
('F2Q618FX05Z072513', 'F2Q618FX05Z072513-002', 'Rangreen'),
('FC5IOH7WXUG049482', 'FC5IOH7WXUG049482-002', 'Rangreen'),
('H8V4P7W7UDF905029', 'H8V4P7W7UDF905029-002', 'Rangreen'),
('HF61EINCEKB377113', 'HF61EINCEKB377113-003', 'Rangreen'),
('HKABMRUAW8E433308', 'HKABMRUAW8E433308-001', 'Rangreen'),
('JJJCTN8VPQ2786297', 'JJJCTN8VPQ2786297-001', 'Rangreen'),
('JQWZHRE1QQC616191', 'JQWZHRE1QQC616191-002', 'Rangreen'),
('KGXXM02N16Y917081', 'KGXXM02N16Y917081-002', 'Rangreen'),
('MSCYTFN5DLQ797580', 'MSCYTFN5DLQ797580-001', 'Rangreen'),
('OENGRAALQH3524656', 'OENGRAALQH3524656-002', 'Rangreen'),
('OLSEKFK5ZQ6130350', 'OLSEKFK5ZQ6130350-002', 'Rangreen'),
('OOXPL1JMKRX336822', 'OOXPL1JMKRX336822-002', 'Rangreen'),
('OTU0G7AR2Y1800976', 'OTU0G7AR2Y1800976-001', 'Rangreen'),
('PFWLPE5OM20960896', 'PFWLPE5OM20960896-001', 'Rangreen'),
('PT0IZH2QSM5433241', 'PT0IZH2QSM5433241-001', 'Rangreen'),
('T2QRUXJS5OY889240', 'T2QRUXJS5OY889240-003', 'Rangreen'),
('YB15CELIOAD030337', 'YB15CELIOAD030337-001', 'Rangreen'),
('Z7SSR7QXU3H868079', 'Z7SSR7QXU3H868079-002', 'Rangreen'),
('ZHWDPEKYMVO700411', 'ZHWDPEKYMVO700411-004', 'Rangreen'),
('ZIOUZCIZ0X5709697', 'ZIOUZCIZ0X5709697-003', 'Rangreen'),
('24PJSOHL7AV555541', '24PJSOHL7AV555541-003', 'Singletechno'),
('53WEVPX7H4X102116', '53WEVPX7H4X102116-001', 'Singletechno'),
('6AHSK5ZQ35S410112', '6AHSK5ZQ35S410112-003', 'Singletechno'),
('A4YNNJNA3YO795177', 'A4YNNJNA3YO795177-002', 'Singletechno'),
('AEDKYKWVSR5009618', 'AEDKYKWVSR5009618-002', 'Singletechno'),
('AEDKYKWVSR5009618', 'AEDKYKWVSR5009618-004', 'Singletechno'),
('AHCTXZIUNLT990408', 'AHCTXZIUNLT990408-005', 'Singletechno'),
('B0VBO26AVSF452216', 'B0VBO26AVSF452216-001', 'Singletechno'),
('C15HS5VBR7W535537', 'C15HS5VBR7W535537-001', 'Singletechno'),
('CKP0OYNPTQV900997', 'CKP0OYNPTQV900997-004', 'Singletechno'),
('DF6PFCH0AEX087065', 'DF6PFCH0AEX087065-001', 'Singletechno'),
('DU400SRFFTR031554', 'DU400SRFFTR031554-001', 'Singletechno'),
('EBZZN84J0L1163524', 'EBZZN84J0L1163524-005', 'Singletechno'),
('FF386522UXW088260', 'FF386522UXW088260-002', 'Singletechno'),
('FQQN4F0Y2Y4911016', 'FQQN4F0Y2Y4911016-005', 'Singletechno'),
('HRDP63I3VLX490165', 'HRDP63I3VLX490165-002', 'Singletechno'),
('HRDP63I3VLX490165', 'HRDP63I3VLX490165-003', 'Singletechno'),
('KY0VD426W8P596125', 'KY0VD426W8P596125-001', 'Singletechno'),
('MNBU50BFAWY569945', 'MNBU50BFAWY569945-001', 'Singletechno'),
('N75ES1SYYPY249965', 'N75ES1SYYPY249965-002', 'Singletechno'),
('PHRGFZ1JX1M009627', 'PHRGFZ1JX1M009627-002', 'Singletechno'),
('Q1JHCKXK6DM600820', 'Q1JHCKXK6DM600820-002', 'Singletechno'),
('QI0DMNKRDZJ539897', 'QI0DMNKRDZJ539897-006', 'Singletechno'),
('QS3WIP530WT059941', 'QS3WIP530WT059941-003', 'Singletechno'),
('RIZTDYYGYS8802889', 'RIZTDYYGYS8802889-001', 'Singletechno'),
('S125FSF82QY167812', 'S125FSF82QY167812-002', 'Singletechno'),
('S125FSF82QY167812', 'S125FSF82QY167812-005', 'Singletechno'),
('TD41PRPBYNQ799837', 'TD41PRPBYNQ799837-003', 'Singletechno'),
('UHTZCO50NI6402584', 'UHTZCO50NI6402584-001', 'Singletechno'),
('UHTZCO50NI6402584', 'UHTZCO50NI6402584-002', 'Singletechno'),
('VP0U4FNOL1Q272112', 'VP0U4FNOL1Q272112-002', 'Singletechno'),
('XJZQEGWAV7Q033418', 'XJZQEGWAV7Q033418-004', 'Singletechno'),
('YQPUSK3G3TY698091', 'YQPUSK3G3TY698091-001', 'Singletechno'),
('0OE58G1RATR240921', '0OE58G1RATR240921-002', 'Statholdings'),
('0S57SUJ4IC1640897', '0S57SUJ4IC1640897-004', 'Statholdings'),
('16VZ2D5K2UA224265', '16VZ2D5K2UA224265-001', 'Statholdings'),
('1NVXI5JXG3Q330243', '1NVXI5JXG3Q330243-004', 'Statholdings'),
('1NVXI5JXG3Q330243', '1NVXI5JXG3Q330243-006', 'Statholdings'),
('1SW1IVG7FRC996431', '1SW1IVG7FRC996431-001', 'Statholdings'),
('2A8QZNBMXTP305324', '2A8QZNBMXTP305324-002', 'Statholdings'),
('35F4JXSH0HA820194', '35F4JXSH0HA820194-002', 'Statholdings'),
('3DKKMGIZ7YP000949', '3DKKMGIZ7YP000949-003', 'Statholdings'),
('4MXLVV84A6C633165', '4MXLVV84A6C633165-002', 'Statholdings'),
('5GJZF82LII6385235', '5GJZF82LII6385235-002', 'Statholdings'),
('5JK48AIE01F557082', '5JK48AIE01F557082-001', 'Statholdings'),
('A2YAQD6KDWM503404', 'A2YAQD6KDWM503404-001', 'Statholdings'),
('A7LI8UIU28Q222693', 'A7LI8UIU28Q222693-005', 'Statholdings'),
('AXEV4VONGOV055454', 'AXEV4VONGOV055454-005', 'Statholdings'),
('EBZZN84J0L1163524', 'EBZZN84J0L1163524-002', 'Statholdings'),
('F4N3GC225MT163583', 'F4N3GC225MT163583-002', 'Statholdings'),
('GG7T8HJFVBJ354520', 'GG7T8HJFVBJ354520-001', 'Statholdings'),
('N7UGS5V1OX0015212', 'N7UGS5V1OX0015212-003', 'Statholdings'),
('NC50WA1NW00659248', 'NC50WA1NW00659248-001', 'Statholdings'),
('O05A7ND5MR4856060', 'O05A7ND5MR4856060-001', 'Statholdings'),
('O4YTYHUUGAY861024', 'O4YTYHUUGAY861024-003', 'Statholdings'),
('O5TDAJX7MJE979632', 'O5TDAJX7MJE979632-001', 'Statholdings'),
('OWWSKLAS7QX817356', 'OWWSKLAS7QX817356-005', 'Statholdings'),
('OYSBYKKMW7W431727', 'OYSBYKKMW7W431727-001', 'Statholdings'),
('RIZTDYYGYS8802889', 'RIZTDYYGYS8802889-002', 'Statholdings'),
('RM7H44T3Y51383174', 'RM7H44T3Y51383174-001', 'Statholdings'),
('TD41PRPBYNQ799837', 'TD41PRPBYNQ799837-001', 'Statholdings'),
('UHTZCO50NI6402584', 'UHTZCO50NI6402584-004', 'Statholdings'),
('UVZX51MOHHZ350304', 'UVZX51MOHHZ350304-002', 'Statholdings'),
('V4JVFR4YRS7140562', 'V4JVFR4YRS7140562-001', 'Statholdings'),
('W237VB7JQCR328314', 'W237VB7JQCR328314-002', 'Statholdings'),
('YOIOCT8QVK8729970', 'YOIOCT8QVK8729970-004', 'Statholdings'),
('YUSPPHQSZAJ981823', 'YUSPPHQSZAJ981823-001', 'Statholdings'),
('YUSPPHQSZAJ981823', 'YUSPPHQSZAJ981823-002', 'Statholdings'),
('ZWW7VOTXOEE355574', 'ZWW7VOTXOEE355574-002', 'Statholdings'),
('ZXLGMAQXH21862670', 'ZXLGMAQXH21862670-001', 'Statholdings'),
('1RYAWHVZXTT082005', '1RYAWHVZXTT082005-001', 'Sumace'),
('1RYAWHVZXTT082005', '1RYAWHVZXTT082005-003', 'Sumace'),
('1TY0OZ6776O551065', '1TY0OZ6776O551065-001', 'Sumace'),
('24PJSOHL7AV555541', '24PJSOHL7AV555541-004', 'Sumace'),
('3LQVMGKNRTE915571', '3LQVMGKNRTE915571-001', 'Sumace'),
('46B8UPAQCVW796829', '46B8UPAQCVW796829-001', 'Sumace'),
('53WEVPX7H4X102116', '53WEVPX7H4X102116-004', 'Sumace'),
('5N8JUSLD214397601', '5N8JUSLD214397601-001', 'Sumace'),
('5R18GDSB3CM032341', '5R18GDSB3CM032341-004', 'Sumace'),
('618DR7M1L2G015076', '618DR7M1L2G015076-001', 'Sumace'),
('68OADH2QPOS933812', '68OADH2QPOS933812-006', 'Sumace'),
('6AHSK5ZQ35S410112', '6AHSK5ZQ35S410112-001', 'Sumace'),
('AZJAEE6WIG0491218', 'AZJAEE6WIG0491218-002', 'Sumace'),
('D4G0CTZMD2X930012', 'D4G0CTZMD2X930012-001', 'Sumace'),
('G11UA2D181O142111', 'G11UA2D181O142111-001', 'Sumace'),
('GX7M6O4V208624783', 'GX7M6O4V208624783-006', 'Sumace'),
('H8V4P7W7UDF905029', 'H8V4P7W7UDF905029-003', 'Sumace'),
('K0JT3JN6GHR755604', 'K0JT3JN6GHR755604-001', 'Sumace'),
('NTLNBNESY0F523188', 'NTLNBNESY0F523188-001', 'Sumace'),
('O4YTYHUUGAY861024', 'O4YTYHUUGAY861024-004', 'Sumace'),
('OLSEKFK5ZQ6130350', 'OLSEKFK5ZQ6130350-004', 'Sumace'),
('PHRGFZ1JX1M009627', 'PHRGFZ1JX1M009627-003', 'Sumace'),
('RY17GJBS8P0724570', 'RY17GJBS8P0724570-001', 'Sumace'),
('SB0II3RK4J8108311', 'SB0II3RK4J8108311-001', 'Sumace'),
('SB0II3RK4J8108311', 'SB0II3RK4J8108311-002', 'Sumace'),
('TD41PRPBYNQ799837', 'TD41PRPBYNQ799837-002', 'Sumace'),
('UFU8XLWSHBR469828', 'UFU8XLWSHBR469828-001', 'Sumace'),
('UFU8XLWSHBR469828', 'UFU8XLWSHBR469828-004', 'Sumace'),
('UHTZCO50NI6402584', 'UHTZCO50NI6402584-003', 'Sumace'),
('VP0U4FNOL1Q272112', 'VP0U4FNOL1Q272112-004', 'Sumace'),
('YKDLFUYBDYA762942', 'YKDLFUYBDYA762942-001', 'Sumace'),
('1NVXI5JXG3Q330243', '1NVXI5JXG3Q330243-005', 'Sunnamplex'),
('3UZC10YHEMA746460', '3UZC10YHEMA746460-001', 'Sunnamplex'),
('46B8UPAQCVW796829', '46B8UPAQCVW796829-003', 'Sunnamplex'),
('5R18GDSB3CM032341', '5R18GDSB3CM032341-002', 'Sunnamplex'),
('635UCNTTHIF575495', '635UCNTTHIF575495-003', 'Sunnamplex'),
('68OADH2QPOS933812', '68OADH2QPOS933812-002', 'Sunnamplex'),
('68OADH2QPOS933812', '68OADH2QPOS933812-003', 'Sunnamplex'),
('6DBY3C036JZ509895', '6DBY3C036JZ509895-002', 'Sunnamplex'),
('6RQECM8EO3O323457', '6RQECM8EO3O323457-001', 'Sunnamplex'),
('761PGMYLX0T843950', '761PGMYLX0T843950-001', 'Sunnamplex'),
('7O8R4N0I445396787', '7O8R4N0I445396787-004', 'Sunnamplex'),
('A4YNNJNA3YO795177', 'A4YNNJNA3YO795177-001', 'Sunnamplex'),
('AEDKYKWVSR5009618', 'AEDKYKWVSR5009618-003', 'Sunnamplex'),
('AZJAEE6WIG0491218', 'AZJAEE6WIG0491218-001', 'Sunnamplex'),
('B0VBO26AVSF452216', 'B0VBO26AVSF452216-003', 'Sunnamplex'),
('B0VBO26AVSF452216', 'B0VBO26AVSF452216-004', 'Sunnamplex'),
('B6DYAUVZOLO290932', 'B6DYAUVZOLO290932-002', 'Sunnamplex'),
('BIUHHJZSI4O016585', 'BIUHHJZSI4O016585-001', 'Sunnamplex'),
('BKMITEBY1EN848184', 'BKMITEBY1EN848184-001', 'Sunnamplex'),
('C3FOQPRK48B009537', 'C3FOQPRK48B009537-003', 'Sunnamplex'),
('CZIU7B73Q86955353', 'CZIU7B73Q86955353-001', 'Sunnamplex'),
('ESYSVDN5WUF888037', 'ESYSVDN5WUF888037-002', 'Sunnamplex'),
('FF386522UXW088260', 'FF386522UXW088260-004', 'Sunnamplex'),
('G40AQJDVI68882229', 'G40AQJDVI68882229-001', 'Sunnamplex'),
('MAMDBMJQE5N094237', 'MAMDBMJQE5N094237-001', 'Sunnamplex'),
('N7UGS5V1OX0015212', 'N7UGS5V1OX0015212-001', 'Sunnamplex'),
('NC0WM0W6U38530017', 'NC0WM0W6U38530017-001', 'Sunnamplex'),
('NLS6KSCMBLK635055', 'NLS6KSCMBLK635055-002', 'Sunnamplex'),
('OOXPL1JMKRX336822', 'OOXPL1JMKRX336822-001', 'Sunnamplex'),
('QI0DMNKRDZJ539897', 'QI0DMNKRDZJ539897-005', 'Sunnamplex'),
('QS3WIP530WT059941', 'QS3WIP530WT059941-002', 'Sunnamplex'),
('RKZ4SH0SHZI670624', 'RKZ4SH0SHZI670624-002', 'Sunnamplex'),
('VP0U4FNOL1Q272112', 'VP0U4FNOL1Q272112-001', 'Sunnamplex'),
('VP0U4FNOL1Q272112', 'VP0U4FNOL1Q272112-003', 'Sunnamplex'),
('VP0U4FNOL1Q272112', 'VP0U4FNOL1Q272112-005', 'Sunnamplex'),
('1RYAWHVZXTT082005', '1RYAWHVZXTT082005-004', 'Xx-zobam'),
('30TKOS7OOZE898754', '30TKOS7OOZE898754-005', 'Xx-zobam'),
('5KP0CNPH5CW303661', '5KP0CNPH5CW303661-003', 'Xx-zobam'),
('635UCNTTHIF575495', '635UCNTTHIF575495-004', 'Xx-zobam'),
('75JPSZY0BUP284256', '75JPSZY0BUP284256-003', 'Xx-zobam'),
('7UNLIZIDGDO334562', '7UNLIZIDGDO334562-002', 'Xx-zobam'),
('AJW0OF78HVS865152', 'AJW0OF78HVS865152-002', 'Xx-zobam'),
('CZIU7B73Q86955353', 'CZIU7B73Q86955353-003', 'Xx-zobam'),
('FH3BO3MF7F8943017', 'FH3BO3MF7F8943017-001', 'Xx-zobam'),
('G05OT6PRY0O583244', 'G05OT6PRY0O583244-002', 'Xx-zobam'),
('GG7T8HJFVBJ354520', 'GG7T8HJFVBJ354520-002', 'Xx-zobam'),
('GX7M6O4V208624783', 'GX7M6O4V208624783-003', 'Xx-zobam'),
('GYAJMGYERH5049742', 'GYAJMGYERH5049742-001', 'Xx-zobam'),
('J2E2YCGES38415781', 'J2E2YCGES38415781-002', 'Xx-zobam'),
('M6J2KWLLUKW587077', 'M6J2KWLLUKW587077-003', 'Xx-zobam'),
('MAMDBMJQE5N094237', 'MAMDBMJQE5N094237-002', 'Xx-zobam'),
('MQRWSH8TDSA328716', 'MQRWSH8TDSA328716-002', 'Xx-zobam'),
('NSMNR56SEOU091726', 'NSMNR56SEOU091726-001', 'Xx-zobam'),
('O6FN2LHJYJP625193', 'O6FN2LHJYJP625193-002', 'Xx-zobam'),
('Q1JHCKXK6DM600820', 'Q1JHCKXK6DM600820-001', 'Xx-zobam'),
('S8IG7CS13D3171231', 'S8IG7CS13D3171231-002', 'Xx-zobam'),
('UDI7LAGS7QL483060', 'UDI7LAGS7QL483060-001', 'Xx-zobam'),
('UFU8XLWSHBR469828', 'UFU8XLWSHBR469828-003', 'Xx-zobam'),
('UY0J2ZE2WC4929234', 'UY0J2ZE2WC4929234-002', 'Xx-zobam'),
('X3SCPDYFXR1281696', 'X3SCPDYFXR1281696-001', 'Xx-zobam'),
('X6PGCLX142L353015', 'X6PGCLX142L353015-001', 'Xx-zobam'),
('YRAKHFEO0D1858938', 'YRAKHFEO0D1858938-001', 'Xx-zobam'),
('ZHWDPEKYMVO700411', 'ZHWDPEKYMVO700411-002', 'Xx-zobam'),
('2JJYDSM8ONT301410', '2JJYDSM8ONT301410-002', 'Zathunicon'),
('3UZC10YHEMA746460', '3UZC10YHEMA746460-002', 'Zathunicon'),
('4MXLVV84A6C633165', '4MXLVV84A6C633165-005', 'Zathunicon'),
('4MXLVV84A6C633165', '4MXLVV84A6C633165-006', 'Zathunicon'),
('53WEVPX7H4X102116', '53WEVPX7H4X102116-002', 'Zathunicon'),
('761PGMYLX0T843950', '761PGMYLX0T843950-002', 'Zathunicon'),
('7O8R4N0I445396787', '7O8R4N0I445396787-005', 'Zathunicon'),
('7UNLIZIDGDO334562', '7UNLIZIDGDO334562-005', 'Zathunicon'),
('8XV8E2COQQ0978402', '8XV8E2COQQ0978402-002', 'Zathunicon'),
('AHCTXZIUNLT990408', 'AHCTXZIUNLT990408-001', 'Zathunicon'),
('AXEV4VONGOV055454', 'AXEV4VONGOV055454-001', 'Zathunicon'),
('EFWM866BVP1512173', 'EFWM866BVP1512173-002', 'Zathunicon'),
('FC5IOH7WXUG049482', 'FC5IOH7WXUG049482-001', 'Zathunicon'),
('FH3BO3MF7F8943017', 'FH3BO3MF7F8943017-002', 'Zathunicon'),
('FQQN4F0Y2Y4911016', 'FQQN4F0Y2Y4911016-001', 'Zathunicon'),
('G11UA2D181O142111', 'G11UA2D181O142111-002', 'Zathunicon'),
('GIKGHMM5MB3457530', 'GIKGHMM5MB3457530-001', 'Zathunicon'),
('GX7M6O4V208624783', 'GX7M6O4V208624783-005', 'Zathunicon'),
('HF61EINCEKB377113', 'HF61EINCEKB377113-002', 'Zathunicon'),
('JQWZHRE1QQC616191', 'JQWZHRE1QQC616191-001', 'Zathunicon'),
('K0JT3JN6GHR755604', 'K0JT3JN6GHR755604-002', 'Zathunicon'),
('KIYLR1R5Q58616843', 'KIYLR1R5Q58616843-001', 'Zathunicon'),
('KUQE1AIER17796884', 'KUQE1AIER17796884-002', 'Zathunicon'),
('KZS5B30QSTV993892', 'KZS5B30QSTV993892-002', 'Zathunicon'),
('KZS5B30QSTV993892', 'KZS5B30QSTV993892-004', 'Zathunicon'),
('M6J2KWLLUKW587077', 'M6J2KWLLUKW587077-002', 'Zathunicon'),
('M8D0UVAUJWA611757', 'M8D0UVAUJWA611757-002', 'Zathunicon'),
('MSCYTFN5DLQ797580', 'MSCYTFN5DLQ797580-003', 'Zathunicon'),
('NC0WM0W6U38530017', 'NC0WM0W6U38530017-003', 'Zathunicon'),
('ONCCSRDH8DG971376', 'ONCCSRDH8DG971376-002', 'Zathunicon'),
('PA2KWUOB26B493992', 'PA2KWUOB26B493992-001', 'Zathunicon'),
('QX26HKQMAEQ650690', 'QX26HKQMAEQ650690-001', 'Zathunicon'),
('QYJ40J7KB2A426113', 'QYJ40J7KB2A426113-001', 'Zathunicon'),
('R2WXKMHKPXO142205', 'R2WXKMHKPXO142205-001', 'Zathunicon'),
('SYZI0ZHYVNY547468', 'SYZI0ZHYVNY547468-001', 'Zathunicon'),
('VYTVYSIRWI8110696', 'VYTVYSIRWI8110696-001', 'Zathunicon'),
('XNXLS5I71MA658964', 'XNXLS5I71MA658964-001', 'Zathunicon'),
('XZ0ZPNB3K0B900136', 'XZ0ZPNB3K0B900136-001', 'Zathunicon'),
('YOIOCT8QVK8729970', 'YOIOCT8QVK8729970-001', 'Zathunicon'),
('1SW1IVG7FRC996431', '1SW1IVG7FRC996431-002', 'Zoomit'),
('30TKOS7OOZE898754', '30TKOS7OOZE898754-004', 'Zoomit'),
('3LMQEJ637DV562400', '3LMQEJ637DV562400-004', 'Zoomit'),
('4PQ5C344WM2161232', '4PQ5C344WM2161232-002', 'Zoomit'),
('68OADH2QPOS933812', '68OADH2QPOS933812-005', 'Zoomit'),
('8T3FRD4XLHS244610', '8T3FRD4XLHS244610-001', 'Zoomit'),
('A1NMYTKAQVI515298', 'A1NMYTKAQVI515298-001', 'Zoomit'),
('C3FOQPRK48B009537', 'C3FOQPRK48B009537-004', 'Zoomit'),
('CLEGAGVNX62265577', 'CLEGAGVNX62265577-004', 'Zoomit'),
('CN7453KYD25674641', 'CN7453KYD25674641-002', 'Zoomit'),
('DBX6KOCPLNA744149', 'DBX6KOCPLNA744149-002', 'Zoomit'),
('DF6PFCH0AEX087065', 'DF6PFCH0AEX087065-002', 'Zoomit'),
('EBDPUOZW0UW750384', 'EBDPUOZW0UW750384-002', 'Zoomit'),
('ESYSVDN5WUF888037', 'ESYSVDN5WUF888037-001', 'Zoomit'),
('H8V4P7W7UDF905029', 'H8V4P7W7UDF905029-001', 'Zoomit'),
('HQC4QIGI5R0047396', 'HQC4QIGI5R0047396-001', 'Zoomit'),
('KUQE1AIER17796884', 'KUQE1AIER17796884-001', 'Zoomit'),
('KZS5B30QSTV993892', 'KZS5B30QSTV993892-003', 'Zoomit'),
('MNUX8DKOOQR070763', 'MNUX8DKOOQR070763-001', 'Zoomit'),
('ONCCSRDH8DG971376', 'ONCCSRDH8DG971376-001', 'Zoomit'),
('U0IW6RMXF3E643006', 'U0IW6RMXF3E643006-001', 'Zoomit'),
('VGDTPF85FW3798103', 'VGDTPF85FW3798103-005', 'Zoomit'),
('VYTVYSIRWI8110696', 'VYTVYSIRWI8110696-002', 'Zoomit'),
('X6PGCLX142L353015', 'X6PGCLX142L353015-004', 'Zoomit'),
('31WBMVJRBOT808956', '31WBMVJRBOT808956-003', 'Zumgoity'),
('5JK48AIE01F557082', '5JK48AIE01F557082-006', 'Zumgoity'),
('6AHSK5ZQ35S410112', '6AHSK5ZQ35S410112-002', 'Zumgoity'),
('8QC0CE5XB6N801356', '8QC0CE5XB6N801356-004', 'Zumgoity'),
('AB8O6IWO8YG995749', 'AB8O6IWO8YG995749-001', 'Zumgoity'),
('AEDKYKWVSR5009618', 'AEDKYKWVSR5009618-005', 'Zumgoity'),
('AJW0OF78HVS865152', 'AJW0OF78HVS865152-001', 'Zumgoity'),
('B8SSPH58WRS521686', 'B8SSPH58WRS521686-001', 'Zumgoity'),
('CN7453KYD25674641', 'CN7453KYD25674641-001', 'Zumgoity'),
('HF61EINCEKB377113', 'HF61EINCEKB377113-004', 'Zumgoity'),
('K0JT3JN6GHR755604', 'K0JT3JN6GHR755604-004', 'Zumgoity'),
('NC0WM0W6U38530017', 'NC0WM0W6U38530017-002', 'Zumgoity'),
('OWWSKLAS7QX817356', 'OWWSKLAS7QX817356-004', 'Zumgoity'),
('PT0IZH2QSM5433241', 'PT0IZH2QSM5433241-002', 'Zumgoity'),
('PXZGV28A8KN434243', 'PXZGV28A8KN434243-004', 'Zumgoity'),
('QI0DMNKRDZJ539897', 'QI0DMNKRDZJ539897-001', 'Zumgoity'),
('QI0DMNKRDZJ539897', 'QI0DMNKRDZJ539897-004', 'Zumgoity'),
('QYJ40J7KB2A426113', 'QYJ40J7KB2A426113-004', 'Zumgoity'),
('T2QRUXJS5OY889240', 'T2QRUXJS5OY889240-002', 'Zumgoity'),
('T8VKW8BVR4S799169', 'T8VKW8BVR4S799169-001', 'Zumgoity'),
('UDI7LAGS7QL483060', 'UDI7LAGS7QL483060-002', 'Zumgoity'),
('V0Y7R3VOND6385099', 'V0Y7R3VOND6385099-001', 'Zumgoity'),
('VGDTPF85FW3798103', 'VGDTPF85FW3798103-001', 'Zumgoity'),
('VX5ONWMXOWC092241', 'VX5ONWMXOWC092241-001', 'Zumgoity'),
('W237VB7JQCR328314', 'W237VB7JQCR328314-003', 'Zumgoity'),
('W65LU27EIAI574094', 'W65LU27EIAI574094-003', 'Zumgoity'),
('W7BJ0WMT3F1988589', 'W7BJ0WMT3F1988589-002', 'Zumgoity'),
('W7BJ0WMT3F1988589', 'W7BJ0WMT3F1988589-004', 'Zumgoity'),
('XJZQEGWAV7Q033418', 'XJZQEGWAV7Q033418-002', 'Zumgoity'),
('XVHDHEYM76N276701', 'XVHDHEYM76N276701-002', 'Zumgoity'),
('ZIOUZCIZ0X5709697', 'ZIOUZCIZ0X5709697-002', 'Zumgoity'),
('ZWW7VOTXOEE355574', 'ZWW7VOTXOEE355574-003', 'Zumgoity');

-- --------------------------------------------------------

--
-- Table structure for table `Salesperson`
--

CREATE TABLE `Salesperson` (
  `username` varchar(20) NOT NULL,
  `password` varchar(25) NOT NULL,
  `first_name` varchar(25) NOT NULL,
  `last_name` varchar(40) NOT NULL,
  `sales_staff_id` int(5) UNSIGNED NOT NULL
) ENGINE=InnoDB DEFAULT CHARSET=utf8mb4;

--
-- Dumping data for table `Salesperson`
--

INSERT INTO `Salesperson` (`username`, `password`, `first_name`, `last_name`, `sales_staff_id`) VALUES
('user08', 'pass08', 'Venita', 'Tolfree', 2),
('user09', 'pass09', 'Salena', 'Kalafatis', 3),
('user11', 'pass11', 'Serina', 'Worlds', 4),
('user13', 'pass13', 'Portia', 'Bowley', 5),
('user15', 'pass15', 'Ettie', 'Ruta', 6),
('user16', 'pass16', 'Felix', 'Perigo', 7),
('user17', 'pass17', 'Franklyn', 'Flosi', 8),
('user20', 'pass20', 'Simona', 'Halter', 9),
('user23', 'pass23', 'Aja', 'Hoa', 10),
('user25', 'pass25', 'Rozella', 'Chavous', 11);

-- --------------------------------------------------------

--
-- Table structure for table `Sales_Management_Staff`
--

CREATE TABLE `Sales_Management_Staff` (
  `sales_staff_id` int(5) UNSIGNED NOT NULL
) ENGINE=InnoDB DEFAULT CHARSET=utf8mb4;

--
-- Dumping data for table `Sales_Management_Staff`
--

INSERT INTO `Sales_Management_Staff` (`sales_staff_id`) VALUES
(1),
(2),
(3),
(4),
(5),
(6),
(7),
(8),
(9),
(10),
(11);

-- --------------------------------------------------------

--
-- Table structure for table `Sold_By`
--

CREATE TABLE `Sold_By` (
  `sales_staff_id` int(5) UNSIGNED NOT NULL,
  `vin` varchar(20) NOT NULL
) ENGINE=InnoDB DEFAULT CHARSET=utf8mb4;

--
-- Dumping data for table `Sold_By`
--

INSERT INTO `Sold_By` (`sales_staff_id`, `vin`) VALUES
(1, '2IFG4587RJD359460'),
(1, '31WBMVJRBOT808956'),
(1, '8SJQHUYKEFC732678'),
(1, 'GH7NQUAAD1Z939191'),
(1, 'I6UOSGEAZM7972498'),
(1, 'MNBU50BFAWY569945'),
(1, 'MNUX8DKOOQR070763'),
(1, 'MQRWSH8TDSA328716'),
(1, 'N7ZMWGACVJJ344732'),
(1, 'OOXPL1JMKRX336822'),
(1, 'QS3WIP530WT059941'),
(1, 'QYJ40J7KB2A426113'),
(1, 'XZ0NAXD65PB590052'),
(1, 'YHFU6N5VAEV603765'),
(2, '0T5ZIYO5EKW808246'),
(2, '1SW1IVG7FRC996431'),
(2, 'AXEV4VONGOV055454'),
(2, 'CLEGAGVNX62265577'),
(2, 'GYGIT50D08O204994'),
(2, 'H8V4P7W7UDF905029'),
(2, 'HRKE60F31H6918971'),
(2, 'OTU0G7AR2Y1800976'),
(2, 'OWWSKLAS7QX817356'),
(2, 'OZLYJHS882G443726'),
(2, 'RQUC5JRABDA463084'),
(2, 'S125FSF82QY167812'),
(2, 'T8VKW8BVR4S799169'),
(2, 'UDI7LAGS7QL483060'),
(2, 'V8TT1Z53XJ3351609'),
(2, 'VFRZ3NRGP3T720592'),
(2, 'VP0U4FNOL1Q272112'),
(2, 'W65LU27EIAI574094'),
(2, 'XJZQEGWAV7Q033418'),
(2, 'XVHDHEYM76N276701'),
(2, 'ZWW7VOTXOEE355574'),
(3, '14AFTWPBMU2455340'),
(3, '1TY0OZ6776O551065'),
(3, '35F4JXSH0HA820194'),
(3, '53WEVPX7H4X102116'),
(3, '5A77A0KQT4Q738091'),
(3, '5KP0CNPH5CW303661'),
(3, '8DD32HTIZXL090058'),
(3, 'AC4ZIL5XS7B075565'),
(3, 'D4G0CTZMD2X930012'),
(3, 'EBZZN84J0L1163524'),
(3, 'GX7M6O4V208624783'),
(3, 'HKABMRUAW8E433308'),
(3, 'N75ES1SYYPY249965'),
(3, 'O046TR5LOK8867896'),
(3, 'O3PWGTDH5TE469369'),
(3, 'OLSEKFK5ZQ6130350'),
(3, 'PFWLPE5OM20960896'),
(3, 'Q1JHCKXK6DM600820'),
(3, 'RKZ4SH0SHZI670624'),
(3, 'UFU8XLWSHBR469828'),
(3, 'UUWQM04TSAR411514'),
(3, 'VGDTPF85FW3798103'),
(3, 'W237VB7JQCR328314'),
(4, '1P4CYBF55BZ319515'),
(4, '2A8QZNBMXTP305324'),
(4, '5HJ7JGARQY7410384'),
(4, '8O3HA3XCMF8542802'),
(4, 'DF6PFCH0AEX087065'),
(4, 'EFWM866BVP1512173'),
(4, 'HFGE5WGL31N736304'),
(4, 'HRDP63I3VLX490165'),
(4, 'J5JOI16OKT3791181'),
(4, 'NIVJT1I8VH1312956'),
(4, 'NLS6KSCMBLK635055'),
(4, 'SB0II3RK4J8108311'),
(4, 'SYZI0ZHYVNY547468'),
(4, 'U0IW6RMXF3E643006'),
(4, 'UE0HIIE583S680065'),
(4, 'YOIOCT8QVK8729970'),
(5, '5JK48AIE01F557082'),
(5, '75JPSZY0BUP284256'),
(5, 'C4KG3DGR3ED999849'),
(5, 'DBX6KOCPLNA744149'),
(5, 'GIKGHMM5MB3457530'),
(5, 'MSCYTFN5DLQ797580'),
(5, 'O6FN2LHJYJP625193'),
(5, 'OLXWF14ZOUL948008'),
(5, 'XZ0ZPNB3K0B900136'),
(5, 'Y1DN8H2LGE6552424'),
(5, 'YT768PDJ0NU591276'),
(6, '0JF8RY7F203586325'),
(6, '30TKOS7OOZE898754'),
(6, '46B8UPAQCVW796829'),
(6, '4TSP05XM3T7777863'),
(6, '6D300ABH65P725391'),
(6, '6RQECM8EO3O323457'),
(6, 'A7LI8UIU28Q222693'),
(6, 'C5V8FLVFK1H700605'),
(6, 'ESYSVDN5WUF888037'),
(6, 'F1IB3FDW7VP443571'),
(6, 'G40AQJDVI68882229'),
(6, 'GIOLVCOW6FP335188'),
(6, 'HIAW0SH7XKK539730'),
(6, 'K0JT3JN6GHR755604'),
(6, 'N5W5FFXWBXO904639'),
(6, 'O5TDAJX7MJE979632'),
(6, 'S2HCFMZWQJY869785'),
(6, 'U18BDQFC4ZV145556'),
(6, 'UHTZCO50NI6402584'),
(6, 'X6PGCLX142L353015'),
(7, '1PHWGTVKSC5888281'),
(7, '3LMQEJ637DV562400'),
(7, '47WYW4D65K1598826'),
(7, '4MXLVV84A6C633165'),
(7, '7UNLIZIDGDO334562'),
(7, '8OU7JH0IJU6315337'),
(7, 'A1NMYTKAQVI515298'),
(7, 'AEDKYKWVSR5009618'),
(7, 'CO7U820ZYJ5637259'),
(7, 'JJJCTN8VPQ2786297'),
(7, 'M6J2KWLLUKW587077'),
(7, 'O05A7ND5MR4856060'),
(7, 'OA2AULLS70C156569'),
(7, 'PHRGFZ1JX1M009627'),
(7, 'V0CS6FK0F2L619952'),
(7, 'XX30JUKVDJS500158'),
(8, '014YJPHOCI4928433'),
(8, '16VZ2D5K2UA224265'),
(8, '2MHCSVAPEB8589057'),
(8, '3ZQSQH7KCWX963150'),
(8, '5A12HXO5U8T698581'),
(8, '73MVKB63GMJ964569'),
(8, 'EBDPUOZW0UW750384'),
(8, 'ELXTVDBEOKI657593'),
(8, 'FF386522UXW088260'),
(8, 'H0NTC0VHQRA123485'),
(8, 'MML51CMHAQ5564453'),
(8, 'NC0WM0W6U38530017'),
(8, 'OEZQ7C5Q4IU531061'),
(8, 'S8IG7CS13D3171231'),
(8, 'V0Y7R3VOND6385099'),
(8, 'VX5ONWMXOWC092241'),
(8, 'XNXLS5I71MA658964'),
(8, 'YB15CELIOAD030337'),
(9, '13AVT0QCFFF714899'),
(9, '4YXU2TN1NJU843634'),
(9, '5N8JUSLD214397601'),
(9, '68OADH2QPOS933812'),
(9, 'CKP0OYNPTQV900997'),
(9, 'DU400SRFFTR031554'),
(9, 'GLJRT76OYH0767251'),
(9, 'HE08QS6227G217277'),
(9, 'KGXXM02N16Y917081'),
(9, 'MAMDBMJQE5N094237'),
(9, 'N6FVBAYEJGB798051'),
(9, 'NSMNR56SEOU091726'),
(9, 'NTLNBNESY0F523188'),
(9, 'PA2KWUOB26B493992'),
(9, 'PT0IZH2QSM5433241'),
(9, 'PXZGV28A8KN434243'),
(9, 'W0VVANUKDUY874182'),
(9, 'YKDLFUYBDYA762942'),
(9, 'YRAKHFEO0D1858938'),
(9, 'ZIOUZCIZ0X5709697'),
(10, '4G1Z11HOQ3P797692'),
(10, '5GJZF82LII6385235'),
(10, '761PGMYLX0T843950'),
(10, '88KRF6X46P3045996'),
(10, '8KJNJ10WXLA842695'),
(10, 'AGIIPKOGTOH069031'),
(10, 'FZ1HFZ585WR955503'),
(10, 'HQC4QIGI5R0047396'),
(10, 'S4JI8BAZK6A762603'),
(10, 'W7BJ0WMT3F1988589'),
(10, 'ZHWDPEKYMVO700411'),
(11, '3DGXA813LBG126575'),
(11, '5HIL3GKIIB7639416'),
(11, '6DBY3C036JZ509895'),
(11, '6KWLNKZW7TB480162'),
(11, '7QIC6ZYHPQP552709'),
(11, '8CQ1LP4Q6N2279150'),
(11, '8HVXXFQ4M58279132'),
(11, '8SL0YJUFMTV627191'),
(11, 'AB8O6IWO8YG995749'),
(11, 'EUQV3A4A7F3196095'),
(11, 'F2Q618FX05Z072513'),
(11, 'G05OT6PRY0O583244'),
(11, 'GYAJMGYERH5049742'),
(11, 'JQWZHRE1QQC616191'),
(11, 'KU7WAYY7WVW387657'),
(11, 'KUQE1AIER17796884'),
(11, 'KY0VD426W8P596125'),
(11, 'O8HL8X6RF5B065063'),
(11, 'P7JYBE6FM26738497'),
(11, 'X3SCPDYFXR1281696'),
(11, 'Y7PCLTMP75Q590198'),
(11, 'YQPUSK3G3TY698091'),
(11, 'Z7SSR7QXU3H868079');

-- --------------------------------------------------------

--
-- Table structure for table `Vehicle`
--

CREATE TABLE `Vehicle` (
  `vin` varchar(20) NOT NULL,
  `vehicle_description` varchar(250) NOT NULL,
  `model_name` varchar(100) NOT NULL,
  `model_year` int(4) NOT NULL,
  `vehicle_condition` set('Excellent','Very Good','Good','Fair') DEFAULT NULL,
  `mileage` int(6) NOT NULL,
  `buyer_customer_id` int(30) UNSIGNED DEFAULT NULL,
  `seller_customer_id` int(30) UNSIGNED DEFAULT NULL,
  `price_sold` decimal(13,2) DEFAULT NULL,
  `sold_date` datetime DEFAULT NULL,
  `price_purchase` decimal(13,2) NOT NULL,
  `purchase_date` datetime NOT NULL
) ENGINE=InnoDB DEFAULT CHARSET=utf8mb4;

--
-- Dumping data for table `Vehicle`
--

INSERT INTO `Vehicle` (`vin`, `vehicle_description`, `model_name`, `model_year`, `vehicle_condition`, `mileage`, `buyer_customer_id`, `seller_customer_id`, `price_sold`, `sold_date`, `price_purchase`, `purchase_date`) VALUES
('014YJPHOCI4928433', 'modern dashboard; ', '500L', 2017, 'Excellent', 10235, 44, 139, '8043.06', '2019-04-05 00:00:00', '6339.92', '2019-03-06 00:00:00'),
('0JF8RY7F203586325', 'disc brake; ', 'A8 QUATTRO', 2013, 'Very Good', 58500, 84, 175, '3493.48', '2019-04-12 00:00:00', '2699.77', '2018-12-26 00:00:00'),
('0O3JJPHBUAP199412', 'rack and pinion steering; ', 'COMPASS', 2011, 'Very Good', 27964, NULL, 104, NULL, NULL, '1302.45', '2018-09-24 00:00:00'),
('0OE58G1RATR240921', 'anti-lock brake system (ABS); ', 'S', 2012, 'Very Good', 96105, NULL, 135, NULL, NULL, '3173.97', '2018-12-10 00:00:00'),
('0S57SUJ4IC1640897', 'broad wheelbase; ', '328I GT XDRIVE', 2019, 'Good', 3250, NULL, 200, NULL, NULL, '12605.68', '2018-11-15 00:00:00'),
('0T5ZIYO5EKW808246', 'anti-lock brake system (ABS); ', 'CASCADIA', 2013, 'Excellent', 30870, 159, 58, '3730.35', '2019-08-19 00:00:00', '2984.28', '2019-08-12 00:00:00'),
('13AVT0QCFFF714899', 'rack and pinion steering; ', 'PROMASTER 2500', 2016, 'Excellent', 42588, 157, 34, '9315.00', '2019-07-07 00:00:00', '6966.54', '2018-09-09 00:00:00'),
('14AFTWPBMU2455340', 'best suspension; ', 'ELISE', 2010, 'Good', 23001, 131, 166, '1733.59', '2019-03-29 00:00:00', '1386.87', '2019-01-20 00:00:00'),
('16VZ2D5K2UA224265', 'crumple zones; ', 'TRX500FPE FOURTRAX FOREMAN 4X4 ES W', 2008, 'Excellent', 2761, 75, 57, '5217.91', '2019-03-12 00:00:00', '4058.87', '2019-01-24 00:00:00'),
('17HGBSZJRPL452058', 'front wheel drive; ', 'MP4-12C', 2012, 'Fair', 74144, NULL, 178, NULL, NULL, '1621.36', '2019-03-05 00:00:00'),
('1H36B25NJNN984344', 'station wagon (Also known as wagon.); anti-lock brake system (ABS); ', 'RONDO', 2009, 'Very Good', 68840, NULL, 160, NULL, NULL, '1399.47', '2019-08-08 00:00:00'),
('1IXFVT6SR0P763165', 'autotachometer; ', 'CALIFORNIA', 2009, 'Good', 45349, NULL, 178, NULL, NULL, '3543.13', '2019-01-11 00:00:00'),
('1NVXI5JXG3Q330243', 'automatic valves; wide chassis; ', 'DURANGO', 2015, 'Excellent', 3812, NULL, 6, NULL, NULL, '4401.03', '2019-04-02 00:00:00'),
('1P4CYBF55BZ319515', 'engine displacement; ', 'FORFOUR', 2005, 'Excellent', 44652, 185, 102, '2320.70', '2019-08-29 00:00:00', '1833.76', '2019-07-31 00:00:00'),
('1PHWGTVKSC5888281', '', 'LIBERTY', 2011, 'Fair', 48500, 22, 96, '2787.89', '2019-07-23 00:00:00', '2193.45', '2018-08-18 00:00:00'),
('1RYAWHVZXTT082005', 'wide cam; ', 'FORTWO', 2008, 'Excellent', 47315, NULL, 191, NULL, NULL, '6162.25', '2018-09-28 00:00:00'),
('1SW1IVG7FRC996431', '', 'A4', 2011, 'Fair', 41765, 190, 124, '2474.12', '2019-05-03 00:00:00', '1833.48', '2018-10-13 00:00:00'),
('1TY0OZ6776O551065', 'super new ignition system; ', 'ESCALADE EXT', 2005, 'Fair', 114217, 40, 20, '3251.68', '2019-06-07 00:00:00', '2424.18', '2019-06-07 00:00:00'),
('1TYZPWJUY8S534217', 'automatic safety features; detail; great engine; ', '3 SPORT', 2009, 'Good', 181190, NULL, 140, NULL, NULL, '6140.59', '2018-09-19 00:00:00'),
('22IBT631ZQB560111', 'no understeer; ', 'CTX700', 2018, 'Very Good', 42294, NULL, 125, NULL, NULL, '3237.11', '2018-10-31 00:00:00'),
('24PJSOHL7AV555541', 'broad wheelbase; ', '750LI', 2011, 'Very Good', 96378, NULL, 174, NULL, NULL, '2564.84', '2018-11-10 00:00:00'),
('2A8QZNBMXTP305324', 'no redline; ', 'MAGENTIS', 2010, 'Excellent', 24948, 101, 79, '3604.81', '2018-12-23 00:00:00', '2675.98', '2018-10-31 00:00:00'),
('2IFG4587RJD359460', 'air filtration system; sport utility vehicle-SUV; ', 'P1', 2019, 'Good', 20792, 174, 9, '7652.78', '2019-08-10 00:00:00', '6122.22', '2019-07-02 00:00:00'),
('2JJYDSM8ONT301410', 'high differential; ', 'HP2 SPORT', 2009, 'Fair', 16232, NULL, 28, NULL, NULL, '3267.69', '2018-12-19 00:00:00'),
('2MHCSVAPEB8589057', 'great rpms; sturdy rear axle assembly; ', 'CORONADO', 2010, 'Fair', 60964, 199, 15, '6601.33', '2019-03-14 00:00:00', '5058.39', '2018-10-26 00:00:00'),
('2P0M0KIT617709587', 'sport utility vehicle-SUV; ', 'SIERRA 3500', 2003, 'Fair', 60724, NULL, 97, NULL, NULL, '4408.62', '2019-04-14 00:00:00'),
('30TKOS7OOZE898754', 'oversteer; best sedan; ', 'GRANTURISMO', 2013, 'Excellent', 203071, 123, 45, '5111.86', '2018-10-30 00:00:00', '3599.59', '2018-09-27 00:00:00'),
('31WBMVJRBOT808956', 'strong muffler; ', 'NITRO', 2009, 'Fair', 100072, 88, 87, '7423.02', '2019-05-17 00:00:00', '5294.21', '2018-07-29 00:00:00'),
('34LPXEKDI4K738049', 'autotachometer; ', 'M45', 2004, 'Good', 174720, NULL, 12, NULL, NULL, '4529.27', '2019-02-08 00:00:00'),
('35F4JXSH0HA820194', 'safe oil ring; all passive safety features; ', 'EL', 2002, 'Good', 17820, 185, 137, '1545.87', '2019-08-19 00:00:00', '1190.20', '2019-08-16 00:00:00'),
('37HKK6A8BK4624844', 'convertible; ', 'V40', 2003, 'Very Good', 34239, NULL, 121, NULL, NULL, '3523.87', '2019-06-17 00:00:00'),
('3DGXA813LBG126575', 'minivan; air filtration system; detail; ', 'EVORA', 2010, 'Good', 12806, 33, 118, '4388.60', '2019-08-27 00:00:00', '3510.88', '2019-07-10 00:00:00'),
('3DKKMGIZ7YP000949', 'anti-lock brake system (ABS); ', 'F650GS DAKAR', 2005, 'Very Good', 92525, NULL, 189, NULL, NULL, '1730.39', '2018-12-12 00:00:00'),
('3LMQEJ637DV562400', '', 'TRIBUTE', 2009, 'Good', 13560, 123, 77, '2617.83', '2018-07-31 00:00:00', '1770.79', '2018-07-19 00:00:00'),
('3LQVMGKNRTE915571', 'crankcase; wide cam; great engine; ', 'FX45', 2006, 'Good', 155381, NULL, 114, NULL, NULL, '4800.45', '2018-10-05 00:00:00'),
('3TOSZKDPVLP927027', 'wide transaxle; ', 'CHEROKEE', 2017, 'Fair', 143265, NULL, 133, NULL, NULL, '4453.63', '2018-10-10 00:00:00'),
('3UZC10YHEMA746460', 'oversteer; ', 'LX570', 2019, 'Very Good', 8698, NULL, 86, NULL, NULL, '52883.59', '2018-12-28 00:00:00'),
('3ZQSQH7KCWX963150', 'automatic torque converter; ', 'EL', 2004, 'Excellent', 135708, 10, 45, '1559.32', '2019-05-14 00:00:00', '1190.20', '2019-01-10 00:00:00'),
('46B8UPAQCVW796829', 'good gear; ', 'TERRAZA', 2005, 'Very Good', 11280, 143, 31, '3267.19', '2019-02-06 00:00:00', '2479.77', '2018-11-16 00:00:00'),
('47WYW4D65K1598826', 'small spark plug gap; ', 'CIRRUS', 2001, 'Very Good', 2463, 4, 110, '5191.95', '2019-03-28 00:00:00', '4153.56', '2018-12-01 00:00:00'),
('4G1Z11HOQ3P797692', 'hydraulic brakes; ', 'HIGHLANDER', 2019, 'Excellent', 4173, 119, 163, '23425.09', '2019-08-12 00:00:00', '18343.88', '2019-06-04 00:00:00'),
('4MXLVV84A6C633165', 'automatic transmission; wide chassis; ', 'ROADSTER', 2009, 'Fair', 13420, 56, 156, '6664.83', '2019-08-06 00:00:00', '4647.22', '2019-04-14 00:00:00'),
('4PQ5C344WM2161232', 'strong muffler; automatic safety features; ', 'V50', 2005, 'Good', 45144, NULL, 19, NULL, NULL, '1552.04', '2019-07-27 00:00:00'),
('4TSP05XM3T7777863', '', '4C', 2017, 'Fair', 17140, 74, 62, '13263.36', '2019-02-18 00:00:00', '10133.87', '2018-08-13 00:00:00'),
('4YXU2TN1NJU843634', 'wide cam; ', 'LIBERTY', 2012, 'Fair', 74124, 4, 182, '3009.68', '2019-07-22 00:00:00', '2193.45', '2019-07-12 00:00:00'),
('53WEVPX7H4X102116', 'best oil pump; sturdy side impact beams; ', 'CANTER FG4X4', 2013, 'Fair', 38498, 66, 85, '4187.55', '2019-02-23 00:00:00', '2911.84', '2018-10-31 00:00:00'),
('5A12HXO5U8T698581', '', 'MP4-12C', 2014, 'Excellent', 120300, 151, 133, '2076.17', '2019-04-13 00:00:00', '1621.36', '2019-04-12 00:00:00'),
('5A77A0KQT4Q738091', 'drum brake; ', 'COROLLA', 2011, 'Good', 24286, 124, 31, '4926.82', '2019-01-10 00:00:00', '3769.68', '2018-11-22 00:00:00'),
('5GJZF82LII6385235', 'supernew catalytic converter; ', 'MAXIMA', 2015, 'Good', 107850, 176, 188, '1620.62', '2019-01-26 00:00:00', '1196.28', '2018-10-11 00:00:00'),
('5HIL3GKIIB7639416', '', 'BUSINESS CLASS M2', 2006, 'Very Good', 11580, 103, 199, '1968.56', '2019-02-13 00:00:00', '1490.09', '2018-10-09 00:00:00'),
('5HJ7JGARQY7410384', 'air filtration system; ', '550 MARANELLO', 2002, 'Good', 16503, 173, 196, '4718.84', '2019-08-15 00:00:00', '3585.59', '2018-10-07 00:00:00'),
('5JK48AIE01F557082', '', 'EVORA', 2013, 'Fair', 183196, 182, 20, '5484.46', '2019-02-18 00:00:00', '3510.88', '2018-07-24 00:00:00'),
('5KP0CNPH5CW303661', 'original equipment manufacturer (OEM) parts; ', 'TRIBUTE', 2001, 'Excellent', 23184, 177, 69, '2557.48', '2019-03-09 00:00:00', '1770.79', '2018-07-26 00:00:00'),
('5N8JUSLD214397601', 'no understeer; minivan; ', '458 ITALIA', 2010, 'Fair', 99600, 191, 194, '6123.81', '2018-12-10 00:00:00', '4546.46', '2018-10-07 00:00:00'),
('5R18GDSB3CM032341', 'convertible; autotachometer; ', 'BLACKWOOD', 2002, 'Very Good', 17775, NULL, 148, NULL, NULL, '2552.23', '2019-03-25 00:00:00'),
('60BMLFB8XK5792806', 'manual transmission; ', 'ALLURE', 2005, 'Good', 61836, NULL, 124, NULL, NULL, '2053.30', '2018-07-13 00:00:00'),
('618DR7M1L2G015076', 'wide transaxle; ', 'GRAND CHEROKEE', 2009, 'Very Good', 188262, NULL, 170, NULL, NULL, '4634.14', '2019-01-06 00:00:00'),
('635UCNTTHIF575495', 'check the Monroney sticker - theer is nothing better than this vehicle; drive shaft; best sedan; ', 'MT55', 2008, 'Fair', 63913, NULL, 76, NULL, NULL, '1152.45', '2019-06-10 00:00:00'),
('68OADH2QPOS933812', 'rear wheel drive; ', 'CX-9', 2011, 'Very Good', 56866, 134, 115, '1953.39', '2019-05-07 00:00:00', '1373.26', '2019-01-30 00:00:00'),
('6AHSK5ZQ35S410112', 'rack and pinion steering; good gear; ', 'QX70', 2016, 'Very Good', 9060, NULL, 133, NULL, NULL, '3258.54', '2019-02-18 00:00:00'),
('6D300ABH65P725391', 'high volume cylinder; pickup; ', '8C', 2008, 'Very Good', 125635, 156, 137, '3373.73', '2019-06-24 00:00:00', '2698.98', '2019-02-10 00:00:00'),
('6DBY3C036JZ509895', 'best suspension; superturbocharger; ', 'QX50', 2018, 'Very Good', 179468, 41, 164, '2786.66', '2019-07-07 00:00:00', '1995.01', '2018-07-14 00:00:00'),
('6KWLNKZW7TB480162', 'coupe; best sedan; crankcase; ', 'BOXSTER', 2002, 'Good', 179082, 38, 5, '5549.05', '2018-09-14 00:00:00', '4178.02', '2018-07-17 00:00:00'),
('6RQECM8EO3O323457', 'best oil pump; automatic transmission; ', 'A8 QUATTRO', 2004, 'Excellent', 48705, 25, 17, '3539.72', '2019-05-03 00:00:00', '2699.77', '2019-01-02 00:00:00'),
('6U7HLHZK3GP057957', 'automatic valves; four-wheel drive; ', 'B9 TRIBECA', 2006, 'Fair', 51770, NULL, 81, NULL, NULL, '3151.52', '2018-12-25 00:00:00'),
('73MVKB63GMJ964569', 'best sedan; ', 'LEGACY', 2009, 'Fair', 6381, 115, 22, '7897.64', '2019-08-30 00:00:00', '5970.65', '2019-07-17 00:00:00'),
('75JPSZY0BUP284256', 'rack and pinion steering; overdrive; ', 'FK', 2001, 'Fair', 6381, 184, 138, '5559.71', '2019-06-17 00:00:00', '4079.31', '2018-07-27 00:00:00'),
('761PGMYLX0T843950', 'check the Monroney sticker - theer is nothing better than this vehicle; ', 'QUATTROPORTE', 2016, 'Very Good', 69012, 35, 68, '3755.04', '2019-04-12 00:00:00', '2691.08', '2018-08-19 00:00:00'),
('7E5LCY5NETS057532', 'engine displacement; ', 'STS', 2007, 'Fair', 150414, NULL, 107, NULL, NULL, '1552.15', '2018-12-06 00:00:00'),
('7O8R4N0I445396787', '', 'CARAVAN', 2003, 'Fair', 127582, NULL, 114, NULL, NULL, '4142.83', '2019-03-09 00:00:00'),
('7QIC6ZYHPQP552709', 'drum brake; sport utility vehicle-SUV; great rpms; ', 'CAYMAN', 2010, 'Very Good', 5096, 117, 87, '3360.14', '2019-06-21 00:00:00', '2508.62', '2019-01-26 00:00:00'),
('7UNLIZIDGDO334562', 'power train; check the Monroney sticker - theer is nothing better than this vehicle; ', 'EDGE', 2018, 'Very Good', 135676, 169, 7, '6848.05', '2019-06-03 00:00:00', '4664.37', '2019-06-02 00:00:00'),
('88KRF6X46P3045996', 'best radiator; ', 'XC70', 2004, 'Good', 5360, 165, 129, '4685.40', '2019-06-10 00:00:00', '3748.32', '2019-06-04 00:00:00'),
('8CQ1LP4Q6N2279150', 'high torque; wide transaxle; front axle assembly; ', 'SUPER V8', 2008, 'Good', 69548, 96, 129, '3178.75', '2019-05-21 00:00:00', '2543.00', '2019-02-05 00:00:00'),
('8DD32HTIZXL090058', 'high quality carburetor; ', 'SPORTAGE', 2008, 'Good', 78444, 159, 2, '5474.31', '2019-05-04 00:00:00', '4379.45', '2019-04-02 00:00:00'),
('8ER23OFXZ1E916228', 'sturdy side impact beams; very hard struts; ', 'LACROSSE', 2006, 'Very Good', 44565, NULL, 37, NULL, NULL, '2128.86', '2019-05-17 00:00:00'),
('8HVXXFQ4M58279132', 'engine displacement; ', 'TRIBECA', 2009, 'Good', 12934, 169, 166, '1468.56', '2019-07-16 00:00:00', '1102.92', '2019-06-21 00:00:00'),
('8KJNJ10WXLA842695', 'small spark plug gap; sturdy rear axle assembly; ', 'FE', 2003, 'Fair', 5859, 126, 174, '4403.08', '2019-08-23 00:00:00', '3267.86', '2019-08-18 00:00:00'),
('8O3HA3XCMF8542802', 'safe oil ring; ', 'GRANTURISMO', 2013, 'Excellent', 10233, 1, 155, '7439.45', '2018-08-17 00:00:00', '5951.56', '2018-08-08 00:00:00'),
('8OU7JH0IJU6315337', '', 'ENCLAVE', 2011, 'Very Good', 11556, 55, 198, '3834.66', '2019-06-25 00:00:00', '2770.71', '2019-02-03 00:00:00'),
('8QC0CE5XB6N801356', 'rack and pinion steering; ', 'S4', 2008, 'Very Good', 53160, NULL, 153, NULL, NULL, '1967.83', '2018-11-03 00:00:00'),
('8SJQHUYKEFC732678', 'automatic transmission; superturbocharger; ', 'ESPRIT', 2001, 'Fair', 80720, 159, 146, '2249.24', '2019-02-19 00:00:00', '1799.39', '2019-01-17 00:00:00'),
('8SL0YJUFMTV627191', 'coupe; ', 'BEETLE', 2009, 'Fair', 101382, 89, 160, '3268.61', '2019-05-17 00:00:00', '2446.53', '2018-12-10 00:00:00'),
('8T3FRD4XLHS244610', 'safe oil ring; ', 'FORTE5', 2013, 'Good', 84663, NULL, 113, NULL, NULL, '4085.76', '2018-10-20 00:00:00'),
('8X5CIATJ07I167727', 'sturdy side impact beams; ', 'FC70', 2002, 'Excellent', 52838, NULL, 196, NULL, NULL, '1030.80', '2019-02-14 00:00:00'),
('8XV8E2COQQ0978402', 'no understeer; ', 'SPORTAGE', 2012, 'Good', 57282, NULL, 16, NULL, NULL, '4379.45', '2019-02-16 00:00:00'),
('A1NMYTKAQVI515298', 'all passive safety features; power train; ', 'TORNADO', 2009, 'Excellent', 9572, 88, 81, '6293.27', '2019-04-22 00:00:00', '4685.16', '2018-10-18 00:00:00'),
('A2YAQD6KDWM503404', 'detail; ', 'COOPER COUNTRYMAN', 2012, 'Very Good', 6490, NULL, 35, NULL, NULL, '4361.25', '2019-02-19 00:00:00'),
('A4YNNJNA3YO795177', '', 'MKZ', 2008, 'Excellent', 61170, NULL, 144, NULL, NULL, '1467.95', '2019-04-21 00:00:00'),
('A7LI8UIU28Q222693', 'drive shaft; wide transaxle; ', 'CX-9', 2010, 'Fair', 9701, 61, 80, '2746.30', '2018-12-16 00:00:00', '1867.36', '2018-10-09 00:00:00'),
('AB8O6IWO8YG995749', 'crumple zones; ', 'XC90', 2005, 'Excellent', 139677, 129, 179, '3417.70', '2019-06-19 00:00:00', '2624.35', '2019-04-18 00:00:00'),
('ABCX0O07N6F519334', 'original equipment manufacturer (OEM) parts; modern dashboard; high torque; ', 'Q45', 2002, 'Excellent', 107835, NULL, 30, NULL, NULL, '6344.39', '2018-09-02 00:00:00'),
('AC4ZIL5XS7B075565', '', 'RX300', 2002, 'Very Good', 10500, 88, 137, '2264.72', '2019-07-16 00:00:00', '1787.32', '2019-04-14 00:00:00'),
('AEDKYKWVSR5009618', 'very hard struts; ', 'ARNAGE', 2005, 'Excellent', 43402, 145, 101, '4800.95', '2019-01-20 00:00:00', '3220.35', '2018-07-12 00:00:00'),
('AGIIPKOGTOH069031', 'air filtration system; ', 'CLK350', 2009, 'Very Good', 90120, 136, 188, '2614.98', '2019-07-20 00:00:00', '2049.55', '2018-12-05 00:00:00'),
('AHCTXZIUNLT990408', 'small spark plug gap; ', 'CANTER FE160', 2013, 'Very Good', 22882, NULL, 92, NULL, NULL, '1925.18', '2019-08-21 00:00:00'),
('AJW0OF78HVS865152', 'safe oil ring; ', 'SANTA FE', 2011, 'Fair', 45610, NULL, 143, NULL, NULL, '3114.45', '2018-10-30 00:00:00'),
('AXEV4VONGOV055454', 'coupe; ', 'GALLARDO', 2018, 'Fair', 11218, 136, 157, '30609.85', '2019-07-17 00:00:00', '19940.42', '2019-05-11 00:00:00'),
('AZJAEE6WIG0491218', 'automatic transmission; ', 'TOWN & COUNTRY', 2018, 'Excellent', 166980, NULL, 90, NULL, NULL, '1744.70', '2018-08-01 00:00:00'),
('B0VBO26AVSF452216', '', 'MP4-12C', 2012, 'Fair', 61380, NULL, 68, NULL, NULL, '1621.36', '2019-03-09 00:00:00'),
('B6DYAUVZOLO290932', 'small spark plug gap; electronic transmission; ', 'TL', 2007, 'Fair', 160404, NULL, 113, NULL, NULL, '3342.40', '2019-05-30 00:00:00'),
('B8SSPH58WRS521686', '', 'FG', 2003, 'Fair', 78488, NULL, 188, NULL, NULL, '1809.21', '2019-05-30 00:00:00'),
('BIUHHJZSI4O016585', '', 'GRANDE PUNTO', 2008, 'Good', 48786, NULL, 40, NULL, NULL, '2621.76', '2018-07-11 00:00:00'),
('BKMITEBY1EN848184', 'super new ignition system; great stabilizer bar; power train; ', 'CONTINENTAL', 2011, 'Good', 17956, NULL, 168, NULL, NULL, '1095.09', '2018-07-29 00:00:00'),
('C15HS5VBR7W535537', 'best sedan; ', 'COOPER', 2010, 'Excellent', 26434, NULL, 124, NULL, NULL, '4955.32', '2019-05-25 00:00:00'),
('C3FOQPRK48B009537', '', 'GRANTURISMO', 2012, 'Very Good', 102642, NULL, 176, NULL, NULL, '3599.59', '2018-08-01 00:00:00'),
('C4KG3DGR3ED999849', 'best possible traction; drum brake; crumple zones; ', 'QUATTROPORTE', 2005, 'Good', 200460, 180, 146, '3363.85', '2019-02-12 00:00:00', '2691.08', '2018-11-20 00:00:00'),
('C5V8FLVFK1H700605', '', 'XFR-S', 2019, 'Very Good', 150000, 94, 3, '3491.03', '2019-02-28 00:00:00', '2792.82', '2019-01-29 00:00:00'),
('CB7NB6TBLMD840841', 'very hard struts; ', 'IS250', 2011, 'Very Good', 158172, NULL, 22, NULL, NULL, '1398.77', '2018-07-04 00:00:00'),
('CKP0OYNPTQV900997', 'front axle assembly; ', 'TL', 2007, 'Very Good', 8971, 189, 134, '6330.74', '2019-06-30 00:00:00', '4030.27', '2019-04-27 00:00:00'),
('CLEGAGVNX62265577', 'rack and pinion steering; ', 'DURANGO', 2007, 'Excellent', 65368, 55, 186, '1651.82', '2018-12-25 00:00:00', '1177.50', '2018-10-18 00:00:00'),
('CN7453KYD25674641', 'best possible traction; safe oil ring; automatic torque converter; ', 'MKT', 2010, 'Good', 5310, NULL, 6, NULL, NULL, '4473.88', '2019-02-27 00:00:00'),
('CO7U820ZYJ5637259', 'engine displacement; ', 'AVENTADOR', 2012, 'Excellent', 17988, 146, 7, '7120.50', '2019-05-28 00:00:00', '5696.40', '2019-05-17 00:00:00'),
('CZIU7B73Q86955353', 'small spark plug gap; drive shaft; ', 'XK', 2013, 'Fair', 4182, NULL, 137, NULL, NULL, '3278.66', '2018-07-25 00:00:00'),
('D4G0CTZMD2X930012', 'all passive safety features; ', 'S5', 2008, 'Fair', 15214, 148, 117, '2010.68', '2019-04-24 00:00:00', '1506.42', '2018-12-02 00:00:00'),
('DBX6KOCPLNA744149', 'strong muffler; best sedan; ', 'M2 112', 2011, 'Excellent', 107691, 51, 182, '2176.36', '2019-07-28 00:00:00', '1610.13', '2019-06-07 00:00:00'),
('DEOLOLBLB64628851', 'best sedan; ', 'FORTWO', 2006, 'Good', 2097, NULL, 110, NULL, NULL, '15286.07', '2018-08-24 00:00:00'),
('DF6PFCH0AEX087065', 'automatic safety features; ', 'EXIGE', 2005, 'Good', 116792, 181, 173, '2932.05', '2019-03-11 00:00:00', '1880.13', '2018-12-26 00:00:00'),
('DFXSGTSKZHC186737', 'minivan; ', 'EXIGE', 2007, 'Good', 6416, NULL, 58, NULL, NULL, '3227.81', '2019-04-10 00:00:00'),
('DU400SRFFTR031554', 'strong muffler; front wheel drive; ', 'RAM 3500', 2010, 'Good', 149680, 88, 24, '2156.01', '2019-05-30 00:00:00', '1669.67', '2019-03-02 00:00:00'),
('E4BX1OSN5TZ951910', 'drive shaft; ', 'VTX1800N', 2006, 'Fair', 93240, NULL, 42, NULL, NULL, '2607.49', '2018-08-07 00:00:00'),
('EBDPUOZW0UW750384', 'superturbocharger; ', 'MITO', 2012, 'Very Good', 10249, 162, 167, '5566.27', '2019-07-09 00:00:00', '4138.31', '2019-02-28 00:00:00'),
('EBZZN84J0L1163524', 'Automotive Service Excellence (ASE); ', 'COOPER PACEMAN', 2016, 'Good', 19605, 136, 113, '4447.61', '2019-07-31 00:00:00', '3007.03', '2018-11-10 00:00:00'),
('EEC7DB0AVX8841803', 'rack and pinion steering; ', 'FL70', 2004, 'Excellent', 23544, NULL, 130, NULL, NULL, '3241.18', '2018-07-17 00:00:00'),
('EFWM866BVP1512173', '', 'RENDEZVOUS', 2004, 'Very Good', 10028, 61, 193, '7274.54', '2019-08-22 00:00:00', '5567.17', '2019-04-08 00:00:00'),
('ELXTVDBEOKI657593', 'pickup; active safety features; ', 'F430', 2007, 'Fair', 44946, 142, 44, '1872.56', '2019-03-21 00:00:00', '1479.92', '2018-10-14 00:00:00'),
('ESYSVDN5WUF888037', '', 'MKT', 2016, 'Good', 127780, 145, 109, '2711.78', '2019-08-23 00:00:00', '1999.05', '2019-06-17 00:00:00'),
('EUQV3A4A7F3196095', 'great rpms; unibody construction; rack and pinion steering; ', 'DBS', 2011, 'Fair', 86289, 56, 162, '1709.70', '2019-06-02 00:00:00', '1367.76', '2019-02-13 00:00:00'),
('EYJA4KTGDYQ015061', '', 'G35', 2006, 'Fair', 13675, NULL, 174, NULL, NULL, '1786.60', '2019-02-22 00:00:00'),
('F1IB3FDW7VP443571', 'automatic safety features; ', 'EXIGE', 2005, 'Excellent', 27460, 59, 144, '2350.16', '2019-07-21 00:00:00', '1880.13', '2019-04-26 00:00:00'),
('F2Q618FX05Z072513', 'crumple zones; ', 'ROADSTER', 2009, 'Excellent', 15774, 73, 184, '6209.08', '2019-08-19 00:00:00', '4647.22', '2019-04-18 00:00:00'),
('F4N3GC225MT163583', 'sturdy side impact beams; station wagon (Also known as wagon.); ', 'TUCSON', 2019, 'Excellent', 123708, NULL, 171, NULL, NULL, '1693.73', '2018-08-06 00:00:00'),
('FC5IOH7WXUG049482', 'great rpms; ', 'NV200', 2013, 'Excellent', 30784, NULL, 77, NULL, NULL, '1158.03', '2019-04-04 00:00:00'),
('FF386522UXW088260', 'rear wheel drive; ', 'PROTEGE', 2002, 'Fair', 69006, 148, 58, '5280.92', '2019-03-04 00:00:00', '3820.73', '2019-02-09 00:00:00'),
('FH3BO3MF7F8943017', 'best suspension; safe oil ring; super new ignition system; ', 'ECLIPSE', 2005, 'Excellent', 8477, NULL, 22, NULL, NULL, '5021.80', '2019-08-25 00:00:00'),
('FLFOADSEVDJ743887', '', 'RAM PICKUP', 2014, 'Fair', 105054, NULL, 126, NULL, NULL, '1287.58', '2019-04-05 00:00:00'),
('FQQN4F0Y2Y4911016', 'high differential; ', 'COOPER PACEMAN', 2018, 'Good', 17945, NULL, 125, NULL, NULL, '9506.01', '2018-08-01 00:00:00'),
('FZ1HFZ585WR955503', 'high quality carburetor; ', 'FS65', 2003, 'Good', 99636, 176, 184, '1667.45', '2019-06-22 00:00:00', '1261.61', '2019-04-21 00:00:00'),
('G05OT6PRY0O583244', 'rear wheel drive; ', 'F53', 2007, 'Fair', 126294, 44, 183, '2956.89', '2019-08-26 00:00:00', '2109.40', '2019-08-26 00:00:00'),
('G0OMKKQI3ON337813', '', 'S430', 2005, 'Excellent', 79844, NULL, 97, NULL, NULL, '1668.43', '2018-08-17 00:00:00'),
('G11UA2D181O142111', '', 'LS', 2002, 'Excellent', 87664, NULL, 74, NULL, NULL, '5220.68', '2018-10-05 00:00:00'),
('G40AQJDVI68882229', 'superturbocharger; Automotive Service Excellence (ASE); ultra new transmission; ', 'Q7', 2011, 'Excellent', 53815, 116, 163, '1411.64', '2019-08-08 00:00:00', '1125.46', '2019-06-29 00:00:00'),
('GG7T8HJFVBJ354520', 'Automotive Service Excellence (ASE); ', 'FK260', 2008, 'Good', 127155, NULL, 99, NULL, NULL, '1482.28', '2019-05-20 00:00:00'),
('GH7NQUAAD1Z939191', 'best sedan; very hard struts; ', 'FREELANDER', 2002, 'Excellent', 7955, 142, 9, '3305.73', '2019-03-21 00:00:00', '2642.36', '2018-08-31 00:00:00'),
('GIKGHMM5MB3457530', 'good gear; ', 'ECONOLINE VAN', 2011, 'Very Good', 79253, 31, 47, '5099.92', '2019-03-25 00:00:00', '3891.16', '2018-07-27 00:00:00'),
('GIOLVCOW6FP335188', 'fuel injection; crankcase; ', 'F-550 SUPER DUTY', 2010, 'Excellent', 166077, 87, 120, '1808.47', '2018-07-09 00:00:00', '1297.80', '2018-07-02 00:00:00'),
('GLJRT76OYH0767251', 'sturdy rear axle assembly; original equipment manufacturer (OEM) parts; ', 'RANGE ROVER SPORT', 2010, 'Excellent', 9558, 67, 169, '13133.79', '2019-01-02 00:00:00', '9193.60', '2018-09-26 00:00:00'),
('GX7M6O4V208624783', 'four-wheel drive; broad wheelbase; hydraulic brakes; ', 'COOPER COUNTRYMAN', 2012, 'Very Good', 35535, 31, 70, '2989.07', '2019-01-13 00:00:00', '1980.58', '2019-01-09 00:00:00'),
('GYAJMGYERH5049742', 'rack and pinion steering; ', 'W3500 TILTMASTER', 2005, 'Excellent', 61060, 5, 183, '3008.81', '2019-06-29 00:00:00', '2368.04', '2019-04-09 00:00:00'),
('GYGIT50D08O204994', 'superturbocharger; broad wheelbase; wide cam; ', 'S4', 2010, 'Fair', 21860, 172, 186, '2459.79', '2019-07-02 00:00:00', '1967.83', '2019-05-05 00:00:00'),
('H0NTC0VHQRA123485', 'check the Monroney sticker - theer is nothing better than this vehicle; front wheel drive; Automotive Service Excellence (ASE); ', 'POINTER', 2007, 'Excellent', 71414, 108, 199, '3116.25', '2019-07-09 00:00:00', '2441.34', '2019-03-29 00:00:00'),
('H8V4P7W7UDF905029', 'automatic safety features; ', 'CRAFTER', 2016, 'Very Good', 109944, 101, 15, '3517.73', '2019-07-15 00:00:00', '2427.03', '2019-05-28 00:00:00'),
('HE08QS6227G217277', 'rear wheel drive; ', 'POINTER', 2004, 'Excellent', 23590, 200, 150, '3262.30', '2019-04-20 00:00:00', '2441.34', '2019-01-11 00:00:00'),
('HF61EINCEKB377113', 'rack and pinion steering; ', '530I', 2012, 'Excellent', 28366, NULL, 156, NULL, NULL, '3032.39', '2019-08-22 00:00:00'),
('HFGE5WGL31N736304', 'best oil pump; safe oil ring; engine displacement; ', '458 ITALIA', 2013, 'Good', 176243, 52, 71, '5683.08', '2019-05-22 00:00:00', '4546.46', '2019-03-05 00:00:00'),
('HHZ4SJBSKCM132962', 'best suspension; ', 'SANTA FE', 2016, 'Very Good', 12556, NULL, 50, NULL, NULL, '7751.23', '2019-04-17 00:00:00'),
('HIAW0SH7XKK539730', 'can be used as sports car; ', 'FORESTER', 2004, 'Good', 28173, 41, 90, '3539.42', '2019-08-09 00:00:00', '2785.98', '2019-07-19 00:00:00'),
('HKABMRUAW8E433308', 'broad wheelbase; convertible; ', 'CABRIO', 2005, 'Excellent', 21388, 65, 48, '4006.43', '2019-08-30 00:00:00', '3047.14', '2019-07-05 00:00:00'),
('HQC4QIGI5R0047396', 'wide chassis; ', 'LACROSSE', 2016, 'Excellent', 34400, 4, 164, '2856.64', '2018-08-30 00:00:00', '2128.86', '2018-07-12 00:00:00'),
('HRDP63I3VLX490165', 'four-wheel drive; ', 'LEGACY', 2010, 'Good', 82215, 75, 126, '4600.20', '2019-03-08 00:00:00', '3273.74', '2018-11-28 00:00:00'),
('HRKE60F31H6918971', 'automatic torque converter; sturdy rear axle assembly; ', 'REGAL', 2003, 'Very Good', 93482, 190, 32, '2347.29', '2019-08-30 00:00:00', '1777.13', '2019-08-30 00:00:00'),
('I6UOSGEAZM7972498', '', 'GALLARDO', 2011, 'Good', 17479, 137, 163, '5240.41', '2019-06-01 00:00:00', '4192.33', '2018-11-17 00:00:00'),
('J2E2YCGES38415781', 'detail; automatic safety features; ', 'CORVETTE', 2004, 'Very Good', 122511, NULL, 102, NULL, NULL, '3895.29', '2018-07-27 00:00:00'),
('J5JOI16OKT3791181', 'no backfire/backfiring; ', 'C7500 TOPKICK', 2003, 'Fair', 15495, 75, 139, '1367.22', '2019-08-30 00:00:00', '1072.05', '2019-05-17 00:00:00'),
('JJJCTN8VPQ2786297', 'manual transmission; fuel injection; ', 'P1', 2016, 'Good', 134240, 43, 111, '2243.79', '2019-08-03 00:00:00', '1593.66', '2019-05-13 00:00:00'),
('JQWZHRE1QQC616191', 'automatic torque converter; ', 'S-TYPE', 2001, 'Good', 35180, 15, 195, '1721.91', '2019-06-17 00:00:00', '1290.70', '2019-06-03 00:00:00'),
('K0JT3JN6GHR755604', 'check the Monroney sticker - theer is nothing better than this vehicle; ', 'ARMADA', 2012, 'Excellent', 76722, 12, 77, '2892.83', '2019-08-21 00:00:00', '1991.11', '2018-10-21 00:00:00'),
('K3E2NL0ALH6201724', 'power train; check the Monroney sticker - theer is nothing better than this vehicle; ', 'MARK LT', 2012, 'Fair', 8712, NULL, 197, NULL, NULL, '3685.23', '2018-11-06 00:00:00'),
('KFWC2DGXLXB344224', 'automatic torque converter; ', 'ELISE', 2008, 'Fair', 17970, NULL, 181, NULL, NULL, '1386.87', '2019-05-15 00:00:00'),
('KGXXM02N16Y917081', 'original equipment manufacturer (OEM) parts; convertible; ', 'A6 QUATTRO', 2010, 'Good', 42112, 174, 41, '5357.99', '2019-08-15 00:00:00', '4081.35', '2019-03-07 00:00:00'),
('KGZT23UL65F408436', 'sport utility vehicle-SUV; ', 'PASSAT', 2010, 'Excellent', 15750, NULL, 188, NULL, NULL, '1782.63', '2019-08-09 00:00:00'),
('KIYLR1R5Q58616843', 'sturdy rear axle assembly; best suspension; ', 'FSC600 SILVER WING', 2009, 'Very Good', 56980, NULL, 52, NULL, NULL, '1540.14', '2018-10-09 00:00:00'),
('KU7WAYY7WVW387657', '', 'S', 2013, 'Very Good', 52260, 62, 160, '4380.63', '2019-07-17 00:00:00', '3173.97', '2019-01-25 00:00:00'),
('KUQE1AIER17796884', 'power train; ', 'CONDOR', 2001, 'Good', 236700, 75, 49, '4561.59', '2019-07-16 00:00:00', '3441.36', '2019-05-29 00:00:00'),
('KY0VD426W8P596125', '', 'PASSAT', 2001, 'Fair', 5323, 105, 145, '2396.61', '2019-04-25 00:00:00', '1845.73', '2018-12-27 00:00:00'),
('KZS5B30QSTV993892', 'overdrive; ', 'FORTWO', 2008, 'Good', 38056, NULL, 38, NULL, NULL, '6162.25', '2019-01-25 00:00:00'),
('LLDC1OCSTQ1651823', 'high block; ', 'MARK LT', 2006, 'Good', 20940, NULL, 110, NULL, NULL, '2096.74', '2019-08-27 00:00:00'),
('M6J2KWLLUKW587077', '', 'SUBURBAN', 2015, 'Very Good', 73801, 120, 78, '7176.06', '2019-08-09 00:00:00', '5383.12', '2019-02-21 00:00:00'),
('M8D0UVAUJWA611757', 'anti-lock brake system (ABS); automatic valves; ', 'DB9', 2019, 'Very Good', 199284, NULL, 134, NULL, NULL, '3679.37', '2019-03-14 00:00:00'),
('MAMDBMJQE5N094237', 'automatic torque converter; ', 'VELOSTER', 2012, 'Fair', 11678, 102, 61, '2449.30', '2019-03-15 00:00:00', '1813.46', '2018-11-04 00:00:00'),
('MML51CMHAQ5564453', '', 'TL', 2012, 'Excellent', 78660, 31, 191, '4278.32', '2019-07-31 00:00:00', '3342.40', '2019-05-18 00:00:00'),
('MNBU50BFAWY569945', 'ultra new transmission; ', 'LACROSSE', 2013, 'Good', 174428, 181, 184, '2784.81', '2019-06-12 00:00:00', '2128.86', '2018-11-29 00:00:00'),
('MNUX8DKOOQR070763', 'active safety features; ', 'MP4-12C', 2019, 'Excellent', 27728, 144, 3, '5359.70', '2018-10-16 00:00:00', '3979.46', '2018-09-25 00:00:00'),
('MQRWSH8TDSA328716', 'active safety features; innovative air bags; ', 'SAVANA 2500', 2013, 'Good', 12993, 57, 16, '2958.82', '2019-05-10 00:00:00', '2250.10', '2019-05-05 00:00:00'),
('MSCYTFN5DLQ797580', 'safe oil ring; ', 'A3', 2016, 'Very Good', 85510, 58, 4, '2078.75', '2019-08-23 00:00:00', '1560.43', '2019-01-20 00:00:00'),
('N5W5FFXWBXO904639', '', 'T6500', 2006, 'Fair', 103777, 161, 125, '1604.54', '2019-08-27 00:00:00', '1176.85', '2019-08-27 00:00:00'),
('N6FVBAYEJGB798051', 'automatic torque converter; air filtration system; ', 'CONTINENTAL', 2004, 'Excellent', 155116, 122, 17, '1368.86', '2019-08-30 00:00:00', '1095.09', '2019-08-30 00:00:00'),
('N75ES1SYYPY249965', 'safe oil ring; all passive safety features; high block; ', 'ENVOY', 2003, 'Excellent', 178044, 130, 188, '7061.70', '2019-06-26 00:00:00', '5402.32', '2018-10-06 00:00:00'),
('N7UGS5V1OX0015212', 'good piston; ', 'C/V', 2018, 'Excellent', 84892, NULL, 37, NULL, NULL, '3524.08', '2019-07-07 00:00:00'),
('N7ZMWGACVJJ344732', 'high torque; ', 'CASCADIA', 2011, 'Excellent', 90796, 84, 148, '3730.35', '2019-08-19 00:00:00', '2984.28', '2019-08-11 00:00:00'),
('NC0WM0W6U38530017', '', 'TUCSON', 2006, 'Very Good', 115332, 30, 177, '2227.34', '2019-01-03 00:00:00', '1693.73', '2018-09-03 00:00:00'),
('NC50WA1NW00659248', 'no backfire/backfiring; ', 'ELISE', 2010, 'Fair', 4760, NULL, 51, NULL, NULL, '3256.38', '2018-09-26 00:00:00'),
('ND31ETCB3XK917122', 'oversteer; ', 'ELANTRA', 2004, 'Excellent', 53085, NULL, 30, NULL, NULL, '1903.76', '2018-12-11 00:00:00'),
('NIVJT1I8VH1312956', '', 'ESPRIT', 2001, 'Good', 157180, 140, 67, '2254.57', '2018-12-18 00:00:00', '1799.39', '2018-09-06 00:00:00'),
('NLS6KSCMBLK635055', 'modern dashboard; ', 'CLASSIC XL', 2003, 'Very Good', 78785, 119, 63, '4073.40', '2019-02-27 00:00:00', '3120.57', '2018-07-24 00:00:00'),
('NSMNR56SEOU091726', 'drum brake; ', 'FX35', 2008, 'Very Good', 18465, 2, 153, '7886.72', '2019-04-30 00:00:00', '5606.51', '2018-08-24 00:00:00'),
('NTLNBNESY0F523188', 'supernew catalytic converter; automatic torque converter; ', 'FORTWO', 2012, 'Excellent', 67542, 144, 151, '7941.46', '2019-03-18 00:00:00', '6162.25', '2019-03-17 00:00:00'),
('NVCHGAN36U0977013', 'sturdy side impact beams; gap; ', 'MURCIELAGO', 2001, 'Very Good', 8673, NULL, 54, NULL, NULL, '2457.79', '2018-12-13 00:00:00'),
('O046TR5LOK8867896', 'superturbocharger; ', 'X', 2015, 'Very Good', 84510, 83, 139, '2803.83', '2019-05-12 00:00:00', '2243.06', '2019-03-14 00:00:00'),
('O05A7ND5MR4856060', '', 'CALIFORNIA', 2011, 'Good', 86670, 22, 131, '5159.07', '2019-03-26 00:00:00', '3543.13', '2019-03-18 00:00:00'),
('O3PWGTDH5TE469369', 'drum brake; oversteer; high volume cylinder; ', 'ROADSTER', 2009, 'Very Good', 33040, 127, 91, '5809.03', '2019-06-12 00:00:00', '4647.22', '2018-11-11 00:00:00'),
('O4YTYHUUGAY861024', 'manual transmission; great stabilizer bar; superturbocharger; ', 'S6', 2011, 'Excellent', 114108, NULL, 69, NULL, NULL, '7297.47', '2019-06-19 00:00:00'),
('O5TDAJX7MJE979632', 'wide chassis; good gear; crankcase; ', 'PATRIOT', 2019, 'Very Good', 64410, 37, 77, '1576.05', '2019-01-13 00:00:00', '1182.72', '2018-09-26 00:00:00'),
('O6FN2LHJYJP625193', 'station wagon (Also known as wagon.); ', 'DAKOTA', 2011, 'Fair', 216924, 81, 121, '5954.27', '2019-07-21 00:00:00', '4321.02', '2019-05-01 00:00:00'),
('O8HL8X6RF5B065063', 'automatic valves; great engine; ', 'GS300', 2005, 'Good', 1858, 105, 159, '10977.26', '2019-03-30 00:00:00', '8781.81', '2018-07-29 00:00:00'),
('OA2AULLS70C156569', 'wide cam; ', 'CABSTAR E', 2008, 'Good', 154051, 108, 192, '1746.33', '2019-04-19 00:00:00', '1277.25', '2018-09-26 00:00:00'),
('OENGRAALQH3524656', 'fuel injection; sturdy rear axle assembly; ', 'COOPER', 2016, 'Very Good', 182940, NULL, 52, NULL, NULL, '4955.32', '2018-08-29 00:00:00'),
('OEZQ7C5Q4IU531061', 'pickup; ', 'MP4-12C', 2012, 'Very Good', 24735, 144, 122, '2161.36', '2018-12-07 00:00:00', '1621.36', '2018-07-25 00:00:00'),
('OLSEKFK5ZQ6130350', 'crumple zones; good piston; ', 'YARIS', 2007, 'Good', 12168, 132, 160, '2202.89', '2019-04-21 00:00:00', '1520.94', '2019-04-09 00:00:00'),
('OLXWF14ZOUL948008', 'original equipment manufacturer (OEM) parts; ', 'SILVERADO 1500', 2001, 'Fair', 160600, 42, 118, '3267.11', '2019-06-28 00:00:00', '2613.69', '2018-07-16 00:00:00'),
('ONCCSRDH8DG971376', 'high torque; ', 'MP4-12C', 2014, 'Good', 229800, NULL, 11, NULL, NULL, '1621.36', '2018-08-30 00:00:00'),
('OOXPL1JMKRX336822', 'manual transmission; normally aspirated; ', 'CAYENNE', 2004, 'Good', 32888, 168, 199, '4685.47', '2019-03-24 00:00:00', '3419.29', '2019-03-16 00:00:00'),
('OTU0G7AR2Y1800976', '', 'C240', 2003, 'Very Good', 31068, 125, 131, '3329.99', '2019-08-08 00:00:00', '2500.52', '2019-07-20 00:00:00'),
('OWWSKLAS7QX817356', 'high block; sport utility vehicle-SUV; ', 'POINTER', 2004, 'Good', 15501, 97, 94, '3695.45', '2019-08-07 00:00:00', '2441.34', '2019-08-02 00:00:00'),
('OYSBYKKMW7W431727', 'wide cam; ', 'BUSINESS CLASS M2', 2010, 'Very Good', 118070, NULL, 176, NULL, NULL, '1490.09', '2019-05-22 00:00:00'),
('OZLYJHS882G443726', 'no redline; ', 'PATRIOT', 2010, 'Excellent', 166990, 36, 30, '1478.40', '2019-07-16 00:00:00', '1182.72', '2019-02-16 00:00:00'),
('P7JYBE6FM26738497', 'ultra new transmission; ', 'FE145CC', 2007, 'Good', 72294, 32, 147, '2069.30', '2019-07-03 00:00:00', '1599.91', '2019-04-23 00:00:00'),
('PA2KWUOB26B493992', 'rear wheel drive; ', 'VANQUISH', 2005, 'Excellent', 23874, 69, 37, '4820.14', '2019-07-23 00:00:00', '3652.23', '2019-04-25 00:00:00'),
('PC2PIB7R435527094', '', 'ESPRIT', 2002, 'Fair', 18460, NULL, 200, NULL, NULL, '1799.39', '2019-07-24 00:00:00'),
('PFWLPE5OM20960896', 'detail; strong muffler; ', 'TRX90 SPORTRAX', 2003, 'Excellent', 56352, 139, 114, '1323.56', '2019-08-16 00:00:00', '1025.97', '2019-07-19 00:00:00'),
('PHRGFZ1JX1M009627', '', 'LAND CRUISER', 2006, 'Good', 74463, 167, 145, '3569.84', '2019-01-05 00:00:00', '2528.53', '2018-10-04 00:00:00'),
('PT0IZH2QSM5433241', 'air filtration system; ', 'COOPER PACEMAN', 2015, 'Fair', 28996, 20, 46, '3501.45', '2019-05-29 00:00:00', '2786.87', '2019-05-28 00:00:00'),
('PXZGV28A8KN434243', 'best suspension; innovative air bags; crumple zones; ', 'MAGENTIS', 2002, 'Fair', 24391, 87, 117, '3935.90', '2019-07-02 00:00:00', '2675.98', '2019-04-22 00:00:00'),
('Q1HYKIDXI01152504', '', 'ALLURE', 2010, 'Excellent', 42912, NULL, 70, NULL, NULL, '2053.30', '2019-06-24 00:00:00'),
('Q1JHCKXK6DM600820', 'best possible traction; ', 'X1', 2013, 'Excellent', 40984, 182, 147, '4228.22', '2019-04-09 00:00:00', '3271.51', '2018-08-31 00:00:00'),
('QAQB3WCYJNT227228', 'best oil pump; ', '456 M GTA', 2004, 'Very Good', 20956, NULL, 79, NULL, NULL, '1945.01', '2018-11-25 00:00:00'),
('QI0DMNKRDZJ539897', 'rear wheel drive; ', 'NV200', 2016, 'Excellent', 62077, NULL, 94, NULL, NULL, '1158.03', '2019-03-05 00:00:00'),
('QS3WIP530WT059941', 'strong muffler; front wheel drive; ', 'TL', 2003, 'Very Good', 16040, 64, 143, '4518.05', '2019-05-06 00:00:00', '3342.40', '2018-10-18 00:00:00'),
('QX26HKQMAEQ650690', 'wide cam; ', 'F430', 2009, 'Excellent', 77264, NULL, 25, NULL, NULL, '1479.92', '2019-08-20 00:00:00'),
('QYJ40J7KB2A426113', 'unibody construction; ', 'MURCIELAGO', 2003, 'Good', 5070, 78, 174, '5416.13', '2019-08-16 00:00:00', '3898.05', '2019-07-28 00:00:00'),
('R2WXKMHKPXO142205', 'four-wheel drive; ', 'COOPER', 2007, 'Fair', 19407, NULL, 70, NULL, NULL, '4955.32', '2019-06-25 00:00:00'),
('R5CKHASBUY3271404', 'hatchback; ', '550I XDRIVE', 2012, 'Very Good', 5068, NULL, 85, NULL, NULL, '2724.83', '2019-01-14 00:00:00'),
('RIZTDYYGYS8802889', 'crumple zones; ', 'S60', 2004, 'Very Good', 113196, NULL, 143, NULL, NULL, '4469.46', '2019-01-19 00:00:00'),
('RKZ4SH0SHZI670624', 'best radiator; ', 'ATS', 2015, 'Good', 43284, 143, 103, '2728.96', '2019-06-28 00:00:00', '1988.50', '2018-12-31 00:00:00'),
('RM7H44T3Y51383174', 'best radiator; ', 'DB9', 2009, 'Very Good', 8112, NULL, 148, NULL, NULL, '5436.64', '2019-03-27 00:00:00'),
('RQUC5JRABDA463084', 'drum brake; ', 'COUPE', 2005, 'Very Good', 233080, 163, 30, '6859.96', '2019-06-21 00:00:00', '5487.97', '2019-06-13 00:00:00'),
('RY17GJBS8P0724570', 'great engine; ', 'CAMIONES', 2005, 'Good', 197020, NULL, 54, NULL, NULL, '2690.89', '2019-04-02 00:00:00'),
('S125FSF82QY167812', 'great stabilizer bar; ', 'GRANSPORT', 2007, 'Good', 45660, 151, 25, '6137.59', '2019-08-20 00:00:00', '4220.12', '2019-08-13 00:00:00'),
('S2HCFMZWQJY869785', '', 'SENTRA', 2010, 'Excellent', 57136, 80, 92, '2348.50', '2019-08-27 00:00:00', '1878.80', '2019-06-23 00:00:00'),
('S4JI8BAZK6A762603', 'unibody construction; pickup; automatic torque converter; ', '612 SCAGLIETTI', 2011, 'Good', 9535, 96, 60, '3656.65', '2019-05-09 00:00:00', '2885.59', '2018-08-04 00:00:00'),
('S8IG7CS13D3171231', 'engine displacement; ', 'MURCIELAGO', 2004, 'Fair', 88899, 67, 145, '3244.00', '2018-07-26 00:00:00', '2457.79', '2018-07-20 00:00:00'),
('SB0II3RK4J8108311', '', 'EX35', 2012, 'Very Good', 37563, 110, 108, '5439.99', '2019-06-13 00:00:00', '4121.79', '2019-03-06 00:00:00'),
('SYZI0ZHYVNY547468', '', 'TJ', 2005, 'Very Good', 8181, 67, 1, '2831.81', '2019-07-02 00:00:00', '2211.76', '2019-03-04 00:00:00'),
('T2QRUXJS5OY889240', 'small spark plug gap; ', 'SPIDER', 2008, 'Excellent', 105800, NULL, 72, NULL, NULL, '3760.67', '2018-07-07 00:00:00'),
('T8VKW8BVR4S799169', 'manual transmission; ', 'COOPER', 2002, 'Good', 85488, 166, 115, '6921.86', '2018-09-22 00:00:00', '4955.32', '2018-07-27 00:00:00'),
('TD41PRPBYNQ799837', 'air filtration system; super new ignition system; ', 'REGAL', 2002, 'Very Good', 1976, NULL, 39, NULL, NULL, '3562.79', '2019-08-07 00:00:00'),
('TEMYOH4852J438131', 'overdrive; ', 'ORLANDO', 2017, 'Fair', 54370, NULL, 57, NULL, NULL, '2839.83', '2018-10-24 00:00:00'),
('TZH8DUDP40V550854', 'best oil pump; ', 'EXPRESS 2500', 2010, 'Excellent', 21510, NULL, 192, NULL, NULL, '1441.19', '2018-12-22 00:00:00'),
('U0IW6RMXF3E643006', 'automatic safety features; minivan; ', 'ROADSTER', 2008, 'Very Good', 36054, 11, 177, '6248.49', '2019-03-22 00:00:00', '4647.22', '2019-02-12 00:00:00'),
('U18BDQFC4ZV145556', 'great rpms; ', 'PATRIOT', 2010, 'Very Good', 62148, 120, 145, '1656.41', '2019-08-13 00:00:00', '1182.72', '2019-08-09 00:00:00'),
('UDI7LAGS7QL483060', 'good gear; small spark plug gap; front axle assembly; ', 'PACIFICA', 2007, 'Very Good', 10621, 96, 171, '7054.51', '2019-05-03 00:00:00', '5049.57', '2019-02-03 00:00:00'),
('UE0HIIE583S680065', 'no backfire/backfiring; ', 'MP4-12C', 2012, 'Very Good', 9426, 101, 110, '3380.89', '2019-08-29 00:00:00', '2618.17', '2019-08-27 00:00:00'),
('UFU8XLWSHBR469828', 'high quality carburetor; ', 'RAM PICKUP', 2013, 'Excellent', 40380, 117, 22, '1800.68', '2019-06-21 00:00:00', '1287.58', '2019-06-14 00:00:00'),
('UHTZCO50NI6402584', 'modern dashboard; ', '4C', 2019, 'Good', 30435, 54, 150, '10274.21', '2019-05-12 00:00:00', '7537.36', '2018-09-03 00:00:00'),
('UP0JDPVZOV5301907', '', 'SONATA', 2015, 'Excellent', 35889, NULL, 168, NULL, NULL, '3853.02', '2019-06-13 00:00:00'),
('UQHSQ06Y242436882', '', 'S5', 2009, 'Good', 94428, NULL, 38, NULL, NULL, '1506.42', '2018-08-11 00:00:00'),
('UUWQM04TSAR411514', 'crankcase; high torque; high volume cylinder; ', 'X-TRAIL', 2002, 'Excellent', 12260, 29, 109, '2663.47', '2019-07-20 00:00:00', '1982.29', '2019-04-06 00:00:00'),
('UVZX51MOHHZ350304', 'supernew catalytic converter; ', 'ENCLAVE', 2013, 'Fair', 72048, NULL, 176, NULL, NULL, '2330.68', '2019-06-24 00:00:00'),
('UY0J2ZE2WC4929234', 'autotachometer; ', 'X', 2017, 'Fair', 16536, NULL, 80, NULL, NULL, '6040.10', '2018-09-14 00:00:00'),
('V0CS6FK0F2L619952', 'engine displacement; ', 'VIPER', 2006, 'Fair', 42216, 167, 91, '1517.75', '2019-06-28 00:00:00', '1186.61', '2019-05-23 00:00:00'),
('V0Y7R3VOND6385099', 'modern dashboard; ', 'FE180', 2011, 'Very Good', 178276, 13, 121, '4392.06', '2019-07-15 00:00:00', '3305.27', '2019-05-01 00:00:00'),
('V4JVFR4YRS7140562', 'best suspension; ', 'TOWN CAR', 2011, 'Fair', 4266, NULL, 76, NULL, NULL, '7961.91', '2019-04-03 00:00:00'),
('V8TT1Z53XJ3351609', 'air filtration system; ', 'M35', 2008, 'Excellent', 76890, 61, 129, '3784.69', '2019-08-25 00:00:00', '2965.80', '2019-08-24 00:00:00'),
('VBBOZZ22420324583', 'front axle assembly; ', 'ROADSTER', 2009, 'Fair', 52332, NULL, 40, NULL, NULL, '4647.22', '2019-02-21 00:00:00'),
('VFRZ3NRGP3T720592', 'automatic safety features; very hard struts; manual transmission; ', 'CONTINENTAL', 2005, 'Fair', 19460, 130, 25, '1459.04', '2019-07-29 00:00:00', '1095.09', '2019-05-19 00:00:00'),
('VGDTPF85FW3798103', 'good gear; no understeer; active safety features; ', 'X', 2019, 'Excellent', 38388, 18, 193, '3218.99', '2018-12-12 00:00:00', '2243.06', '2018-07-06 00:00:00'),
('VLB5X8345HA615648', 'wide chassis; ', 'B200', 2010, 'Fair', 18536, NULL, 135, NULL, NULL, '2259.09', '2018-11-20 00:00:00'),
('VP0U4FNOL1Q272112', 'manual transmission; ', 'FJ CRUISER', 2009, 'Fair', 84541, 145, 189, '6819.93', '2019-03-23 00:00:00', '4421.11', '2019-01-13 00:00:00'),
('VX5ONWMXOWC092241', 'good piston; ', 'A3 QUATTRO', 2009, 'Very Good', 70320, 98, 126, '5884.88', '2019-08-29 00:00:00', '4666.84', '2019-06-13 00:00:00'),
('VYTVYSIRWI8110696', 'crumple zones; ', 'ESCALADE', 2005, 'Excellent', 7868, NULL, 28, NULL, NULL, '2155.07', '2019-06-09 00:00:00'),
('W0568WGO5WJ438874', 'good piston; ', 'CL63 AMG', 2017, 'Good', 27420, NULL, 159, NULL, NULL, '2931.97', '2019-04-01 00:00:00'),
('W0VVANUKDUY874182', 'all passive safety features; no backfire/backfiring; innovative air bags; ', 'V40', 2001, 'Excellent', 125820, 148, 37, '4642.94', '2019-07-27 00:00:00', '3523.87', '2019-05-11 00:00:00'),
('W237VB7JQCR328314', 'active safety features; anti-lock brake system (ABS); ', 'FORFOUR', 2006, 'Fair', 100219, 53, 18, '2660.03', '2018-09-09 00:00:00', '1833.76', '2018-07-24 00:00:00'),
('W65LU27EIAI574094', 'very hard struts; ', 'GRAND CHEROKEE', 2017, 'Very Good', 107920, 83, 35, '6503.32', '2019-08-16 00:00:00', '4634.14', '2018-09-08 00:00:00'),
('W7BJ0WMT3F1988589', 'supernew catalytic converter; ', 'MURCIELAGO', 2002, 'Fair', 135852, 194, 170, '3600.04', '2019-06-27 00:00:00', '2457.79', '2018-09-21 00:00:00'),
('X3SCPDYFXR1281696', 'Automotive Service Excellence (ASE); high block; ', 'M6', 2006, 'Very Good', 96192, 53, 83, '2410.24', '2019-06-12 00:00:00', '1853.54', '2018-09-17 00:00:00'),
('X6PGCLX142L353015', 'four-wheel drive; ', 'V8 VANTAGE', 2011, 'Excellent', 216618, 118, 172, '2553.64', '2019-07-27 00:00:00', '1801.88', '2019-03-10 00:00:00'),
('XJZQEGWAV7Q033418', '', 'VERANO', 2014, 'Good', 21000, 192, 131, '1920.48', '2018-11-19 00:00:00', '1303.79', '2018-11-11 00:00:00'),
('XNXLS5I71MA658964', 'automatic torque converter; sturdy side impact beams; manual transmission; ', 'COOPER', 2009, 'Excellent', 14730, 104, 55, '6430.91', '2018-11-01 00:00:00', '4955.32', '2018-10-22 00:00:00'),
('XVHDHEYM76N276701', 'best radiator; ', 'VANQUISH', 2005, 'Fair', 131942, 49, 25, '4776.62', '2019-07-05 00:00:00', '3652.23', '2019-03-29 00:00:00'),
('XX30JUKVDJS500158', 'superturbocharger; ', 'XG350', 2005, 'Fair', 17481, 158, 125, '5680.91', '2019-02-11 00:00:00', '4544.73', '2018-08-03 00:00:00'),
('XZ0NAXD65PB590052', 'automatic safety features; can be used as sports car; high volume cylinder; ', 'FE125', 2011, 'Excellent', 10216, 130, 41, '4297.77', '2019-08-16 00:00:00', '3381.38', '2018-11-12 00:00:00'),
('XZ0ZPNB3K0B900136', 'electronic transmission; ', 'SC430', 2004, 'Very Good', 12574, 73, 165, '4026.11', '2019-06-30 00:00:00', '3167.58', '2019-06-25 00:00:00'),
('Y1DN8H2LGE6552424', 'automatic torque converter; ', 'ALBEA', 2009, 'Excellent', 26852, 89, 54, '3716.89', '2019-08-07 00:00:00', '2800.91', '2019-07-17 00:00:00'),
('Y7PCLTMP75Q590198', '', 'SIERRA 1500', 2013, 'Excellent', 150480, 12, 109, '5436.58', '2019-06-06 00:00:00', '4349.26', '2018-10-14 00:00:00'),
('YB15CELIOAD030337', '', 'ESPRIT', 2001, 'Good', 75915, 179, 22, '2509.30', '2019-08-29 00:00:00', '1799.39', '2019-06-27 00:00:00'),
('YCFLSZ2LT1K972631', 'no understeer; check the Monroney sticker - theer is nothing better than this vehicle; ', 'TERRAIN', 2019, 'Excellent', 65670, NULL, 38, NULL, NULL, '2426.04', '2018-07-18 00:00:00'),
('YHFU6N5VAEV603765', 'unibody construction; ', 'LIBERTY', 2013, 'Fair', 13178, 191, 30, '2918.39', '2018-12-06 00:00:00', '2334.71', '2018-11-13 00:00:00'),
('YKDLFUYBDYA762942', 'innovative air bags; check the Monroney sticker - theer is nothing better than this vehicle; ', 'Q3', 2017, 'Fair', 38194, 199, 172, '4468.89', '2019-07-25 00:00:00', '3392.37', '2019-01-23 00:00:00'),
('YOIOCT8QVK8729970', 'wide chassis; ', 'SPRINTER 2500', 2008, 'Excellent', 86055, 140, 17, '1770.62', '2019-08-23 00:00:00', '1248.45', '2019-06-30 00:00:00'),
('YQPUSK3G3TY698091', 'good piston; ', 'OPTRA', 2009, 'Good', 27891, 118, 144, '8644.62', '2019-07-18 00:00:00', '6718.87', '2019-05-04 00:00:00'),
('YRAKHFEO0D1858938', '', 'EXPLORER', 2004, 'Good', 53928, 14, 1, '4977.10', '2019-07-24 00:00:00', '3755.61', '2019-05-17 00:00:00'),
('YT768PDJ0NU591276', 'station wagon (Also known as wagon.); anti-lock brake system (ABS); innovative air bags; ', 'C240', 2005, 'Fair', 2401, 72, 46, '7661.70', '2019-05-25 00:00:00', '6050.75', '2018-10-23 00:00:00'),
('YUSPPHQSZAJ981823', 'innovative air bags; coupe; very hard struts; ', 'LS460', 2017, 'Very Good', 188935, NULL, 100, NULL, NULL, '3886.45', '2019-05-31 00:00:00'),
('Z7SSR7QXU3H868079', 'all passive safety features; ', 'Q45', 2001, 'Fair', 44136, 147, 173, '7985.32', '2019-07-12 00:00:00', '6344.39', '2019-04-27 00:00:00'),
('ZHWDPEKYMVO700411', 'station wagon (Also known as wagon.); ', 'CAYENNE', 2017, 'Excellent', 7596, 96, 156, '21521.74', '2019-06-13 00:00:00', '15321.18', '2019-03-18 00:00:00'),
('ZIOUZCIZ0X5709697', 'unibody construction; ', 'PROMASTER CITY', 2015, 'Good', 88236, 125, 172, '2571.63', '2019-03-09 00:00:00', '1884.46', '2018-12-23 00:00:00'),
('ZWW7VOTXOEE355574', 'oversteer; ', 'V40', 2003, 'Very Good', 33664, 101, 52, '4774.88', '2019-04-26 00:00:00', '3523.87', '2019-02-22 00:00:00'),
('ZXLGMAQXH21862670', 'high quality carburetor; coupe; high block; ', 'LUPO', 2009, 'Excellent', 4560, NULL, 150, NULL, NULL, '7000.84', '2019-01-09 00:00:00'),
('ZYJSI0PV1BK763098', 'high block; ', 'MITO', 2017, 'Good', 5486, NULL, 191, NULL, NULL, '13990.71', '2018-11-10 00:00:00');

-- --------------------------------------------------------

--
-- Table structure for table `Vehicle_Type`
--

CREATE TABLE `Vehicle_Type` (
  `vehicle_type_name` varchar(40) NOT NULL
) ENGINE=InnoDB DEFAULT CHARSET=utf8mb4;

--
-- Dumping data for table `Vehicle_Type`
--

INSERT INTO `Vehicle_Type` (`vehicle_type_name`) VALUES
('Convertible'),
('Coupe'),
('Minivan'),
('Other'),
('Sedan'),
('SUV'),
('Truck'),
('Van');

-- --------------------------------------------------------

--
-- Table structure for table `Vendor`
--

CREATE TABLE `Vendor` (
  `vendor_name` varchar(100) NOT NULL,
  `phone_number` varchar(15) NOT NULL,
  `street` varchar(125) NOT NULL,
  `city` varchar(50) NOT NULL,
  `state` varchar(30) NOT NULL,
  `postal_code` varchar(10) NOT NULL
) ENGINE=InnoDB DEFAULT CHARSET=utf8mb4;

--
-- Dumping data for table `Vendor`
--

INSERT INTO `Vendor` (`vendor_name`, `phone_number`, `street`, `city`, `state`, `postal_code`) VALUES
('Bioplex', '2276796333', '4901 11-street', 'Greensboro', 'NJ', '41012'),
('Doncon', '2945435332', '6082 9-street', 'Dallas', 'TX', '9867'),
('Finhigh', '1864213500', '3314 21-street', 'Long Beach', 'MO', '81066'),
('Groovestreet', '7658923101', '5272 14-street', 'Baton Rouge', 'TX', '4027'),
('Hottechi', '1989685697', '6233 20-street', 'Baltimore', 'OK', '59235'),
('Kinnamplus', '1176336436', '1075 18-street', 'Glendale', 'TX', '71869'),
('Mathtouch', '4514153960', '5363 12-street', 'New York', 'NY', '44946'),
('Ontomedia', '3658237237', '3601 13-street', 'Newark', 'TX', '599'),
('Openlane', '1127391145', '9100 9-street', 'Louisville/Jefferson County', 'OR', '95427'),
('Opentech', '9871711913', '8683 18-street', 'Tulsa', 'OH', '91024'),
('Plusstrip', '8300711700', '3817 4-street', 'Bakersfield', 'FL', '67566'),
('Rangreen', '1138275244', '1873 13-street', 'Houston', 'TX', '15701'),
('Singletechno', '1357511445', '9374 15-street', 'Phoenix', 'AZ', '12791'),
('Statholdings', '2299050873', '4853 13-street', 'Norfolk', 'NC', '30149'),
('Sumace', '7411801837', '460 11-street', 'Atlanta', 'CO', '97355'),
('Sunnamplex', '4613201963', '9813 6-street', 'Kansas City', 'AZ', '93228'),
('Xx-zobam', '5415564148', '8308 18-street', 'Columbus', 'OH', '85996'),
('Zathunicon', '6251708255', '4394 15-street', 'Albuquerque', 'AZ', '77152'),
('Zoomit', '6970339027', '8307 20-street', 'Baltimore', 'OK', '7533'),
('Zumgoity', '9262072988', '3162 1-street', 'San Antonio', 'TX', '68729');

--
-- Indexes for dumped tables
--

--
-- Indexes for table `Business_Customer`
--
ALTER TABLE `Business_Customer`
  ADD PRIMARY KEY (`tax_identification_number`),
  ADD UNIQUE KEY `customer` (`customer_id`);

--
-- Indexes for table `Checked_In_By`
--
ALTER TABLE `Checked_In_By`
  ADD PRIMARY KEY (`inventory_staff_id`,`vin`),
  ADD KEY `fk_checked_in_by_vehicle` (`vin`);

--
-- Indexes for table `Color`
--
ALTER TABLE `Color`
  ADD PRIMARY KEY (`vehicle_color`);

--
-- Indexes for table `Customer`
--
ALTER TABLE `Customer`
  ADD PRIMARY KEY (`customer_id`),
  ADD UNIQUE KEY `phone_number` (`phone_number`);

--
-- Indexes for table `Has_Color`
--
ALTER TABLE `Has_Color`
  ADD PRIMARY KEY (`vehicle_color`,`vin`),
  ADD KEY `fk_vehicle_color_vehicle` (`vin`);

--
-- Indexes for table `Has_Type`
--
ALTER TABLE `Has_Type`
  ADD UNIQUE KEY `vin` (`vin`),
  ADD KEY `fk_venhicle_type_vehicle_type_lookup` (`vehicle_type_name`);

--
-- Indexes for table `Individual_Person_Customer`
--
ALTER TABLE `Individual_Person_Customer`
  ADD PRIMARY KEY (`drivers_license_number`),
  ADD UNIQUE KEY `customer` (`customer_id`);

--
-- Indexes for table `Inventory_Clerk`
--
ALTER TABLE `Inventory_Clerk`
  ADD PRIMARY KEY (`username`),
  ADD UNIQUE KEY `inventory_staff_id` (`inventory_staff_id`);

--
-- Indexes for table `Inventory_Management_Staff`
--
ALTER TABLE `Inventory_Management_Staff`
  ADD PRIMARY KEY (`inventory_staff_id`);

--
-- Indexes for table `Loan`
--
ALTER TABLE `Loan`
  ADD PRIMARY KEY (`vin`),
  ADD KEY `fk_loan_customer` (`customer_id`);

--
-- Indexes for table `Manager`
--
ALTER TABLE `Manager`
  ADD PRIMARY KEY (`username`);

--
-- Indexes for table `Manufacturer`
--
ALTER TABLE `Manufacturer`
  ADD PRIMARY KEY (`manufacturer_name`);

--
-- Indexes for table `Manufacturered_By`
--
ALTER TABLE `Manufacturered_By`
  ADD UNIQUE KEY `vin` (`vin`),
  ADD KEY `fk_manufacturer_manufacturer_lookup` (`manufacturer_name`);

--
-- Indexes for table `Owner`
--
ALTER TABLE `Owner`
  ADD PRIMARY KEY (`username`),
  ADD UNIQUE KEY `sales_staff_id` (`sales_staff_id`),
  ADD UNIQUE KEY `inventory_staff_id` (`inventory_staff_id`);

--
-- Indexes for table `Parts`
--
ALTER TABLE `Parts`
  ADD PRIMARY KEY (`vin`,`burdells_purchase_order_number`,`part_number`);

--
-- Indexes for table `Parts_Order`
--
ALTER TABLE `Parts_Order`
  ADD PRIMARY KEY (`vin`,`burdells_purchase_order_number`),
  ADD KEY `fk_parts_order_vendor` (`vendor_name`);

--
-- Indexes for table `Salesperson`
--
ALTER TABLE `Salesperson`
  ADD PRIMARY KEY (`username`),
  ADD UNIQUE KEY `sales_staff_id` (`sales_staff_id`);

--
-- Indexes for table `Sales_Management_Staff`
--
ALTER TABLE `Sales_Management_Staff`
  ADD PRIMARY KEY (`sales_staff_id`);

--
-- Indexes for table `Sold_By`
--
ALTER TABLE `Sold_By`
  ADD PRIMARY KEY (`sales_staff_id`,`vin`),
  ADD KEY `fk_sold_by_vehicle` (`vin`);

--
-- Indexes for table `Vehicle`
--
ALTER TABLE `Vehicle`
  ADD PRIMARY KEY (`vin`),
  ADD KEY `fk_vehicle_buyer_customer_id_customer_customer_id` (`buyer_customer_id`),
  ADD KEY `fk_vehicle_seller_customer_id_customer_customer_id` (`seller_customer_id`);

--
-- Indexes for table `Vehicle_Type`
--
ALTER TABLE `Vehicle_Type`
  ADD PRIMARY KEY (`vehicle_type_name`);

--
-- Indexes for table `Vendor`
--
ALTER TABLE `Vendor`
  ADD PRIMARY KEY (`vendor_name`);

--
-- AUTO_INCREMENT for dumped tables
--

--
-- AUTO_INCREMENT for table `Customer`
--
ALTER TABLE `Customer`
  MODIFY `customer_id` int(30) UNSIGNED NOT NULL AUTO_INCREMENT, AUTO_INCREMENT=201;

--
-- AUTO_INCREMENT for table `Inventory_Management_Staff`
--
ALTER TABLE `Inventory_Management_Staff`
  MODIFY `inventory_staff_id` int(5) UNSIGNED NOT NULL AUTO_INCREMENT, AUTO_INCREMENT=14;

--
-- AUTO_INCREMENT for table `Sales_Management_Staff`
--
ALTER TABLE `Sales_Management_Staff`
  MODIFY `sales_staff_id` int(5) UNSIGNED NOT NULL AUTO_INCREMENT, AUTO_INCREMENT=12;

--
-- Constraints for dumped tables
--

--
-- Constraints for table `Business_Customer`
--
ALTER TABLE `Business_Customer`
  ADD CONSTRAINT `fk_business_customer_customer` FOREIGN KEY (`customer_id`) REFERENCES `Customer` (`customer_id`);

--
-- Constraints for table `Checked_In_By`
--
ALTER TABLE `Checked_In_By`
  ADD CONSTRAINT `fk_checked_in_by_inventory_management_staff` FOREIGN KEY (`inventory_staff_id`) REFERENCES `Inventory_Management_Staff` (`inventory_staff_id`),
  ADD CONSTRAINT `fk_checked_in_by_vehicle` FOREIGN KEY (`vin`) REFERENCES `Vehicle` (`vin`);

--
-- Constraints for table `Has_Color`
--
ALTER TABLE `Has_Color`
  ADD CONSTRAINT `fk_vehicle_color_vehicle` FOREIGN KEY (`vin`) REFERENCES `Vehicle` (`vin`),
  ADD CONSTRAINT `fk_vehicle_color_vehicle_color_lookup` FOREIGN KEY (`vehicle_color`) REFERENCES `Color` (`vehicle_color`);

--
-- Constraints for table `Has_Type`
--
ALTER TABLE `Has_Type`
  ADD CONSTRAINT `fk_venhicle_type_vehicle` FOREIGN KEY (`vin`) REFERENCES `Vehicle` (`vin`),
  ADD CONSTRAINT `fk_venhicle_type_vehicle_type_lookup` FOREIGN KEY (`vehicle_type_name`) REFERENCES `Vehicle_Type` (`vehicle_type_name`);

--
-- Constraints for table `Individual_Person_Customer`
--
ALTER TABLE `Individual_Person_Customer`
  ADD CONSTRAINT `fk_individual_person_customer_customer` FOREIGN KEY (`customer_id`) REFERENCES `Customer` (`customer_id`);

--
-- Constraints for table `Inventory_Clerk`
--
ALTER TABLE `Inventory_Clerk`
  ADD CONSTRAINT `fk_inventory_clerk_inventory_management_staff` FOREIGN KEY (`inventory_staff_id`) REFERENCES `Inventory_Management_Staff` (`inventory_staff_id`);

--
-- Constraints for table `Loan`
--
ALTER TABLE `Loan`
  ADD CONSTRAINT `fk_loan_customer` FOREIGN KEY (`customer_id`) REFERENCES `Customer` (`customer_id`),
  ADD CONSTRAINT `fk_loan_vehicle` FOREIGN KEY (`vin`) REFERENCES `Vehicle` (`vin`);

--
-- Constraints for table `Manufacturered_By`
--
ALTER TABLE `Manufacturered_By`
  ADD CONSTRAINT `fk_manufacturer_manufacturer_lookup` FOREIGN KEY (`manufacturer_name`) REFERENCES `Manufacturer` (`manufacturer_name`),
  ADD CONSTRAINT `fk_manufacturer_vehicle` FOREIGN KEY (`vin`) REFERENCES `Vehicle` (`vin`);

--
-- Constraints for table `Owner`
--
ALTER TABLE `Owner`
  ADD CONSTRAINT `fk_owner_inventory_management_staff` FOREIGN KEY (`inventory_staff_id`) REFERENCES `Inventory_Management_Staff` (`inventory_staff_id`),
  ADD CONSTRAINT `fk_owner_sales_management_staff` FOREIGN KEY (`sales_staff_id`) REFERENCES `Sales_Management_Staff` (`sales_staff_id`);

--
-- Constraints for table `Parts`
--
ALTER TABLE `Parts`
  ADD CONSTRAINT `fk_parts_parts_order` FOREIGN KEY (`vin`,`burdells_purchase_order_number`) REFERENCES `Parts_Order` (`vin`, `burdells_purchase_order_number`);

--
-- Constraints for table `Parts_Order`
--
ALTER TABLE `Parts_Order`
  ADD CONSTRAINT `fk_parts_order_vehicle` FOREIGN KEY (`vin`) REFERENCES `Vehicle` (`vin`),
  ADD CONSTRAINT `fk_parts_order_vendor` FOREIGN KEY (`vendor_name`) REFERENCES `Vendor` (`vendor_name`);

--
-- Constraints for table `Salesperson`
--
ALTER TABLE `Salesperson`
  ADD CONSTRAINT `fk_salesperson_sales_management_staff` FOREIGN KEY (`sales_staff_id`) REFERENCES `Sales_Management_Staff` (`sales_staff_id`);

--
-- Constraints for table `Sold_By`
--
ALTER TABLE `Sold_By`
  ADD CONSTRAINT `fk_sold_by_sales_management_staff` FOREIGN KEY (`sales_staff_id`) REFERENCES `Sales_Management_Staff` (`sales_staff_id`),
  ADD CONSTRAINT `fk_sold_by_vehicle` FOREIGN KEY (`vin`) REFERENCES `Vehicle` (`vin`);

--
-- Constraints for table `Vehicle`
--
ALTER TABLE `Vehicle`
  ADD CONSTRAINT `fk_vehicle_buyer_customer_id_customer_customer_id` FOREIGN KEY (`buyer_customer_id`) REFERENCES `Customer` (`customer_id`),
  ADD CONSTRAINT `fk_vehicle_seller_customer_id_customer_customer_id` FOREIGN KEY (`seller_customer_id`) REFERENCES `Customer` (`customer_id`);
COMMIT;

/*!40101 SET CHARACTER_SET_CLIENT=@OLD_CHARACTER_SET_CLIENT */;
/*!40101 SET CHARACTER_SET_RESULTS=@OLD_CHARACTER_SET_RESULTS */;
/*!40101 SET COLLATION_CONNECTION=@OLD_COLLATION_CONNECTION */;
